split_id,split_name,days_per_week,experience_tier,goal_variant,representative_goal,goals_covered,day_index,day_id,day_name,exercise_index,exercise_name,muscle_group_label,pattern_key,muscles_trained,sets,reps,rest,equipment_required
full_body_2x,Full Body 2×/week,2,beginner,1 of 4,muscle,muscle | maintain | default | recomp | cut_strength | cut_endurance | powerbuilding | hybrid_muscle | hybrid_strength | powerbuilding_cut | athletic_recomp | athletic_cut | athletic_bulk,0,full_body_a,Full Body A,0,Barbell back squat,Quads — Squat Pattern,squat_pattern,"Quads, Glutes, Hamstrings",3,10–15,90 sec,barbell
full_body_2x,Full Body 2×/week,2,beginner,1 of 4,muscle,muscle | maintain | default | recomp | cut_strength | cut_endurance | powerbuilding | hybrid_muscle | hybrid_strength | powerbuilding_cut | athletic_recomp | athletic_cut | athletic_bulk,0,full_body_a,Full Body A,1,Barbell bench press,Chest — Horizontal Push,chest_horizontal_push,"Chest, Shoulders, Triceps",3,10–15,90 sec,barbell
full_body_2x,Full Body 2×/week,2,beginner,1 of 4,muscle,muscle | maintain | default | recomp | cut_strength | cut_endurance | powerbuilding | hybrid_muscle | hybrid_strength | powerbuilding_cut | athletic_recomp | athletic_cut | athletic_bulk,0,full_body_a,Full Body A,2,Barbell row,Back — Horizontal Pull (Back Thickness + Inner Back),back_horizontal_pull,"Lats, Rhomboids, Mid-traps, Rear delts, Biceps",3,10–15,90 sec,barbell
full_body_2x,Full Body 2×/week,2,beginner,1 of 4,muscle,muscle | maintain | default | recomp | cut_strength | cut_endurance | powerbuilding | hybrid_muscle | hybrid_strength | powerbuilding_cut | athletic_recomp | athletic_cut | athletic_bulk,0,full_body_a,Full Body A,3,Cable row (wide grip / flared elbows),Back — Inner Back / Rhomboids,back_inner,"Rhomboids, Mid-traps, Rear delts",3,10–15,60 sec,cables
full_body_2x,Full Body 2×/week,2,beginner,1 of 4,muscle,muscle | maintain | default | recomp | cut_strength | cut_endurance | powerbuilding | hybrid_muscle | hybrid_strength | powerbuilding_cut | athletic_recomp | athletic_cut | athletic_bulk,0,full_body_a,Full Body A,4,Cable lateral raise,Shoulders — Side Delt Isolation,shoulders_side_delt,Side deltoids,5,12–20,60 sec,cables
full_body_2x,Full Body 2×/week,2,beginner,1 of 4,muscle,muscle | maintain | default | recomp | cut_strength | cut_endurance | powerbuilding | hybrid_muscle | hybrid_strength | powerbuilding_cut | athletic_recomp | athletic_cut | athletic_bulk,0,full_body_a,Full Body A,5,Overhead tricep extension,Triceps,triceps,Triceps,3,12–15,60 sec,cables
full_body_2x,Full Body 2×/week,2,beginner,1 of 4,muscle,muscle | maintain | default | recomp | cut_strength | cut_endurance | powerbuilding | hybrid_muscle | hybrid_strength | powerbuilding_cut | athletic_recomp | athletic_cut | athletic_bulk,0,full_body_a,Full Body A,6,Standing calf raise,Calves,calves,"Gastrocnemius, Soleus",2,10–15,60 sec,machines
full_body_2x,Full Body 2×/week,2,beginner,1 of 4,muscle,muscle | maintain | default | recomp | cut_strength | cut_endurance | powerbuilding | hybrid_muscle | hybrid_strength | powerbuilding_cut | athletic_recomp | athletic_cut | athletic_bulk,0,full_body_a,Full Body A,7,Walking lunge (long stride),Glutes — Compound and Isolation,glute_focused,"Glutes, Glute medius, Adductors",3,10–15,60 sec,bodyweight+dumbbells
full_body_2x,Full Body 2×/week,2,beginner,1 of 4,muscle,muscle | maintain | default | recomp | cut_strength | cut_endurance | powerbuilding | hybrid_muscle | hybrid_strength | powerbuilding_cut | athletic_recomp | athletic_cut | athletic_bulk,0,full_body_a,Full Body A,8,Romanian deadlift (barbell),Hamstrings and Glutes — Hip Hinge,hip_hinge,"Hamstrings, Glutes, Lower back",3,10–15,90 sec,barbell
full_body_2x,Full Body 2×/week,2,beginner,1 of 4,muscle,muscle | maintain | default | recomp | cut_strength | cut_endurance | powerbuilding | hybrid_muscle | hybrid_strength | powerbuilding_cut | athletic_recomp | athletic_cut | athletic_bulk,1,full_body_b,Full Body B,0,45° leg press,Quads — Squat Pattern,squat_pattern,"Quads, Glutes, Hamstrings",3,10–15,90 sec,machines
full_body_2x,Full Body 2×/week,2,beginner,1 of 4,muscle,muscle | maintain | default | recomp | cut_strength | cut_endurance | powerbuilding | hybrid_muscle | hybrid_strength | powerbuilding_cut | athletic_recomp | athletic_cut | athletic_bulk,1,full_body_b,Full Body B,1,Romanian deadlift (barbell),Hamstrings and Glutes — Hip Hinge,hip_hinge,"Hamstrings, Glutes, Lower back",2,10–15,90 sec,barbell
full_body_2x,Full Body 2×/week,2,beginner,1 of 4,muscle,muscle | maintain | default | recomp | cut_strength | cut_endurance | powerbuilding | hybrid_muscle | hybrid_strength | powerbuilding_cut | athletic_recomp | athletic_cut | athletic_bulk,1,full_body_b,Full Body B,2,Incline barbell press,Chest — Incline Push (Upper Chest),chest_incline_push,"Upper chest, Shoulders, Triceps",3,10–15,90 sec,barbell
full_body_2x,Full Body 2×/week,2,beginner,1 of 4,muscle,muscle | maintain | default | recomp | cut_strength | cut_endurance | powerbuilding | hybrid_muscle | hybrid_strength | powerbuilding_cut | athletic_recomp | athletic_cut | athletic_bulk,1,full_body_b,Full Body B,3,Pull-up (overhand),Back — Vertical Pull (Lat Width),back_vertical_pull,"Lats, Biceps, Rear delts",2,6–10,90 sec,pullup_bar
full_body_2x,Full Body 2×/week,2,beginner,1 of 4,muscle,muscle | maintain | default | recomp | cut_strength | cut_endurance | powerbuilding | hybrid_muscle | hybrid_strength | powerbuilding_cut | athletic_recomp | athletic_cut | athletic_bulk,1,full_body_b,Full Body B,4,Barbell overhead press,Shoulders — Vertical Push,shoulders_vertical_push,"Shoulders, Triceps, Upper chest",3,10–15,90 sec,barbell
full_body_2x,Full Body 2×/week,2,beginner,1 of 4,muscle,muscle | maintain | default | recomp | cut_strength | cut_endurance | powerbuilding | hybrid_muscle | hybrid_strength | powerbuilding_cut | athletic_recomp | athletic_cut | athletic_bulk,1,full_body_b,Full Body B,5,Face pull (cable),Rear Delt and Upper Back,rear_delt,"Rear deltoids, External rotators, Upper traps",4,15–20,60 sec,cables
full_body_2x,Full Body 2×/week,2,beginner,1 of 4,muscle,muscle | maintain | default | recomp | cut_strength | cut_endurance | powerbuilding | hybrid_muscle | hybrid_strength | powerbuilding_cut | athletic_recomp | athletic_cut | athletic_bulk,1,full_body_b,Full Body B,6,Bayesian cable curl,Biceps,biceps,"Biceps, Brachialis",3,12–15,60 sec,cables
full_body_2x,Full Body 2×/week,2,beginner,1 of 4,muscle,muscle | maintain | default | recomp | cut_strength | cut_endurance | powerbuilding | hybrid_muscle | hybrid_strength | powerbuilding_cut | athletic_recomp | athletic_cut | athletic_bulk,1,full_body_b,Full Body B,7,Seated calf raise,Calves,calves,"Gastrocnemius, Soleus",2,10–15,60 sec,machines
full_body_2x,Full Body 2×/week,2,beginner,1 of 4,muscle,muscle | maintain | default | recomp | cut_strength | cut_endurance | powerbuilding | hybrid_muscle | hybrid_strength | powerbuilding_cut | athletic_recomp | athletic_cut | athletic_bulk,1,full_body_b,Full Body B,8,Cable pull-through,Glutes — Compound and Isolation,glute_focused,"Glutes, Glute medius, Adductors",3,10–15,60 sec,cables
full_body_2x,Full Body 2×/week,2,beginner,2 of 4,strength,strength,0,full_body_a,Full Body A,0,Barbell back squat,Quads — Squat Pattern,squat_pattern,"Quads, Glutes, Hamstrings",3,3–6,3–5 min,barbell
full_body_2x,Full Body 2×/week,2,beginner,2 of 4,strength,strength,0,full_body_a,Full Body A,1,Barbell bench press,Chest — Horizontal Push,chest_horizontal_push,"Chest, Shoulders, Triceps",3,3–6,3–5 min,barbell
full_body_2x,Full Body 2×/week,2,beginner,2 of 4,strength,strength,0,full_body_a,Full Body A,2,Barbell row,Back — Horizontal Pull (Back Thickness + Inner Back),back_horizontal_pull,"Lats, Rhomboids, Mid-traps, Rear delts, Biceps",4,3–6,3–5 min,barbell
full_body_2x,Full Body 2×/week,2,beginner,2 of 4,strength,strength,0,full_body_a,Full Body A,3,Cable row (wide grip / flared elbows),Back — Inner Back / Rhomboids,back_inner,"Rhomboids, Mid-traps, Rear delts",2,10–15,2 min,cables
full_body_2x,Full Body 2×/week,2,beginner,2 of 4,strength,strength,0,full_body_a,Full Body A,4,Cable lateral raise,Shoulders — Side Delt Isolation,shoulders_side_delt,Side deltoids,5,12–20,2 min,cables
full_body_2x,Full Body 2×/week,2,beginner,2 of 4,strength,strength,0,full_body_a,Full Body A,5,Overhead tricep extension,Triceps,triceps,Triceps,3,8–12,2 min,cables
full_body_2x,Full Body 2×/week,2,beginner,2 of 4,strength,strength,0,full_body_a,Full Body A,6,Standing calf raise,Calves,calves,"Gastrocnemius, Soleus",2,10–15,2 min,machines
full_body_2x,Full Body 2×/week,2,beginner,2 of 4,strength,strength,0,full_body_a,Full Body A,7,Walking lunge (long stride),Glutes — Compound and Isolation,glute_focused,"Glutes, Glute medius, Adductors",3,10–15,2 min,bodyweight+dumbbells
full_body_2x,Full Body 2×/week,2,beginner,2 of 4,strength,strength,0,full_body_a,Full Body A,8,Romanian deadlift (barbell),Hamstrings and Glutes — Hip Hinge,hip_hinge,"Hamstrings, Glutes, Lower back",3,3–6,3–5 min,barbell
full_body_2x,Full Body 2×/week,2,beginner,2 of 4,strength,strength,1,full_body_b,Full Body B,0,45° leg press,Quads — Squat Pattern,squat_pattern,"Quads, Glutes, Hamstrings",3,3–6,3–5 min,machines
full_body_2x,Full Body 2×/week,2,beginner,2 of 4,strength,strength,1,full_body_b,Full Body B,1,Romanian deadlift (barbell),Hamstrings and Glutes — Hip Hinge,hip_hinge,"Hamstrings, Glutes, Lower back",2,3–6,3–5 min,barbell
full_body_2x,Full Body 2×/week,2,beginner,2 of 4,strength,strength,1,full_body_b,Full Body B,2,Incline barbell press,Chest — Incline Push (Upper Chest),chest_incline_push,"Upper chest, Shoulders, Triceps",3,3–6,3–5 min,barbell
full_body_2x,Full Body 2×/week,2,beginner,2 of 4,strength,strength,1,full_body_b,Full Body B,3,Pull-up (overhand),Back — Vertical Pull (Lat Width),back_vertical_pull,"Lats, Biceps, Rear delts",2,6–10,3–5 min,pullup_bar
full_body_2x,Full Body 2×/week,2,beginner,2 of 4,strength,strength,1,full_body_b,Full Body B,4,Barbell overhead press,Shoulders — Vertical Push,shoulders_vertical_push,"Shoulders, Triceps, Upper chest",3,3–6,3–5 min,barbell
full_body_2x,Full Body 2×/week,2,beginner,2 of 4,strength,strength,1,full_body_b,Full Body B,5,Face pull (cable),Rear Delt and Upper Back,rear_delt,"Rear deltoids, External rotators, Upper traps",4,15–20,2 min,cables
full_body_2x,Full Body 2×/week,2,beginner,2 of 4,strength,strength,1,full_body_b,Full Body B,6,Bayesian cable curl,Biceps,biceps,"Biceps, Brachialis",3,8–12,2 min,cables
full_body_2x,Full Body 2×/week,2,beginner,2 of 4,strength,strength,1,full_body_b,Full Body B,7,Seated calf raise,Calves,calves,"Gastrocnemius, Soleus",2,10–15,2 min,machines
full_body_2x,Full Body 2×/week,2,beginner,2 of 4,strength,strength,1,full_body_b,Full Body B,8,Cable pull-through,Glutes — Compound and Isolation,glute_focused,"Glutes, Glute medius, Adductors",3,10–15,2 min,cables
full_body_2x,Full Body 2×/week,2,beginner,3 of 4,lose,lose,0,full_body_a,Full Body A,0,Barbell back squat,Quads — Squat Pattern,squat_pattern,"Quads, Glutes, Hamstrings",3,6–10,2–3 min,barbell
full_body_2x,Full Body 2×/week,2,beginner,3 of 4,lose,lose,0,full_body_a,Full Body A,1,Barbell bench press,Chest — Horizontal Push,chest_horizontal_push,"Chest, Shoulders, Triceps",3,6–10,2–3 min,barbell
full_body_2x,Full Body 2×/week,2,beginner,3 of 4,lose,lose,0,full_body_a,Full Body A,2,Barbell row,Back — Horizontal Pull (Back Thickness + Inner Back),back_horizontal_pull,"Lats, Rhomboids, Mid-traps, Rear delts, Biceps",3,6–10,2–3 min,barbell
full_body_2x,Full Body 2×/week,2,beginner,3 of 4,lose,lose,0,full_body_a,Full Body A,3,Cable row (wide grip / flared elbows),Back — Inner Back / Rhomboids,back_inner,"Rhomboids, Mid-traps, Rear delts",3,10–15,90 sec,cables
full_body_2x,Full Body 2×/week,2,beginner,3 of 4,lose,lose,0,full_body_a,Full Body A,4,Cable lateral raise,Shoulders — Side Delt Isolation,shoulders_side_delt,Side deltoids,5,12–20,90 sec,cables
full_body_2x,Full Body 2×/week,2,beginner,3 of 4,lose,lose,0,full_body_a,Full Body A,5,Overhead tricep extension,Triceps,triceps,Triceps,3,12–15,90 sec,cables
full_body_2x,Full Body 2×/week,2,beginner,3 of 4,lose,lose,0,full_body_a,Full Body A,6,Standing calf raise,Calves,calves,"Gastrocnemius, Soleus",2,10–15,90 sec,machines
full_body_2x,Full Body 2×/week,2,beginner,3 of 4,lose,lose,0,full_body_a,Full Body A,7,Walking lunge (long stride),Glutes — Compound and Isolation,glute_focused,"Glutes, Glute medius, Adductors",3,10–15,90 sec,bodyweight+dumbbells
full_body_2x,Full Body 2×/week,2,beginner,3 of 4,lose,lose,0,full_body_a,Full Body A,8,Romanian deadlift (barbell),Hamstrings and Glutes — Hip Hinge,hip_hinge,"Hamstrings, Glutes, Lower back",3,6–10,2–3 min,barbell
full_body_2x,Full Body 2×/week,2,beginner,3 of 4,lose,lose,1,full_body_b,Full Body B,0,45° leg press,Quads — Squat Pattern,squat_pattern,"Quads, Glutes, Hamstrings",3,6–10,2–3 min,machines
full_body_2x,Full Body 2×/week,2,beginner,3 of 4,lose,lose,1,full_body_b,Full Body B,1,Romanian deadlift (barbell),Hamstrings and Glutes — Hip Hinge,hip_hinge,"Hamstrings, Glutes, Lower back",2,6–10,2–3 min,barbell
full_body_2x,Full Body 2×/week,2,beginner,3 of 4,lose,lose,1,full_body_b,Full Body B,2,Incline barbell press,Chest — Incline Push (Upper Chest),chest_incline_push,"Upper chest, Shoulders, Triceps",3,6–10,2–3 min,barbell
full_body_2x,Full Body 2×/week,2,beginner,3 of 4,lose,lose,1,full_body_b,Full Body B,3,Pull-up (overhand),Back — Vertical Pull (Lat Width),back_vertical_pull,"Lats, Biceps, Rear delts",2,6–10,2–3 min,pullup_bar
full_body_2x,Full Body 2×/week,2,beginner,3 of 4,lose,lose,1,full_body_b,Full Body B,4,Barbell overhead press,Shoulders — Vertical Push,shoulders_vertical_push,"Shoulders, Triceps, Upper chest",3,6–10,2–3 min,barbell
full_body_2x,Full Body 2×/week,2,beginner,3 of 4,lose,lose,1,full_body_b,Full Body B,5,Face pull (cable),Rear Delt and Upper Back,rear_delt,"Rear deltoids, External rotators, Upper traps",4,15–20,90 sec,cables
full_body_2x,Full Body 2×/week,2,beginner,3 of 4,lose,lose,1,full_body_b,Full Body B,6,Bayesian cable curl,Biceps,biceps,"Biceps, Brachialis",3,12–15,90 sec,cables
full_body_2x,Full Body 2×/week,2,beginner,3 of 4,lose,lose,1,full_body_b,Full Body B,7,Seated calf raise,Calves,calves,"Gastrocnemius, Soleus",2,10–15,90 sec,machines
full_body_2x,Full Body 2×/week,2,beginner,3 of 4,lose,lose,1,full_body_b,Full Body B,8,Cable pull-through,Glutes — Compound and Isolation,glute_focused,"Glutes, Glute medius, Adductors",3,10–15,90 sec,cables
full_body_2x,Full Body 2×/week,2,beginner,4 of 4,endurance,endurance,0,full_body_a,Full Body A,0,Barbell back squat,Quads — Squat Pattern,squat_pattern,"Quads, Glutes, Hamstrings",3,12–20,60 sec,barbell
full_body_2x,Full Body 2×/week,2,beginner,4 of 4,endurance,endurance,0,full_body_a,Full Body A,1,Barbell bench press,Chest — Horizontal Push,chest_horizontal_push,"Chest, Shoulders, Triceps",3,12–20,60 sec,barbell
full_body_2x,Full Body 2×/week,2,beginner,4 of 4,endurance,endurance,0,full_body_a,Full Body A,2,Barbell row,Back — Horizontal Pull (Back Thickness + Inner Back),back_horizontal_pull,"Lats, Rhomboids, Mid-traps, Rear delts, Biceps",3,12–20,60 sec,barbell
full_body_2x,Full Body 2×/week,2,beginner,4 of 4,endurance,endurance,0,full_body_a,Full Body A,3,Cable row (wide grip / flared elbows),Back — Inner Back / Rhomboids,back_inner,"Rhomboids, Mid-traps, Rear delts",3,10–15,30–45 sec,cables
full_body_2x,Full Body 2×/week,2,beginner,4 of 4,endurance,endurance,0,full_body_a,Full Body A,4,Cable lateral raise,Shoulders — Side Delt Isolation,shoulders_side_delt,Side deltoids,5,12–20,30–45 sec,cables
full_body_2x,Full Body 2×/week,2,beginner,4 of 4,endurance,endurance,0,full_body_a,Full Body A,5,Overhead tricep extension,Triceps,triceps,Triceps,3,15–25,30–45 sec,cables
full_body_2x,Full Body 2×/week,2,beginner,4 of 4,endurance,endurance,0,full_body_a,Full Body A,6,Standing calf raise,Calves,calves,"Gastrocnemius, Soleus",2,10–15,30–45 sec,machines
full_body_2x,Full Body 2×/week,2,beginner,4 of 4,endurance,endurance,0,full_body_a,Full Body A,7,Walking lunge (long stride),Glutes — Compound and Isolation,glute_focused,"Glutes, Glute medius, Adductors",3,10–15,30–45 sec,bodyweight+dumbbells
full_body_2x,Full Body 2×/week,2,beginner,4 of 4,endurance,endurance,0,full_body_a,Full Body A,8,Romanian deadlift (barbell),Hamstrings and Glutes — Hip Hinge,hip_hinge,"Hamstrings, Glutes, Lower back",3,12–20,60 sec,barbell
full_body_2x,Full Body 2×/week,2,beginner,4 of 4,endurance,endurance,1,full_body_b,Full Body B,0,45° leg press,Quads — Squat Pattern,squat_pattern,"Quads, Glutes, Hamstrings",3,12–20,60 sec,machines
full_body_2x,Full Body 2×/week,2,beginner,4 of 4,endurance,endurance,1,full_body_b,Full Body B,1,Romanian deadlift (barbell),Hamstrings and Glutes — Hip Hinge,hip_hinge,"Hamstrings, Glutes, Lower back",2,12–20,60 sec,barbell
full_body_2x,Full Body 2×/week,2,beginner,4 of 4,endurance,endurance,1,full_body_b,Full Body B,2,Incline barbell press,Chest — Incline Push (Upper Chest),chest_incline_push,"Upper chest, Shoulders, Triceps",3,12–20,60 sec,barbell
full_body_2x,Full Body 2×/week,2,beginner,4 of 4,endurance,endurance,1,full_body_b,Full Body B,3,Pull-up (overhand),Back — Vertical Pull (Lat Width),back_vertical_pull,"Lats, Biceps, Rear delts",2,6–10,60 sec,pullup_bar
full_body_2x,Full Body 2×/week,2,beginner,4 of 4,endurance,endurance,1,full_body_b,Full Body B,4,Barbell overhead press,Shoulders — Vertical Push,shoulders_vertical_push,"Shoulders, Triceps, Upper chest",3,12–20,60 sec,barbell
full_body_2x,Full Body 2×/week,2,beginner,4 of 4,endurance,endurance,1,full_body_b,Full Body B,5,Face pull (cable),Rear Delt and Upper Back,rear_delt,"Rear deltoids, External rotators, Upper traps",4,15–20,30–45 sec,cables
full_body_2x,Full Body 2×/week,2,beginner,4 of 4,endurance,endurance,1,full_body_b,Full Body B,6,Bayesian cable curl,Biceps,biceps,"Biceps, Brachialis",3,15–25,30–45 sec,cables
full_body_2x,Full Body 2×/week,2,beginner,4 of 4,endurance,endurance,1,full_body_b,Full Body B,7,Seated calf raise,Calves,calves,"Gastrocnemius, Soleus",2,10–15,30–45 sec,machines
full_body_2x,Full Body 2×/week,2,beginner,4 of 4,endurance,endurance,1,full_body_b,Full Body B,8,Cable pull-through,Glutes — Compound and Isolation,glute_focused,"Glutes, Glute medius, Adductors",3,10–15,30–45 sec,cables
full_body_2x,Full Body 2×/week,2,intermediate,1 of 4,muscle,muscle | maintain | default | recomp | cut_strength | cut_endurance | powerbuilding | hybrid_muscle | hybrid_strength | powerbuilding_cut | athletic_recomp | athletic_cut | athletic_bulk,0,full_body_a,Full Body A,0,Barbell back squat,Quads — Squat Pattern,squat_pattern,"Quads, Glutes, Hamstrings",5,10–15,90 sec,barbell
full_body_2x,Full Body 2×/week,2,intermediate,1 of 4,muscle,muscle | maintain | default | recomp | cut_strength | cut_endurance | powerbuilding | hybrid_muscle | hybrid_strength | powerbuilding_cut | athletic_recomp | athletic_cut | athletic_bulk,0,full_body_a,Full Body A,1,Barbell bench press,Chest — Horizontal Push,chest_horizontal_push,"Chest, Shoulders, Triceps",5,10–15,90 sec,barbell
full_body_2x,Full Body 2×/week,2,intermediate,1 of 4,muscle,muscle | maintain | default | recomp | cut_strength | cut_endurance | powerbuilding | hybrid_muscle | hybrid_strength | powerbuilding_cut | athletic_recomp | athletic_cut | athletic_bulk,0,full_body_a,Full Body A,2,Barbell row,Back — Horizontal Pull (Back Thickness + Inner Back),back_horizontal_pull,"Lats, Rhomboids, Mid-traps, Rear delts, Biceps",4,10–15,90 sec,barbell
full_body_2x,Full Body 2×/week,2,intermediate,1 of 4,muscle,muscle | maintain | default | recomp | cut_strength | cut_endurance | powerbuilding | hybrid_muscle | hybrid_strength | powerbuilding_cut | athletic_recomp | athletic_cut | athletic_bulk,0,full_body_a,Full Body A,3,Cable row (wide grip / flared elbows),Back — Inner Back / Rhomboids,back_inner,"Rhomboids, Mid-traps, Rear delts",3,10–15,60 sec,cables
full_body_2x,Full Body 2×/week,2,intermediate,1 of 4,muscle,muscle | maintain | default | recomp | cut_strength | cut_endurance | powerbuilding | hybrid_muscle | hybrid_strength | powerbuilding_cut | athletic_recomp | athletic_cut | athletic_bulk,0,full_body_a,Full Body A,4,Cable lateral raise,Shoulders — Side Delt Isolation,shoulders_side_delt,Side deltoids,6,12–20,60 sec,cables
full_body_2x,Full Body 2×/week,2,intermediate,1 of 4,muscle,muscle | maintain | default | recomp | cut_strength | cut_endurance | powerbuilding | hybrid_muscle | hybrid_strength | powerbuilding_cut | athletic_recomp | athletic_cut | athletic_bulk,0,full_body_a,Full Body A,5,Overhead tricep extension,Triceps,triceps,Triceps,6,12–15,60 sec,cables
full_body_2x,Full Body 2×/week,2,intermediate,1 of 4,muscle,muscle | maintain | default | recomp | cut_strength | cut_endurance | powerbuilding | hybrid_muscle | hybrid_strength | powerbuilding_cut | athletic_recomp | athletic_cut | athletic_bulk,0,full_body_a,Full Body A,6,Standing calf raise,Calves,calves,"Gastrocnemius, Soleus",3,10–15,60 sec,machines
full_body_2x,Full Body 2×/week,2,intermediate,1 of 4,muscle,muscle | maintain | default | recomp | cut_strength | cut_endurance | powerbuilding | hybrid_muscle | hybrid_strength | powerbuilding_cut | athletic_recomp | athletic_cut | athletic_bulk,0,full_body_a,Full Body A,7,Walking lunge (long stride),Glutes — Compound and Isolation,glute_focused,"Glutes, Glute medius, Adductors",4,10–15,60 sec,bodyweight+dumbbells
full_body_2x,Full Body 2×/week,2,intermediate,1 of 4,muscle,muscle | maintain | default | recomp | cut_strength | cut_endurance | powerbuilding | hybrid_muscle | hybrid_strength | powerbuilding_cut | athletic_recomp | athletic_cut | athletic_bulk,0,full_body_a,Full Body A,8,Romanian deadlift (barbell),Hamstrings and Glutes — Hip Hinge,hip_hinge,"Hamstrings, Glutes, Lower back",4,10–15,90 sec,barbell
full_body_2x,Full Body 2×/week,2,intermediate,1 of 4,muscle,muscle | maintain | default | recomp | cut_strength | cut_endurance | powerbuilding | hybrid_muscle | hybrid_strength | powerbuilding_cut | athletic_recomp | athletic_cut | athletic_bulk,1,full_body_b,Full Body B,0,45° leg press,Quads — Squat Pattern,squat_pattern,"Quads, Glutes, Hamstrings",5,10–15,90 sec,machines
full_body_2x,Full Body 2×/week,2,intermediate,1 of 4,muscle,muscle | maintain | default | recomp | cut_strength | cut_endurance | powerbuilding | hybrid_muscle | hybrid_strength | powerbuilding_cut | athletic_recomp | athletic_cut | athletic_bulk,1,full_body_b,Full Body B,1,Conventional deadlift,Hamstrings and Glutes — Hip Hinge,hip_hinge,"Hamstrings, Glutes, Lower back",4,10–15,90 sec,barbell
full_body_2x,Full Body 2×/week,2,intermediate,1 of 4,muscle,muscle | maintain | default | recomp | cut_strength | cut_endurance | powerbuilding | hybrid_muscle | hybrid_strength | powerbuilding_cut | athletic_recomp | athletic_cut | athletic_bulk,1,full_body_b,Full Body B,2,Incline barbell press,Chest — Incline Push (Upper Chest),chest_incline_push,"Upper chest, Shoulders, Triceps",5,10–15,90 sec,barbell
full_body_2x,Full Body 2×/week,2,intermediate,1 of 4,muscle,muscle | maintain | default | recomp | cut_strength | cut_endurance | powerbuilding | hybrid_muscle | hybrid_strength | powerbuilding_cut | athletic_recomp | athletic_cut | athletic_bulk,1,full_body_b,Full Body B,3,Pull-up (overhand),Back — Vertical Pull (Lat Width),back_vertical_pull,"Lats, Biceps, Rear delts",3,6–10,90 sec,pullup_bar
full_body_2x,Full Body 2×/week,2,intermediate,1 of 4,muscle,muscle | maintain | default | recomp | cut_strength | cut_endurance | powerbuilding | hybrid_muscle | hybrid_strength | powerbuilding_cut | athletic_recomp | athletic_cut | athletic_bulk,1,full_body_b,Full Body B,4,Barbell overhead press,Shoulders — Vertical Push,shoulders_vertical_push,"Shoulders, Triceps, Upper chest",3,10–15,90 sec,barbell
full_body_2x,Full Body 2×/week,2,intermediate,1 of 4,muscle,muscle | maintain | default | recomp | cut_strength | cut_endurance | powerbuilding | hybrid_muscle | hybrid_strength | powerbuilding_cut | athletic_recomp | athletic_cut | athletic_bulk,1,full_body_b,Full Body B,5,Face pull (cable),Rear Delt and Upper Back,rear_delt,"Rear deltoids, External rotators, Upper traps",6,15–20,60 sec,cables
full_body_2x,Full Body 2×/week,2,intermediate,1 of 4,muscle,muscle | maintain | default | recomp | cut_strength | cut_endurance | powerbuilding | hybrid_muscle | hybrid_strength | powerbuilding_cut | athletic_recomp | athletic_cut | athletic_bulk,1,full_body_b,Full Body B,6,Bayesian cable curl,Biceps,biceps,"Biceps, Brachialis",6,12–15,60 sec,cables
full_body_2x,Full Body 2×/week,2,intermediate,1 of 4,muscle,muscle | maintain | default | recomp | cut_strength | cut_endurance | powerbuilding | hybrid_muscle | hybrid_strength | powerbuilding_cut | athletic_recomp | athletic_cut | athletic_bulk,1,full_body_b,Full Body B,7,Seated calf raise,Calves,calves,"Gastrocnemius, Soleus",3,10–15,60 sec,machines
full_body_2x,Full Body 2×/week,2,intermediate,1 of 4,muscle,muscle | maintain | default | recomp | cut_strength | cut_endurance | powerbuilding | hybrid_muscle | hybrid_strength | powerbuilding_cut | athletic_recomp | athletic_cut | athletic_bulk,1,full_body_b,Full Body B,8,Cable pull-through,Glutes — Compound and Isolation,glute_focused,"Glutes, Glute medius, Adductors",4,10–15,60 sec,cables
full_body_2x,Full Body 2×/week,2,intermediate,2 of 4,strength,strength,0,full_body_a,Full Body A,0,Barbell back squat,Quads — Squat Pattern,squat_pattern,"Quads, Glutes, Hamstrings",5,3–6,3–5 min,barbell
full_body_2x,Full Body 2×/week,2,intermediate,2 of 4,strength,strength,0,full_body_a,Full Body A,1,Barbell bench press,Chest — Horizontal Push,chest_horizontal_push,"Chest, Shoulders, Triceps",5,3–6,3–5 min,barbell
full_body_2x,Full Body 2×/week,2,intermediate,2 of 4,strength,strength,0,full_body_a,Full Body A,2,Barbell row,Back — Horizontal Pull (Back Thickness + Inner Back),back_horizontal_pull,"Lats, Rhomboids, Mid-traps, Rear delts, Biceps",5,3–6,3–5 min,barbell
full_body_2x,Full Body 2×/week,2,intermediate,2 of 4,strength,strength,0,full_body_a,Full Body A,3,Cable row (wide grip / flared elbows),Back — Inner Back / Rhomboids,back_inner,"Rhomboids, Mid-traps, Rear delts",2,10–15,2 min,cables
full_body_2x,Full Body 2×/week,2,intermediate,2 of 4,strength,strength,0,full_body_a,Full Body A,4,Cable lateral raise,Shoulders — Side Delt Isolation,shoulders_side_delt,Side deltoids,6,12–20,2 min,cables
full_body_2x,Full Body 2×/week,2,intermediate,2 of 4,strength,strength,0,full_body_a,Full Body A,5,Overhead tricep extension,Triceps,triceps,Triceps,6,8–12,2 min,cables
full_body_2x,Full Body 2×/week,2,intermediate,2 of 4,strength,strength,0,full_body_a,Full Body A,6,Standing calf raise,Calves,calves,"Gastrocnemius, Soleus",3,10–15,2 min,machines
full_body_2x,Full Body 2×/week,2,intermediate,2 of 4,strength,strength,0,full_body_a,Full Body A,7,Walking lunge (long stride),Glutes — Compound and Isolation,glute_focused,"Glutes, Glute medius, Adductors",4,10–15,2 min,bodyweight+dumbbells
full_body_2x,Full Body 2×/week,2,intermediate,2 of 4,strength,strength,0,full_body_a,Full Body A,8,Romanian deadlift (barbell),Hamstrings and Glutes — Hip Hinge,hip_hinge,"Hamstrings, Glutes, Lower back",4,3–6,3–5 min,barbell
full_body_2x,Full Body 2×/week,2,intermediate,2 of 4,strength,strength,1,full_body_b,Full Body B,0,45° leg press,Quads — Squat Pattern,squat_pattern,"Quads, Glutes, Hamstrings",5,3–6,3–5 min,machines
full_body_2x,Full Body 2×/week,2,intermediate,2 of 4,strength,strength,1,full_body_b,Full Body B,1,Conventional deadlift,Hamstrings and Glutes — Hip Hinge,hip_hinge,"Hamstrings, Glutes, Lower back",4,3–6,3–5 min,barbell
full_body_2x,Full Body 2×/week,2,intermediate,2 of 4,strength,strength,1,full_body_b,Full Body B,2,Incline barbell press,Chest — Incline Push (Upper Chest),chest_incline_push,"Upper chest, Shoulders, Triceps",5,3–6,3–5 min,barbell
full_body_2x,Full Body 2×/week,2,intermediate,2 of 4,strength,strength,1,full_body_b,Full Body B,3,Pull-up (overhand),Back — Vertical Pull (Lat Width),back_vertical_pull,"Lats, Biceps, Rear delts",3,6–10,3–5 min,pullup_bar
full_body_2x,Full Body 2×/week,2,intermediate,2 of 4,strength,strength,1,full_body_b,Full Body B,4,Barbell overhead press,Shoulders — Vertical Push,shoulders_vertical_push,"Shoulders, Triceps, Upper chest",3,3–6,3–5 min,barbell
full_body_2x,Full Body 2×/week,2,intermediate,2 of 4,strength,strength,1,full_body_b,Full Body B,5,Face pull (cable),Rear Delt and Upper Back,rear_delt,"Rear deltoids, External rotators, Upper traps",6,15–20,2 min,cables
full_body_2x,Full Body 2×/week,2,intermediate,2 of 4,strength,strength,1,full_body_b,Full Body B,6,Bayesian cable curl,Biceps,biceps,"Biceps, Brachialis",6,8–12,2 min,cables
full_body_2x,Full Body 2×/week,2,intermediate,2 of 4,strength,strength,1,full_body_b,Full Body B,7,Seated calf raise,Calves,calves,"Gastrocnemius, Soleus",3,10–15,2 min,machines
full_body_2x,Full Body 2×/week,2,intermediate,2 of 4,strength,strength,1,full_body_b,Full Body B,8,Cable pull-through,Glutes — Compound and Isolation,glute_focused,"Glutes, Glute medius, Adductors",4,10–15,2 min,cables
full_body_2x,Full Body 2×/week,2,intermediate,3 of 4,lose,lose,0,full_body_a,Full Body A,0,Barbell back squat,Quads — Squat Pattern,squat_pattern,"Quads, Glutes, Hamstrings",5,6–10,2–3 min,barbell
full_body_2x,Full Body 2×/week,2,intermediate,3 of 4,lose,lose,0,full_body_a,Full Body A,1,Barbell bench press,Chest — Horizontal Push,chest_horizontal_push,"Chest, Shoulders, Triceps",5,6–10,2–3 min,barbell
full_body_2x,Full Body 2×/week,2,intermediate,3 of 4,lose,lose,0,full_body_a,Full Body A,2,Barbell row,Back — Horizontal Pull (Back Thickness + Inner Back),back_horizontal_pull,"Lats, Rhomboids, Mid-traps, Rear delts, Biceps",4,6–10,2–3 min,barbell
full_body_2x,Full Body 2×/week,2,intermediate,3 of 4,lose,lose,0,full_body_a,Full Body A,3,Cable row (wide grip / flared elbows),Back — Inner Back / Rhomboids,back_inner,"Rhomboids, Mid-traps, Rear delts",3,10–15,90 sec,cables
full_body_2x,Full Body 2×/week,2,intermediate,3 of 4,lose,lose,0,full_body_a,Full Body A,4,Cable lateral raise,Shoulders — Side Delt Isolation,shoulders_side_delt,Side deltoids,6,12–20,90 sec,cables
full_body_2x,Full Body 2×/week,2,intermediate,3 of 4,lose,lose,0,full_body_a,Full Body A,5,Overhead tricep extension,Triceps,triceps,Triceps,6,12–15,90 sec,cables
full_body_2x,Full Body 2×/week,2,intermediate,3 of 4,lose,lose,0,full_body_a,Full Body A,6,Standing calf raise,Calves,calves,"Gastrocnemius, Soleus",3,10–15,90 sec,machines
full_body_2x,Full Body 2×/week,2,intermediate,3 of 4,lose,lose,0,full_body_a,Full Body A,7,Walking lunge (long stride),Glutes — Compound and Isolation,glute_focused,"Glutes, Glute medius, Adductors",4,10–15,90 sec,bodyweight+dumbbells
full_body_2x,Full Body 2×/week,2,intermediate,3 of 4,lose,lose,0,full_body_a,Full Body A,8,Romanian deadlift (barbell),Hamstrings and Glutes — Hip Hinge,hip_hinge,"Hamstrings, Glutes, Lower back",4,6–10,2–3 min,barbell
full_body_2x,Full Body 2×/week,2,intermediate,3 of 4,lose,lose,1,full_body_b,Full Body B,0,45° leg press,Quads — Squat Pattern,squat_pattern,"Quads, Glutes, Hamstrings",5,6–10,2–3 min,machines
full_body_2x,Full Body 2×/week,2,intermediate,3 of 4,lose,lose,1,full_body_b,Full Body B,1,Conventional deadlift,Hamstrings and Glutes — Hip Hinge,hip_hinge,"Hamstrings, Glutes, Lower back",4,6–10,2–3 min,barbell
full_body_2x,Full Body 2×/week,2,intermediate,3 of 4,lose,lose,1,full_body_b,Full Body B,2,Incline barbell press,Chest — Incline Push (Upper Chest),chest_incline_push,"Upper chest, Shoulders, Triceps",5,6–10,2–3 min,barbell
full_body_2x,Full Body 2×/week,2,intermediate,3 of 4,lose,lose,1,full_body_b,Full Body B,3,Pull-up (overhand),Back — Vertical Pull (Lat Width),back_vertical_pull,"Lats, Biceps, Rear delts",3,6–10,2–3 min,pullup_bar
full_body_2x,Full Body 2×/week,2,intermediate,3 of 4,lose,lose,1,full_body_b,Full Body B,4,Barbell overhead press,Shoulders — Vertical Push,shoulders_vertical_push,"Shoulders, Triceps, Upper chest",3,6–10,2–3 min,barbell
full_body_2x,Full Body 2×/week,2,intermediate,3 of 4,lose,lose,1,full_body_b,Full Body B,5,Face pull (cable),Rear Delt and Upper Back,rear_delt,"Rear deltoids, External rotators, Upper traps",6,15–20,90 sec,cables
full_body_2x,Full Body 2×/week,2,intermediate,3 of 4,lose,lose,1,full_body_b,Full Body B,6,Bayesian cable curl,Biceps,biceps,"Biceps, Brachialis",6,12–15,90 sec,cables
full_body_2x,Full Body 2×/week,2,intermediate,3 of 4,lose,lose,1,full_body_b,Full Body B,7,Seated calf raise,Calves,calves,"Gastrocnemius, Soleus",3,10–15,90 sec,machines
full_body_2x,Full Body 2×/week,2,intermediate,3 of 4,lose,lose,1,full_body_b,Full Body B,8,Cable pull-through,Glutes — Compound and Isolation,glute_focused,"Glutes, Glute medius, Adductors",4,10–15,90 sec,cables
full_body_2x,Full Body 2×/week,2,intermediate,4 of 4,endurance,endurance,0,full_body_a,Full Body A,0,Barbell back squat,Quads — Squat Pattern,squat_pattern,"Quads, Glutes, Hamstrings",5,12–20,60 sec,barbell
full_body_2x,Full Body 2×/week,2,intermediate,4 of 4,endurance,endurance,0,full_body_a,Full Body A,1,Barbell bench press,Chest — Horizontal Push,chest_horizontal_push,"Chest, Shoulders, Triceps",5,12–20,60 sec,barbell
full_body_2x,Full Body 2×/week,2,intermediate,4 of 4,endurance,endurance,0,full_body_a,Full Body A,2,Barbell row,Back — Horizontal Pull (Back Thickness + Inner Back),back_horizontal_pull,"Lats, Rhomboids, Mid-traps, Rear delts, Biceps",4,12–20,60 sec,barbell
full_body_2x,Full Body 2×/week,2,intermediate,4 of 4,endurance,endurance,0,full_body_a,Full Body A,3,Cable row (wide grip / flared elbows),Back — Inner Back / Rhomboids,back_inner,"Rhomboids, Mid-traps, Rear delts",3,10–15,30–45 sec,cables
full_body_2x,Full Body 2×/week,2,intermediate,4 of 4,endurance,endurance,0,full_body_a,Full Body A,4,Cable lateral raise,Shoulders — Side Delt Isolation,shoulders_side_delt,Side deltoids,6,12–20,30–45 sec,cables
full_body_2x,Full Body 2×/week,2,intermediate,4 of 4,endurance,endurance,0,full_body_a,Full Body A,5,Overhead tricep extension,Triceps,triceps,Triceps,6,15–25,30–45 sec,cables
full_body_2x,Full Body 2×/week,2,intermediate,4 of 4,endurance,endurance,0,full_body_a,Full Body A,6,Standing calf raise,Calves,calves,"Gastrocnemius, Soleus",3,10–15,30–45 sec,machines
full_body_2x,Full Body 2×/week,2,intermediate,4 of 4,endurance,endurance,0,full_body_a,Full Body A,7,Walking lunge (long stride),Glutes — Compound and Isolation,glute_focused,"Glutes, Glute medius, Adductors",4,10–15,30–45 sec,bodyweight+dumbbells
full_body_2x,Full Body 2×/week,2,intermediate,4 of 4,endurance,endurance,0,full_body_a,Full Body A,8,Romanian deadlift (barbell),Hamstrings and Glutes — Hip Hinge,hip_hinge,"Hamstrings, Glutes, Lower back",4,12–20,60 sec,barbell
full_body_2x,Full Body 2×/week,2,intermediate,4 of 4,endurance,endurance,1,full_body_b,Full Body B,0,45° leg press,Quads — Squat Pattern,squat_pattern,"Quads, Glutes, Hamstrings",5,12–20,60 sec,machines
full_body_2x,Full Body 2×/week,2,intermediate,4 of 4,endurance,endurance,1,full_body_b,Full Body B,1,Conventional deadlift,Hamstrings and Glutes — Hip Hinge,hip_hinge,"Hamstrings, Glutes, Lower back",4,12–20,60 sec,barbell
full_body_2x,Full Body 2×/week,2,intermediate,4 of 4,endurance,endurance,1,full_body_b,Full Body B,2,Incline barbell press,Chest — Incline Push (Upper Chest),chest_incline_push,"Upper chest, Shoulders, Triceps",5,12–20,60 sec,barbell
full_body_2x,Full Body 2×/week,2,intermediate,4 of 4,endurance,endurance,1,full_body_b,Full Body B,3,Pull-up (overhand),Back — Vertical Pull (Lat Width),back_vertical_pull,"Lats, Biceps, Rear delts",3,6–10,60 sec,pullup_bar
full_body_2x,Full Body 2×/week,2,intermediate,4 of 4,endurance,endurance,1,full_body_b,Full Body B,4,Barbell overhead press,Shoulders — Vertical Push,shoulders_vertical_push,"Shoulders, Triceps, Upper chest",3,12–20,60 sec,barbell
full_body_2x,Full Body 2×/week,2,intermediate,4 of 4,endurance,endurance,1,full_body_b,Full Body B,5,Face pull (cable),Rear Delt and Upper Back,rear_delt,"Rear deltoids, External rotators, Upper traps",6,15–20,30–45 sec,cables
full_body_2x,Full Body 2×/week,2,intermediate,4 of 4,endurance,endurance,1,full_body_b,Full Body B,6,Bayesian cable curl,Biceps,biceps,"Biceps, Brachialis",6,15–25,30–45 sec,cables
full_body_2x,Full Body 2×/week,2,intermediate,4 of 4,endurance,endurance,1,full_body_b,Full Body B,7,Seated calf raise,Calves,calves,"Gastrocnemius, Soleus",3,10–15,30–45 sec,machines
full_body_2x,Full Body 2×/week,2,intermediate,4 of 4,endurance,endurance,1,full_body_b,Full Body B,8,Cable pull-through,Glutes — Compound and Isolation,glute_focused,"Glutes, Glute medius, Adductors",4,10–15,30–45 sec,cables
full_body_2x,Full Body 2×/week,2,advanced,1 of 4,muscle,muscle | maintain | default | recomp | cut_strength | cut_endurance | powerbuilding | hybrid_muscle | hybrid_strength | powerbuilding_cut | athletic_recomp | athletic_cut | athletic_bulk,0,full_body_a,Full Body A,0,Barbell back squat,Quads — Squat Pattern,squat_pattern,"Quads, Glutes, Hamstrings",6,10–15,90 sec,barbell
full_body_2x,Full Body 2×/week,2,advanced,1 of 4,muscle,muscle | maintain | default | recomp | cut_strength | cut_endurance | powerbuilding | hybrid_muscle | hybrid_strength | powerbuilding_cut | athletic_recomp | athletic_cut | athletic_bulk,0,full_body_a,Full Body A,1,Barbell bench press,Chest — Horizontal Push,chest_horizontal_push,"Chest, Shoulders, Triceps",6,10–15,90 sec,barbell
full_body_2x,Full Body 2×/week,2,advanced,1 of 4,muscle,muscle | maintain | default | recomp | cut_strength | cut_endurance | powerbuilding | hybrid_muscle | hybrid_strength | powerbuilding_cut | athletic_recomp | athletic_cut | athletic_bulk,0,full_body_a,Full Body A,2,Barbell row,Back — Horizontal Pull (Back Thickness + Inner Back),back_horizontal_pull,"Lats, Rhomboids, Mid-traps, Rear delts, Biceps",6,10–15,90 sec,barbell
full_body_2x,Full Body 2×/week,2,advanced,1 of 4,muscle,muscle | maintain | default | recomp | cut_strength | cut_endurance | powerbuilding | hybrid_muscle | hybrid_strength | powerbuilding_cut | athletic_recomp | athletic_cut | athletic_bulk,0,full_body_a,Full Body A,3,Cable row (wide grip / flared elbows),Back — Inner Back / Rhomboids,back_inner,"Rhomboids, Mid-traps, Rear delts",5,10–15,60 sec,cables
full_body_2x,Full Body 2×/week,2,advanced,1 of 4,muscle,muscle | maintain | default | recomp | cut_strength | cut_endurance | powerbuilding | hybrid_muscle | hybrid_strength | powerbuilding_cut | athletic_recomp | athletic_cut | athletic_bulk,0,full_body_a,Full Body A,4,Cable lateral raise,Shoulders — Side Delt Isolation,shoulders_side_delt,Side deltoids,6,12–20,60 sec,cables
full_body_2x,Full Body 2×/week,2,advanced,1 of 4,muscle,muscle | maintain | default | recomp | cut_strength | cut_endurance | powerbuilding | hybrid_muscle | hybrid_strength | powerbuilding_cut | athletic_recomp | athletic_cut | athletic_bulk,0,full_body_a,Full Body A,5,Overhead tricep extension,Triceps,triceps,Triceps,6,12–15,60 sec,cables
full_body_2x,Full Body 2×/week,2,advanced,1 of 4,muscle,muscle | maintain | default | recomp | cut_strength | cut_endurance | powerbuilding | hybrid_muscle | hybrid_strength | powerbuilding_cut | athletic_recomp | athletic_cut | athletic_bulk,0,full_body_a,Full Body A,6,Standing calf raise,Calves,calves,"Gastrocnemius, Soleus",5,10–15,60 sec,machines
full_body_2x,Full Body 2×/week,2,advanced,1 of 4,muscle,muscle | maintain | default | recomp | cut_strength | cut_endurance | powerbuilding | hybrid_muscle | hybrid_strength | powerbuilding_cut | athletic_recomp | athletic_cut | athletic_bulk,0,full_body_a,Full Body A,7,Walking lunge (long stride),Glutes — Compound and Isolation,glute_focused,"Glutes, Glute medius, Adductors",6,10–15,60 sec,bodyweight+dumbbells
full_body_2x,Full Body 2×/week,2,advanced,1 of 4,muscle,muscle | maintain | default | recomp | cut_strength | cut_endurance | powerbuilding | hybrid_muscle | hybrid_strength | powerbuilding_cut | athletic_recomp | athletic_cut | athletic_bulk,0,full_body_a,Full Body A,8,Romanian deadlift (barbell),Hamstrings and Glutes — Hip Hinge,hip_hinge,"Hamstrings, Glutes, Lower back",5,10–15,90 sec,barbell
full_body_2x,Full Body 2×/week,2,advanced,1 of 4,muscle,muscle | maintain | default | recomp | cut_strength | cut_endurance | powerbuilding | hybrid_muscle | hybrid_strength | powerbuilding_cut | athletic_recomp | athletic_cut | athletic_bulk,1,full_body_b,Full Body B,0,45° leg press,Quads — Squat Pattern,squat_pattern,"Quads, Glutes, Hamstrings",6,10–15,90 sec,machines
full_body_2x,Full Body 2×/week,2,advanced,1 of 4,muscle,muscle | maintain | default | recomp | cut_strength | cut_endurance | powerbuilding | hybrid_muscle | hybrid_strength | powerbuilding_cut | athletic_recomp | athletic_cut | athletic_bulk,1,full_body_b,Full Body B,1,Conventional deadlift,Hamstrings and Glutes — Hip Hinge,hip_hinge,"Hamstrings, Glutes, Lower back",5,10–15,90 sec,barbell
full_body_2x,Full Body 2×/week,2,advanced,1 of 4,muscle,muscle | maintain | default | recomp | cut_strength | cut_endurance | powerbuilding | hybrid_muscle | hybrid_strength | powerbuilding_cut | athletic_recomp | athletic_cut | athletic_bulk,1,full_body_b,Full Body B,2,Incline barbell press,Chest — Incline Push (Upper Chest),chest_incline_push,"Upper chest, Shoulders, Triceps",6,10–15,90 sec,barbell
full_body_2x,Full Body 2×/week,2,advanced,1 of 4,muscle,muscle | maintain | default | recomp | cut_strength | cut_endurance | powerbuilding | hybrid_muscle | hybrid_strength | powerbuilding_cut | athletic_recomp | athletic_cut | athletic_bulk,1,full_body_b,Full Body B,3,Pull-up (overhand),Back — Vertical Pull (Lat Width),back_vertical_pull,"Lats, Biceps, Rear delts",5,6–10,90 sec,pullup_bar
full_body_2x,Full Body 2×/week,2,advanced,1 of 4,muscle,muscle | maintain | default | recomp | cut_strength | cut_endurance | powerbuilding | hybrid_muscle | hybrid_strength | powerbuilding_cut | athletic_recomp | athletic_cut | athletic_bulk,1,full_body_b,Full Body B,4,Barbell overhead press,Shoulders — Vertical Push,shoulders_vertical_push,"Shoulders, Triceps, Upper chest",3,10–15,90 sec,barbell
full_body_2x,Full Body 2×/week,2,advanced,1 of 4,muscle,muscle | maintain | default | recomp | cut_strength | cut_endurance | powerbuilding | hybrid_muscle | hybrid_strength | powerbuilding_cut | athletic_recomp | athletic_cut | athletic_bulk,1,full_body_b,Full Body B,5,Face pull (cable),Rear Delt and Upper Back,rear_delt,"Rear deltoids, External rotators, Upper traps",6,15–20,60 sec,cables
full_body_2x,Full Body 2×/week,2,advanced,1 of 4,muscle,muscle | maintain | default | recomp | cut_strength | cut_endurance | powerbuilding | hybrid_muscle | hybrid_strength | powerbuilding_cut | athletic_recomp | athletic_cut | athletic_bulk,1,full_body_b,Full Body B,6,Bayesian cable curl,Biceps,biceps,"Biceps, Brachialis",6,12–15,60 sec,cables
full_body_2x,Full Body 2×/week,2,advanced,1 of 4,muscle,muscle | maintain | default | recomp | cut_strength | cut_endurance | powerbuilding | hybrid_muscle | hybrid_strength | powerbuilding_cut | athletic_recomp | athletic_cut | athletic_bulk,1,full_body_b,Full Body B,7,Seated calf raise,Calves,calves,"Gastrocnemius, Soleus",5,10–15,60 sec,machines
full_body_2x,Full Body 2×/week,2,advanced,1 of 4,muscle,muscle | maintain | default | recomp | cut_strength | cut_endurance | powerbuilding | hybrid_muscle | hybrid_strength | powerbuilding_cut | athletic_recomp | athletic_cut | athletic_bulk,1,full_body_b,Full Body B,8,Cable pull-through,Glutes — Compound and Isolation,glute_focused,"Glutes, Glute medius, Adductors",6,10–15,60 sec,cables
full_body_2x,Full Body 2×/week,2,advanced,2 of 4,strength,strength,0,full_body_a,Full Body A,0,Barbell back squat,Quads — Squat Pattern,squat_pattern,"Quads, Glutes, Hamstrings",6,3–6,3–5 min,barbell
full_body_2x,Full Body 2×/week,2,advanced,2 of 4,strength,strength,0,full_body_a,Full Body A,1,Barbell bench press,Chest — Horizontal Push,chest_horizontal_push,"Chest, Shoulders, Triceps",6,3–6,3–5 min,barbell
full_body_2x,Full Body 2×/week,2,advanced,2 of 4,strength,strength,0,full_body_a,Full Body A,2,Barbell row,Back — Horizontal Pull (Back Thickness + Inner Back),back_horizontal_pull,"Lats, Rhomboids, Mid-traps, Rear delts, Biceps",7,3–6,3–5 min,barbell
full_body_2x,Full Body 2×/week,2,advanced,2 of 4,strength,strength,0,full_body_a,Full Body A,3,Cable row (wide grip / flared elbows),Back — Inner Back / Rhomboids,back_inner,"Rhomboids, Mid-traps, Rear delts",4,10–15,2 min,cables
full_body_2x,Full Body 2×/week,2,advanced,2 of 4,strength,strength,0,full_body_a,Full Body A,4,Cable lateral raise,Shoulders — Side Delt Isolation,shoulders_side_delt,Side deltoids,6,12–20,2 min,cables
full_body_2x,Full Body 2×/week,2,advanced,2 of 4,strength,strength,0,full_body_a,Full Body A,5,Overhead tricep extension,Triceps,triceps,Triceps,6,8–12,2 min,cables
full_body_2x,Full Body 2×/week,2,advanced,2 of 4,strength,strength,0,full_body_a,Full Body A,6,Standing calf raise,Calves,calves,"Gastrocnemius, Soleus",5,10–15,2 min,machines
full_body_2x,Full Body 2×/week,2,advanced,2 of 4,strength,strength,0,full_body_a,Full Body A,7,Walking lunge (long stride),Glutes — Compound and Isolation,glute_focused,"Glutes, Glute medius, Adductors",6,10–15,2 min,bodyweight+dumbbells
full_body_2x,Full Body 2×/week,2,advanced,2 of 4,strength,strength,0,full_body_a,Full Body A,8,Romanian deadlift (barbell),Hamstrings and Glutes — Hip Hinge,hip_hinge,"Hamstrings, Glutes, Lower back",5,3–6,3–5 min,barbell
full_body_2x,Full Body 2×/week,2,advanced,2 of 4,strength,strength,1,full_body_b,Full Body B,0,45° leg press,Quads — Squat Pattern,squat_pattern,"Quads, Glutes, Hamstrings",6,3–6,3–5 min,machines
full_body_2x,Full Body 2×/week,2,advanced,2 of 4,strength,strength,1,full_body_b,Full Body B,1,Conventional deadlift,Hamstrings and Glutes — Hip Hinge,hip_hinge,"Hamstrings, Glutes, Lower back",5,3–6,3–5 min,barbell
full_body_2x,Full Body 2×/week,2,advanced,2 of 4,strength,strength,1,full_body_b,Full Body B,2,Incline barbell press,Chest — Incline Push (Upper Chest),chest_incline_push,"Upper chest, Shoulders, Triceps",6,3–6,3–5 min,barbell
full_body_2x,Full Body 2×/week,2,advanced,2 of 4,strength,strength,1,full_body_b,Full Body B,3,Pull-up (overhand),Back — Vertical Pull (Lat Width),back_vertical_pull,"Lats, Biceps, Rear delts",5,6–10,3–5 min,pullup_bar
full_body_2x,Full Body 2×/week,2,advanced,2 of 4,strength,strength,1,full_body_b,Full Body B,4,Barbell overhead press,Shoulders — Vertical Push,shoulders_vertical_push,"Shoulders, Triceps, Upper chest",3,3–6,3–5 min,barbell
full_body_2x,Full Body 2×/week,2,advanced,2 of 4,strength,strength,1,full_body_b,Full Body B,5,Face pull (cable),Rear Delt and Upper Back,rear_delt,"Rear deltoids, External rotators, Upper traps",6,15–20,2 min,cables
full_body_2x,Full Body 2×/week,2,advanced,2 of 4,strength,strength,1,full_body_b,Full Body B,6,Bayesian cable curl,Biceps,biceps,"Biceps, Brachialis",6,8–12,2 min,cables
full_body_2x,Full Body 2×/week,2,advanced,2 of 4,strength,strength,1,full_body_b,Full Body B,7,Seated calf raise,Calves,calves,"Gastrocnemius, Soleus",5,10–15,2 min,machines
full_body_2x,Full Body 2×/week,2,advanced,2 of 4,strength,strength,1,full_body_b,Full Body B,8,Cable pull-through,Glutes — Compound and Isolation,glute_focused,"Glutes, Glute medius, Adductors",6,10–15,2 min,cables
full_body_2x,Full Body 2×/week,2,advanced,3 of 4,lose,lose,0,full_body_a,Full Body A,0,Barbell back squat,Quads — Squat Pattern,squat_pattern,"Quads, Glutes, Hamstrings",6,6–10,2–3 min,barbell
full_body_2x,Full Body 2×/week,2,advanced,3 of 4,lose,lose,0,full_body_a,Full Body A,1,Barbell bench press,Chest — Horizontal Push,chest_horizontal_push,"Chest, Shoulders, Triceps",6,6–10,2–3 min,barbell
full_body_2x,Full Body 2×/week,2,advanced,3 of 4,lose,lose,0,full_body_a,Full Body A,2,Barbell row,Back — Horizontal Pull (Back Thickness + Inner Back),back_horizontal_pull,"Lats, Rhomboids, Mid-traps, Rear delts, Biceps",6,6–10,2–3 min,barbell
full_body_2x,Full Body 2×/week,2,advanced,3 of 4,lose,lose,0,full_body_a,Full Body A,3,Cable row (wide grip / flared elbows),Back — Inner Back / Rhomboids,back_inner,"Rhomboids, Mid-traps, Rear delts",5,10–15,90 sec,cables
full_body_2x,Full Body 2×/week,2,advanced,3 of 4,lose,lose,0,full_body_a,Full Body A,4,Cable lateral raise,Shoulders — Side Delt Isolation,shoulders_side_delt,Side deltoids,6,12–20,90 sec,cables
full_body_2x,Full Body 2×/week,2,advanced,3 of 4,lose,lose,0,full_body_a,Full Body A,5,Overhead tricep extension,Triceps,triceps,Triceps,6,12–15,90 sec,cables
full_body_2x,Full Body 2×/week,2,advanced,3 of 4,lose,lose,0,full_body_a,Full Body A,6,Standing calf raise,Calves,calves,"Gastrocnemius, Soleus",5,10–15,90 sec,machines
full_body_2x,Full Body 2×/week,2,advanced,3 of 4,lose,lose,0,full_body_a,Full Body A,7,Walking lunge (long stride),Glutes — Compound and Isolation,glute_focused,"Glutes, Glute medius, Adductors",6,10–15,90 sec,bodyweight+dumbbells
full_body_2x,Full Body 2×/week,2,advanced,3 of 4,lose,lose,0,full_body_a,Full Body A,8,Romanian deadlift (barbell),Hamstrings and Glutes — Hip Hinge,hip_hinge,"Hamstrings, Glutes, Lower back",5,6–10,2–3 min,barbell
full_body_2x,Full Body 2×/week,2,advanced,3 of 4,lose,lose,1,full_body_b,Full Body B,0,45° leg press,Quads — Squat Pattern,squat_pattern,"Quads, Glutes, Hamstrings",6,6–10,2–3 min,machines
full_body_2x,Full Body 2×/week,2,advanced,3 of 4,lose,lose,1,full_body_b,Full Body B,1,Conventional deadlift,Hamstrings and Glutes — Hip Hinge,hip_hinge,"Hamstrings, Glutes, Lower back",5,6–10,2–3 min,barbell
full_body_2x,Full Body 2×/week,2,advanced,3 of 4,lose,lose,1,full_body_b,Full Body B,2,Incline barbell press,Chest — Incline Push (Upper Chest),chest_incline_push,"Upper chest, Shoulders, Triceps",6,6–10,2–3 min,barbell
full_body_2x,Full Body 2×/week,2,advanced,3 of 4,lose,lose,1,full_body_b,Full Body B,3,Pull-up (overhand),Back — Vertical Pull (Lat Width),back_vertical_pull,"Lats, Biceps, Rear delts",5,6–10,2–3 min,pullup_bar
full_body_2x,Full Body 2×/week,2,advanced,3 of 4,lose,lose,1,full_body_b,Full Body B,4,Barbell overhead press,Shoulders — Vertical Push,shoulders_vertical_push,"Shoulders, Triceps, Upper chest",3,6–10,2–3 min,barbell
full_body_2x,Full Body 2×/week,2,advanced,3 of 4,lose,lose,1,full_body_b,Full Body B,5,Face pull (cable),Rear Delt and Upper Back,rear_delt,"Rear deltoids, External rotators, Upper traps",6,15–20,90 sec,cables
full_body_2x,Full Body 2×/week,2,advanced,3 of 4,lose,lose,1,full_body_b,Full Body B,6,Bayesian cable curl,Biceps,biceps,"Biceps, Brachialis",6,12–15,90 sec,cables
full_body_2x,Full Body 2×/week,2,advanced,3 of 4,lose,lose,1,full_body_b,Full Body B,7,Seated calf raise,Calves,calves,"Gastrocnemius, Soleus",5,10–15,90 sec,machines
full_body_2x,Full Body 2×/week,2,advanced,3 of 4,lose,lose,1,full_body_b,Full Body B,8,Cable pull-through,Glutes — Compound and Isolation,glute_focused,"Glutes, Glute medius, Adductors",6,10–15,90 sec,cables
full_body_2x,Full Body 2×/week,2,advanced,4 of 4,endurance,endurance,0,full_body_a,Full Body A,0,Barbell back squat,Quads — Squat Pattern,squat_pattern,"Quads, Glutes, Hamstrings",6,12–20,60 sec,barbell
full_body_2x,Full Body 2×/week,2,advanced,4 of 4,endurance,endurance,0,full_body_a,Full Body A,1,Barbell bench press,Chest — Horizontal Push,chest_horizontal_push,"Chest, Shoulders, Triceps",6,12–20,60 sec,barbell
full_body_2x,Full Body 2×/week,2,advanced,4 of 4,endurance,endurance,0,full_body_a,Full Body A,2,Barbell row,Back — Horizontal Pull (Back Thickness + Inner Back),back_horizontal_pull,"Lats, Rhomboids, Mid-traps, Rear delts, Biceps",6,12–20,60 sec,barbell
full_body_2x,Full Body 2×/week,2,advanced,4 of 4,endurance,endurance,0,full_body_a,Full Body A,3,Cable row (wide grip / flared elbows),Back — Inner Back / Rhomboids,back_inner,"Rhomboids, Mid-traps, Rear delts",5,10–15,30–45 sec,cables
full_body_2x,Full Body 2×/week,2,advanced,4 of 4,endurance,endurance,0,full_body_a,Full Body A,4,Cable lateral raise,Shoulders — Side Delt Isolation,shoulders_side_delt,Side deltoids,6,12–20,30–45 sec,cables
full_body_2x,Full Body 2×/week,2,advanced,4 of 4,endurance,endurance,0,full_body_a,Full Body A,5,Overhead tricep extension,Triceps,triceps,Triceps,6,15–25,30–45 sec,cables
full_body_2x,Full Body 2×/week,2,advanced,4 of 4,endurance,endurance,0,full_body_a,Full Body A,6,Standing calf raise,Calves,calves,"Gastrocnemius, Soleus",5,10–15,30–45 sec,machines
full_body_2x,Full Body 2×/week,2,advanced,4 of 4,endurance,endurance,0,full_body_a,Full Body A,7,Walking lunge (long stride),Glutes — Compound and Isolation,glute_focused,"Glutes, Glute medius, Adductors",6,10–15,30–45 sec,bodyweight+dumbbells
full_body_2x,Full Body 2×/week,2,advanced,4 of 4,endurance,endurance,0,full_body_a,Full Body A,8,Romanian deadlift (barbell),Hamstrings and Glutes — Hip Hinge,hip_hinge,"Hamstrings, Glutes, Lower back",5,12–20,60 sec,barbell
full_body_2x,Full Body 2×/week,2,advanced,4 of 4,endurance,endurance,1,full_body_b,Full Body B,0,45° leg press,Quads — Squat Pattern,squat_pattern,"Quads, Glutes, Hamstrings",6,12–20,60 sec,machines
full_body_2x,Full Body 2×/week,2,advanced,4 of 4,endurance,endurance,1,full_body_b,Full Body B,1,Conventional deadlift,Hamstrings and Glutes — Hip Hinge,hip_hinge,"Hamstrings, Glutes, Lower back",5,12–20,60 sec,barbell
full_body_2x,Full Body 2×/week,2,advanced,4 of 4,endurance,endurance,1,full_body_b,Full Body B,2,Incline barbell press,Chest — Incline Push (Upper Chest),chest_incline_push,"Upper chest, Shoulders, Triceps",6,12–20,60 sec,barbell
full_body_2x,Full Body 2×/week,2,advanced,4 of 4,endurance,endurance,1,full_body_b,Full Body B,3,Pull-up (overhand),Back — Vertical Pull (Lat Width),back_vertical_pull,"Lats, Biceps, Rear delts",5,6–10,60 sec,pullup_bar
full_body_2x,Full Body 2×/week,2,advanced,4 of 4,endurance,endurance,1,full_body_b,Full Body B,4,Barbell overhead press,Shoulders — Vertical Push,shoulders_vertical_push,"Shoulders, Triceps, Upper chest",3,12–20,60 sec,barbell
full_body_2x,Full Body 2×/week,2,advanced,4 of 4,endurance,endurance,1,full_body_b,Full Body B,5,Face pull (cable),Rear Delt and Upper Back,rear_delt,"Rear deltoids, External rotators, Upper traps",6,15–20,30–45 sec,cables
full_body_2x,Full Body 2×/week,2,advanced,4 of 4,endurance,endurance,1,full_body_b,Full Body B,6,Bayesian cable curl,Biceps,biceps,"Biceps, Brachialis",6,15–25,30–45 sec,cables
full_body_2x,Full Body 2×/week,2,advanced,4 of 4,endurance,endurance,1,full_body_b,Full Body B,7,Seated calf raise,Calves,calves,"Gastrocnemius, Soleus",5,10–15,30–45 sec,machines
full_body_2x,Full Body 2×/week,2,advanced,4 of 4,endurance,endurance,1,full_body_b,Full Body B,8,Cable pull-through,Glutes — Compound and Isolation,glute_focused,"Glutes, Glute medius, Adductors",6,10–15,30–45 sec,cables
full_body_3x,Full Body 3×/week,3,beginner,1 of 4,muscle,muscle | maintain | default | recomp | cut_strength | cut_endurance | powerbuilding | hybrid_muscle | hybrid_strength | powerbuilding_cut | athletic_recomp | athletic_cut | athletic_bulk,0,full_body_a,Full Body A,0,Barbell back squat,Quads — Squat Pattern,squat_pattern,"Quads, Glutes, Hamstrings",2,10–15,90 sec,barbell
full_body_3x,Full Body 3×/week,3,beginner,1 of 4,muscle,muscle | maintain | default | recomp | cut_strength | cut_endurance | powerbuilding | hybrid_muscle | hybrid_strength | powerbuilding_cut | athletic_recomp | athletic_cut | athletic_bulk,0,full_body_a,Full Body A,1,Barbell bench press,Chest — Horizontal Push,chest_horizontal_push,"Chest, Shoulders, Triceps",2,10–15,90 sec,barbell
full_body_3x,Full Body 3×/week,3,beginner,1 of 4,muscle,muscle | maintain | default | recomp | cut_strength | cut_endurance | powerbuilding | hybrid_muscle | hybrid_strength | powerbuilding_cut | athletic_recomp | athletic_cut | athletic_bulk,0,full_body_a,Full Body A,2,Barbell row,Back — Horizontal Pull (Back Thickness + Inner Back),back_horizontal_pull,"Lats, Rhomboids, Mid-traps, Rear delts, Biceps",3,10–15,90 sec,barbell
full_body_3x,Full Body 3×/week,3,beginner,1 of 4,muscle,muscle | maintain | default | recomp | cut_strength | cut_endurance | powerbuilding | hybrid_muscle | hybrid_strength | powerbuilding_cut | athletic_recomp | athletic_cut | athletic_bulk,0,full_body_a,Full Body A,3,Cable lateral raise,Shoulders — Side Delt Isolation,shoulders_side_delt,Side deltoids,3,12–20,60 sec,cables
full_body_3x,Full Body 3×/week,3,beginner,1 of 4,muscle,muscle | maintain | default | recomp | cut_strength | cut_endurance | powerbuilding | hybrid_muscle | hybrid_strength | powerbuilding_cut | athletic_recomp | athletic_cut | athletic_bulk,0,full_body_a,Full Body A,4,Face pull (cable),Rear Delt and Upper Back,rear_delt,"Rear deltoids, External rotators, Upper traps",2,15–20,60 sec,cables
full_body_3x,Full Body 3×/week,3,beginner,1 of 4,muscle,muscle | maintain | default | recomp | cut_strength | cut_endurance | powerbuilding | hybrid_muscle | hybrid_strength | powerbuilding_cut | athletic_recomp | athletic_cut | athletic_bulk,0,full_body_a,Full Body A,5,Overhead tricep extension,Triceps,triceps,Triceps,2,12–15,60 sec,cables
full_body_3x,Full Body 3×/week,3,beginner,1 of 4,muscle,muscle | maintain | default | recomp | cut_strength | cut_endurance | powerbuilding | hybrid_muscle | hybrid_strength | powerbuilding_cut | athletic_recomp | athletic_cut | athletic_bulk,0,full_body_a,Full Body A,6,Bayesian cable curl,Biceps,biceps,"Biceps, Brachialis",2,12–15,60 sec,cables
full_body_3x,Full Body 3×/week,3,beginner,1 of 4,muscle,muscle | maintain | default | recomp | cut_strength | cut_endurance | powerbuilding | hybrid_muscle | hybrid_strength | powerbuilding_cut | athletic_recomp | athletic_cut | athletic_bulk,0,full_body_a,Full Body A,7,Standing calf raise,Calves,calves,"Gastrocnemius, Soleus",2,10–15,60 sec,machines
full_body_3x,Full Body 3×/week,3,beginner,1 of 4,muscle,muscle | maintain | default | recomp | cut_strength | cut_endurance | powerbuilding | hybrid_muscle | hybrid_strength | powerbuilding_cut | athletic_recomp | athletic_cut | athletic_bulk,0,full_body_a,Full Body A,8,Cable crunch,Core — Weighted Ab Training,core,"Rectus abdominis, Obliques",2,12–20,60 sec,cables
full_body_3x,Full Body 3×/week,3,beginner,1 of 4,muscle,muscle | maintain | default | recomp | cut_strength | cut_endurance | powerbuilding | hybrid_muscle | hybrid_strength | powerbuilding_cut | athletic_recomp | athletic_cut | athletic_bulk,1,full_body_b,Full Body B,0,Romanian deadlift (barbell),Hamstrings and Glutes — Hip Hinge,hip_hinge,"Hamstrings, Glutes, Lower back",3,10–15,90 sec,barbell
full_body_3x,Full Body 3×/week,3,beginner,1 of 4,muscle,muscle | maintain | default | recomp | cut_strength | cut_endurance | powerbuilding | hybrid_muscle | hybrid_strength | powerbuilding_cut | athletic_recomp | athletic_cut | athletic_bulk,1,full_body_b,Full Body B,1,Incline barbell press,Chest — Incline Push (Upper Chest),chest_incline_push,"Upper chest, Shoulders, Triceps",2,10–15,90 sec,barbell
full_body_3x,Full Body 3×/week,3,beginner,1 of 4,muscle,muscle | maintain | default | recomp | cut_strength | cut_endurance | powerbuilding | hybrid_muscle | hybrid_strength | powerbuilding_cut | athletic_recomp | athletic_cut | athletic_bulk,1,full_body_b,Full Body B,2,Pull-up (overhand),Back — Vertical Pull (Lat Width),back_vertical_pull,"Lats, Biceps, Rear delts",3,6–10,90 sec,pullup_bar
full_body_3x,Full Body 3×/week,3,beginner,1 of 4,muscle,muscle | maintain | default | recomp | cut_strength | cut_endurance | powerbuilding | hybrid_muscle | hybrid_strength | powerbuilding_cut | athletic_recomp | athletic_cut | athletic_bulk,1,full_body_b,Full Body B,3,Face pull (cable),Rear Delt and Upper Back,rear_delt,"Rear deltoids, External rotators, Upper traps",2,15–20,60 sec,cables
full_body_3x,Full Body 3×/week,3,beginner,1 of 4,muscle,muscle | maintain | default | recomp | cut_strength | cut_endurance | powerbuilding | hybrid_muscle | hybrid_strength | powerbuilding_cut | athletic_recomp | athletic_cut | athletic_bulk,1,full_body_b,Full Body B,4,Walking lunge (long stride),Glutes — Compound and Isolation,glute_focused,"Glutes, Glute medius, Adductors",3,10–15,60 sec,bodyweight+dumbbells
full_body_3x,Full Body 3×/week,3,beginner,1 of 4,muscle,muscle | maintain | default | recomp | cut_strength | cut_endurance | powerbuilding | hybrid_muscle | hybrid_strength | powerbuilding_cut | athletic_recomp | athletic_cut | athletic_bulk,1,full_body_b,Full Body B,5,Leg extensions,Quads — Isolation,quad_isolation,Quads,2,12–20,60 sec,machines
full_body_3x,Full Body 3×/week,3,beginner,1 of 4,muscle,muscle | maintain | default | recomp | cut_strength | cut_endurance | powerbuilding | hybrid_muscle | hybrid_strength | powerbuilding_cut | athletic_recomp | athletic_cut | athletic_bulk,1,full_body_b,Full Body B,6,Seated calf raise,Calves,calves,"Gastrocnemius, Soleus",2,10–15,60 sec,machines
full_body_3x,Full Body 3×/week,3,beginner,1 of 4,muscle,muscle | maintain | default | recomp | cut_strength | cut_endurance | powerbuilding | hybrid_muscle | hybrid_strength | powerbuilding_cut | athletic_recomp | athletic_cut | athletic_bulk,1,full_body_b,Full Body B,7,Cable crunch,Core — Weighted Ab Training,core,"Rectus abdominis, Obliques",2,12–20,60 sec,cables
full_body_3x,Full Body 3×/week,3,beginner,1 of 4,muscle,muscle | maintain | default | recomp | cut_strength | cut_endurance | powerbuilding | hybrid_muscle | hybrid_strength | powerbuilding_cut | athletic_recomp | athletic_cut | athletic_bulk,2,full_body_c,Full Body C,0,45° leg press,Quads — Squat Pattern,squat_pattern,"Quads, Glutes, Hamstrings",2,10–15,90 sec,machines
full_body_3x,Full Body 3×/week,3,beginner,1 of 4,muscle,muscle | maintain | default | recomp | cut_strength | cut_endurance | powerbuilding | hybrid_muscle | hybrid_strength | powerbuilding_cut | athletic_recomp | athletic_cut | athletic_bulk,2,full_body_c,Full Body C,1,Cable crossover (lower chest),Chest — Decline / Lower Chest,chest_decline,"Lower chest, Mid chest, Triceps",2,12–15,60 sec,cables
full_body_3x,Full Body 3×/week,3,beginner,1 of 4,muscle,muscle | maintain | default | recomp | cut_strength | cut_endurance | powerbuilding | hybrid_muscle | hybrid_strength | powerbuilding_cut | athletic_recomp | athletic_cut | athletic_bulk,2,full_body_c,Full Body C,2,Cable row (wide grip / flared elbows),Back — Inner Back / Rhomboids,back_inner,"Rhomboids, Mid-traps, Rear delts",2,10–15,60 sec,cables
full_body_3x,Full Body 3×/week,3,beginner,1 of 4,muscle,muscle | maintain | default | recomp | cut_strength | cut_endurance | powerbuilding | hybrid_muscle | hybrid_strength | powerbuilding_cut | athletic_recomp | athletic_cut | athletic_bulk,2,full_body_c,Full Body C,3,Cable lateral raise,Shoulders — Side Delt Isolation,shoulders_side_delt,Side deltoids,2,12–20,60 sec,cables
full_body_3x,Full Body 3×/week,3,beginner,1 of 4,muscle,muscle | maintain | default | recomp | cut_strength | cut_endurance | powerbuilding | hybrid_muscle | hybrid_strength | powerbuilding_cut | athletic_recomp | athletic_cut | athletic_bulk,2,full_body_c,Full Body C,4,Barbell overhead press,Shoulders — Vertical Push,shoulders_vertical_push,"Shoulders, Triceps, Upper chest",3,10–15,90 sec,barbell
full_body_3x,Full Body 3×/week,3,beginner,1 of 4,muscle,muscle | maintain | default | recomp | cut_strength | cut_endurance | powerbuilding | hybrid_muscle | hybrid_strength | powerbuilding_cut | athletic_recomp | athletic_cut | athletic_bulk,2,full_body_c,Full Body C,5,Cable tricep pushdown (rope or bar),Triceps,triceps,Triceps,2,12–15,60 sec,cables
full_body_3x,Full Body 3×/week,3,beginner,1 of 4,muscle,muscle | maintain | default | recomp | cut_strength | cut_endurance | powerbuilding | hybrid_muscle | hybrid_strength | powerbuilding_cut | athletic_recomp | athletic_cut | athletic_bulk,2,full_body_c,Full Body C,6,Preacher curl,Biceps,biceps,"Biceps, Brachialis",2,12–15,60 sec,barbell
full_body_3x,Full Body 3×/week,3,beginner,1 of 4,muscle,muscle | maintain | default | recomp | cut_strength | cut_endurance | powerbuilding | hybrid_muscle | hybrid_strength | powerbuilding_cut | athletic_recomp | athletic_cut | athletic_bulk,2,full_body_c,Full Body C,7,Cable pull-through,Glutes — Compound and Isolation,glute_focused,"Glutes, Glute medius, Adductors",3,10–15,60 sec,cables
full_body_3x,Full Body 3×/week,3,beginner,1 of 4,muscle,muscle | maintain | default | recomp | cut_strength | cut_endurance | powerbuilding | hybrid_muscle | hybrid_strength | powerbuilding_cut | athletic_recomp | athletic_cut | athletic_bulk,2,full_body_c,Full Body C,8,Seated leg curl,Hamstrings — Isolation,hamstring_isolation,Hamstrings,2,12–15,60 sec,machines
full_body_3x,Full Body 3×/week,3,beginner,2 of 4,strength,strength,0,full_body_a,Full Body A,0,Barbell back squat,Quads — Squat Pattern,squat_pattern,"Quads, Glutes, Hamstrings",2,3–6,3–5 min,barbell
full_body_3x,Full Body 3×/week,3,beginner,2 of 4,strength,strength,0,full_body_a,Full Body A,1,Barbell bench press,Chest — Horizontal Push,chest_horizontal_push,"Chest, Shoulders, Triceps",2,3–6,3–5 min,barbell
full_body_3x,Full Body 3×/week,3,beginner,2 of 4,strength,strength,0,full_body_a,Full Body A,2,Barbell row,Back — Horizontal Pull (Back Thickness + Inner Back),back_horizontal_pull,"Lats, Rhomboids, Mid-traps, Rear delts, Biceps",3,3–6,3–5 min,barbell
full_body_3x,Full Body 3×/week,3,beginner,2 of 4,strength,strength,0,full_body_a,Full Body A,3,Cable lateral raise,Shoulders — Side Delt Isolation,shoulders_side_delt,Side deltoids,3,12–20,2 min,cables
full_body_3x,Full Body 3×/week,3,beginner,2 of 4,strength,strength,0,full_body_a,Full Body A,4,Face pull (cable),Rear Delt and Upper Back,rear_delt,"Rear deltoids, External rotators, Upper traps",2,15–20,2 min,cables
full_body_3x,Full Body 3×/week,3,beginner,2 of 4,strength,strength,0,full_body_a,Full Body A,5,Overhead tricep extension,Triceps,triceps,Triceps,2,8–12,2 min,cables
full_body_3x,Full Body 3×/week,3,beginner,2 of 4,strength,strength,0,full_body_a,Full Body A,6,Bayesian cable curl,Biceps,biceps,"Biceps, Brachialis",2,8–12,2 min,cables
full_body_3x,Full Body 3×/week,3,beginner,2 of 4,strength,strength,0,full_body_a,Full Body A,7,Standing calf raise,Calves,calves,"Gastrocnemius, Soleus",2,10–15,2 min,machines
full_body_3x,Full Body 3×/week,3,beginner,2 of 4,strength,strength,0,full_body_a,Full Body A,8,Cable crunch,Core — Weighted Ab Training,core,"Rectus abdominis, Obliques",2,12–20,2 min,cables
full_body_3x,Full Body 3×/week,3,beginner,2 of 4,strength,strength,1,full_body_b,Full Body B,0,Romanian deadlift (barbell),Hamstrings and Glutes — Hip Hinge,hip_hinge,"Hamstrings, Glutes, Lower back",3,3–6,3–5 min,barbell
full_body_3x,Full Body 3×/week,3,beginner,2 of 4,strength,strength,1,full_body_b,Full Body B,1,Incline barbell press,Chest — Incline Push (Upper Chest),chest_incline_push,"Upper chest, Shoulders, Triceps",2,3–6,3–5 min,barbell
full_body_3x,Full Body 3×/week,3,beginner,2 of 4,strength,strength,1,full_body_b,Full Body B,2,Pull-up (overhand),Back — Vertical Pull (Lat Width),back_vertical_pull,"Lats, Biceps, Rear delts",3,6–10,3–5 min,pullup_bar
full_body_3x,Full Body 3×/week,3,beginner,2 of 4,strength,strength,1,full_body_b,Full Body B,3,Face pull (cable),Rear Delt and Upper Back,rear_delt,"Rear deltoids, External rotators, Upper traps",2,15–20,2 min,cables
full_body_3x,Full Body 3×/week,3,beginner,2 of 4,strength,strength,1,full_body_b,Full Body B,4,Walking lunge (long stride),Glutes — Compound and Isolation,glute_focused,"Glutes, Glute medius, Adductors",3,10–15,2 min,bodyweight+dumbbells
full_body_3x,Full Body 3×/week,3,beginner,2 of 4,strength,strength,1,full_body_b,Full Body B,5,Leg extensions,Quads — Isolation,quad_isolation,Quads,2,12–20,2 min,machines
full_body_3x,Full Body 3×/week,3,beginner,2 of 4,strength,strength,1,full_body_b,Full Body B,6,Seated calf raise,Calves,calves,"Gastrocnemius, Soleus",2,10–15,2 min,machines
full_body_3x,Full Body 3×/week,3,beginner,2 of 4,strength,strength,1,full_body_b,Full Body B,7,Cable crunch,Core — Weighted Ab Training,core,"Rectus abdominis, Obliques",2,12–20,2 min,cables
full_body_3x,Full Body 3×/week,3,beginner,2 of 4,strength,strength,2,full_body_c,Full Body C,0,45° leg press,Quads — Squat Pattern,squat_pattern,"Quads, Glutes, Hamstrings",2,3–6,3–5 min,machines
full_body_3x,Full Body 3×/week,3,beginner,2 of 4,strength,strength,2,full_body_c,Full Body C,1,Cable crossover (lower chest),Chest — Decline / Lower Chest,chest_decline,"Lower chest, Mid chest, Triceps",2,8–12,2 min,cables
full_body_3x,Full Body 3×/week,3,beginner,2 of 4,strength,strength,2,full_body_c,Full Body C,2,Cable row (wide grip / flared elbows),Back — Inner Back / Rhomboids,back_inner,"Rhomboids, Mid-traps, Rear delts",2,10–15,2 min,cables
full_body_3x,Full Body 3×/week,3,beginner,2 of 4,strength,strength,2,full_body_c,Full Body C,3,Cable lateral raise,Shoulders — Side Delt Isolation,shoulders_side_delt,Side deltoids,2,12–20,2 min,cables
full_body_3x,Full Body 3×/week,3,beginner,2 of 4,strength,strength,2,full_body_c,Full Body C,4,Barbell overhead press,Shoulders — Vertical Push,shoulders_vertical_push,"Shoulders, Triceps, Upper chest",3,3–6,3–5 min,barbell
full_body_3x,Full Body 3×/week,3,beginner,2 of 4,strength,strength,2,full_body_c,Full Body C,5,Cable tricep pushdown (rope or bar),Triceps,triceps,Triceps,2,8–12,2 min,cables
full_body_3x,Full Body 3×/week,3,beginner,2 of 4,strength,strength,2,full_body_c,Full Body C,6,Preacher curl,Biceps,biceps,"Biceps, Brachialis",2,8–12,2 min,barbell
full_body_3x,Full Body 3×/week,3,beginner,2 of 4,strength,strength,2,full_body_c,Full Body C,7,Cable pull-through,Glutes — Compound and Isolation,glute_focused,"Glutes, Glute medius, Adductors",3,10–15,2 min,cables
full_body_3x,Full Body 3×/week,3,beginner,2 of 4,strength,strength,2,full_body_c,Full Body C,8,Seated leg curl,Hamstrings — Isolation,hamstring_isolation,Hamstrings,2,8–12,2 min,machines
full_body_3x,Full Body 3×/week,3,beginner,3 of 4,lose,lose,0,full_body_a,Full Body A,0,Barbell back squat,Quads — Squat Pattern,squat_pattern,"Quads, Glutes, Hamstrings",2,6–10,2–3 min,barbell
full_body_3x,Full Body 3×/week,3,beginner,3 of 4,lose,lose,0,full_body_a,Full Body A,1,Barbell bench press,Chest — Horizontal Push,chest_horizontal_push,"Chest, Shoulders, Triceps",2,6–10,2–3 min,barbell
full_body_3x,Full Body 3×/week,3,beginner,3 of 4,lose,lose,0,full_body_a,Full Body A,2,Barbell row,Back — Horizontal Pull (Back Thickness + Inner Back),back_horizontal_pull,"Lats, Rhomboids, Mid-traps, Rear delts, Biceps",3,6–10,2–3 min,barbell
full_body_3x,Full Body 3×/week,3,beginner,3 of 4,lose,lose,0,full_body_a,Full Body A,3,Cable lateral raise,Shoulders — Side Delt Isolation,shoulders_side_delt,Side deltoids,3,12–20,90 sec,cables
full_body_3x,Full Body 3×/week,3,beginner,3 of 4,lose,lose,0,full_body_a,Full Body A,4,Face pull (cable),Rear Delt and Upper Back,rear_delt,"Rear deltoids, External rotators, Upper traps",2,15–20,90 sec,cables
full_body_3x,Full Body 3×/week,3,beginner,3 of 4,lose,lose,0,full_body_a,Full Body A,5,Overhead tricep extension,Triceps,triceps,Triceps,2,12–15,90 sec,cables
full_body_3x,Full Body 3×/week,3,beginner,3 of 4,lose,lose,0,full_body_a,Full Body A,6,Bayesian cable curl,Biceps,biceps,"Biceps, Brachialis",2,12–15,90 sec,cables
full_body_3x,Full Body 3×/week,3,beginner,3 of 4,lose,lose,0,full_body_a,Full Body A,7,Standing calf raise,Calves,calves,"Gastrocnemius, Soleus",2,10–15,90 sec,machines
full_body_3x,Full Body 3×/week,3,beginner,3 of 4,lose,lose,0,full_body_a,Full Body A,8,Cable crunch,Core — Weighted Ab Training,core,"Rectus abdominis, Obliques",2,12–20,90 sec,cables
full_body_3x,Full Body 3×/week,3,beginner,3 of 4,lose,lose,1,full_body_b,Full Body B,0,Romanian deadlift (barbell),Hamstrings and Glutes — Hip Hinge,hip_hinge,"Hamstrings, Glutes, Lower back",3,6–10,2–3 min,barbell
full_body_3x,Full Body 3×/week,3,beginner,3 of 4,lose,lose,1,full_body_b,Full Body B,1,Incline barbell press,Chest — Incline Push (Upper Chest),chest_incline_push,"Upper chest, Shoulders, Triceps",2,6–10,2–3 min,barbell
full_body_3x,Full Body 3×/week,3,beginner,3 of 4,lose,lose,1,full_body_b,Full Body B,2,Pull-up (overhand),Back — Vertical Pull (Lat Width),back_vertical_pull,"Lats, Biceps, Rear delts",3,6–10,2–3 min,pullup_bar
full_body_3x,Full Body 3×/week,3,beginner,3 of 4,lose,lose,1,full_body_b,Full Body B,3,Face pull (cable),Rear Delt and Upper Back,rear_delt,"Rear deltoids, External rotators, Upper traps",2,15–20,90 sec,cables
full_body_3x,Full Body 3×/week,3,beginner,3 of 4,lose,lose,1,full_body_b,Full Body B,4,Walking lunge (long stride),Glutes — Compound and Isolation,glute_focused,"Glutes, Glute medius, Adductors",3,10–15,90 sec,bodyweight+dumbbells
full_body_3x,Full Body 3×/week,3,beginner,3 of 4,lose,lose,1,full_body_b,Full Body B,5,Leg extensions,Quads — Isolation,quad_isolation,Quads,2,12–20,90 sec,machines
full_body_3x,Full Body 3×/week,3,beginner,3 of 4,lose,lose,1,full_body_b,Full Body B,6,Seated calf raise,Calves,calves,"Gastrocnemius, Soleus",2,10–15,90 sec,machines
full_body_3x,Full Body 3×/week,3,beginner,3 of 4,lose,lose,1,full_body_b,Full Body B,7,Cable crunch,Core — Weighted Ab Training,core,"Rectus abdominis, Obliques",2,12–20,90 sec,cables
full_body_3x,Full Body 3×/week,3,beginner,3 of 4,lose,lose,2,full_body_c,Full Body C,0,45° leg press,Quads — Squat Pattern,squat_pattern,"Quads, Glutes, Hamstrings",2,6–10,2–3 min,machines
full_body_3x,Full Body 3×/week,3,beginner,3 of 4,lose,lose,2,full_body_c,Full Body C,1,Cable crossover (lower chest),Chest — Decline / Lower Chest,chest_decline,"Lower chest, Mid chest, Triceps",2,12–15,90 sec,cables
full_body_3x,Full Body 3×/week,3,beginner,3 of 4,lose,lose,2,full_body_c,Full Body C,2,Cable row (wide grip / flared elbows),Back — Inner Back / Rhomboids,back_inner,"Rhomboids, Mid-traps, Rear delts",2,10–15,90 sec,cables
full_body_3x,Full Body 3×/week,3,beginner,3 of 4,lose,lose,2,full_body_c,Full Body C,3,Cable lateral raise,Shoulders — Side Delt Isolation,shoulders_side_delt,Side deltoids,2,12–20,90 sec,cables
full_body_3x,Full Body 3×/week,3,beginner,3 of 4,lose,lose,2,full_body_c,Full Body C,4,Barbell overhead press,Shoulders — Vertical Push,shoulders_vertical_push,"Shoulders, Triceps, Upper chest",3,6–10,2–3 min,barbell
full_body_3x,Full Body 3×/week,3,beginner,3 of 4,lose,lose,2,full_body_c,Full Body C,5,Cable tricep pushdown (rope or bar),Triceps,triceps,Triceps,2,12–15,90 sec,cables
full_body_3x,Full Body 3×/week,3,beginner,3 of 4,lose,lose,2,full_body_c,Full Body C,6,Preacher curl,Biceps,biceps,"Biceps, Brachialis",2,12–15,90 sec,barbell
full_body_3x,Full Body 3×/week,3,beginner,3 of 4,lose,lose,2,full_body_c,Full Body C,7,Cable pull-through,Glutes — Compound and Isolation,glute_focused,"Glutes, Glute medius, Adductors",3,10–15,90 sec,cables
full_body_3x,Full Body 3×/week,3,beginner,3 of 4,lose,lose,2,full_body_c,Full Body C,8,Seated leg curl,Hamstrings — Isolation,hamstring_isolation,Hamstrings,2,12–15,90 sec,machines
full_body_3x,Full Body 3×/week,3,beginner,4 of 4,endurance,endurance,0,full_body_a,Full Body A,0,Barbell back squat,Quads — Squat Pattern,squat_pattern,"Quads, Glutes, Hamstrings",2,12–20,60 sec,barbell
full_body_3x,Full Body 3×/week,3,beginner,4 of 4,endurance,endurance,0,full_body_a,Full Body A,1,Barbell bench press,Chest — Horizontal Push,chest_horizontal_push,"Chest, Shoulders, Triceps",2,12–20,60 sec,barbell
full_body_3x,Full Body 3×/week,3,beginner,4 of 4,endurance,endurance,0,full_body_a,Full Body A,2,Barbell row,Back — Horizontal Pull (Back Thickness + Inner Back),back_horizontal_pull,"Lats, Rhomboids, Mid-traps, Rear delts, Biceps",3,12–20,60 sec,barbell
full_body_3x,Full Body 3×/week,3,beginner,4 of 4,endurance,endurance,0,full_body_a,Full Body A,3,Cable lateral raise,Shoulders — Side Delt Isolation,shoulders_side_delt,Side deltoids,3,12–20,30–45 sec,cables
full_body_3x,Full Body 3×/week,3,beginner,4 of 4,endurance,endurance,0,full_body_a,Full Body A,4,Face pull (cable),Rear Delt and Upper Back,rear_delt,"Rear deltoids, External rotators, Upper traps",2,15–20,30–45 sec,cables
full_body_3x,Full Body 3×/week,3,beginner,4 of 4,endurance,endurance,0,full_body_a,Full Body A,5,Overhead tricep extension,Triceps,triceps,Triceps,2,15–25,30–45 sec,cables
full_body_3x,Full Body 3×/week,3,beginner,4 of 4,endurance,endurance,0,full_body_a,Full Body A,6,Bayesian cable curl,Biceps,biceps,"Biceps, Brachialis",2,15–25,30–45 sec,cables
full_body_3x,Full Body 3×/week,3,beginner,4 of 4,endurance,endurance,0,full_body_a,Full Body A,7,Standing calf raise,Calves,calves,"Gastrocnemius, Soleus",2,10–15,30–45 sec,machines
full_body_3x,Full Body 3×/week,3,beginner,4 of 4,endurance,endurance,0,full_body_a,Full Body A,8,Cable crunch,Core — Weighted Ab Training,core,"Rectus abdominis, Obliques",2,12–20,30–45 sec,cables
full_body_3x,Full Body 3×/week,3,beginner,4 of 4,endurance,endurance,1,full_body_b,Full Body B,0,Romanian deadlift (barbell),Hamstrings and Glutes — Hip Hinge,hip_hinge,"Hamstrings, Glutes, Lower back",3,12–20,60 sec,barbell
full_body_3x,Full Body 3×/week,3,beginner,4 of 4,endurance,endurance,1,full_body_b,Full Body B,1,Incline barbell press,Chest — Incline Push (Upper Chest),chest_incline_push,"Upper chest, Shoulders, Triceps",2,12–20,60 sec,barbell
full_body_3x,Full Body 3×/week,3,beginner,4 of 4,endurance,endurance,1,full_body_b,Full Body B,2,Pull-up (overhand),Back — Vertical Pull (Lat Width),back_vertical_pull,"Lats, Biceps, Rear delts",3,6–10,60 sec,pullup_bar
full_body_3x,Full Body 3×/week,3,beginner,4 of 4,endurance,endurance,1,full_body_b,Full Body B,3,Face pull (cable),Rear Delt and Upper Back,rear_delt,"Rear deltoids, External rotators, Upper traps",2,15–20,30–45 sec,cables
full_body_3x,Full Body 3×/week,3,beginner,4 of 4,endurance,endurance,1,full_body_b,Full Body B,4,Walking lunge (long stride),Glutes — Compound and Isolation,glute_focused,"Glutes, Glute medius, Adductors",3,10–15,30–45 sec,bodyweight+dumbbells
full_body_3x,Full Body 3×/week,3,beginner,4 of 4,endurance,endurance,1,full_body_b,Full Body B,5,Leg extensions,Quads — Isolation,quad_isolation,Quads,2,12–20,30–45 sec,machines
full_body_3x,Full Body 3×/week,3,beginner,4 of 4,endurance,endurance,1,full_body_b,Full Body B,6,Seated calf raise,Calves,calves,"Gastrocnemius, Soleus",2,10–15,30–45 sec,machines
full_body_3x,Full Body 3×/week,3,beginner,4 of 4,endurance,endurance,1,full_body_b,Full Body B,7,Cable crunch,Core — Weighted Ab Training,core,"Rectus abdominis, Obliques",2,12–20,30–45 sec,cables
full_body_3x,Full Body 3×/week,3,beginner,4 of 4,endurance,endurance,2,full_body_c,Full Body C,0,45° leg press,Quads — Squat Pattern,squat_pattern,"Quads, Glutes, Hamstrings",2,12–20,60 sec,machines
full_body_3x,Full Body 3×/week,3,beginner,4 of 4,endurance,endurance,2,full_body_c,Full Body C,1,Cable crossover (lower chest),Chest — Decline / Lower Chest,chest_decline,"Lower chest, Mid chest, Triceps",2,15–25,30–45 sec,cables
full_body_3x,Full Body 3×/week,3,beginner,4 of 4,endurance,endurance,2,full_body_c,Full Body C,2,Cable row (wide grip / flared elbows),Back — Inner Back / Rhomboids,back_inner,"Rhomboids, Mid-traps, Rear delts",2,10–15,30–45 sec,cables
full_body_3x,Full Body 3×/week,3,beginner,4 of 4,endurance,endurance,2,full_body_c,Full Body C,3,Cable lateral raise,Shoulders — Side Delt Isolation,shoulders_side_delt,Side deltoids,2,12–20,30–45 sec,cables
full_body_3x,Full Body 3×/week,3,beginner,4 of 4,endurance,endurance,2,full_body_c,Full Body C,4,Barbell overhead press,Shoulders — Vertical Push,shoulders_vertical_push,"Shoulders, Triceps, Upper chest",3,12–20,60 sec,barbell
full_body_3x,Full Body 3×/week,3,beginner,4 of 4,endurance,endurance,2,full_body_c,Full Body C,5,Cable tricep pushdown (rope or bar),Triceps,triceps,Triceps,2,15–25,30–45 sec,cables
full_body_3x,Full Body 3×/week,3,beginner,4 of 4,endurance,endurance,2,full_body_c,Full Body C,6,Preacher curl,Biceps,biceps,"Biceps, Brachialis",2,15–25,30–45 sec,barbell
full_body_3x,Full Body 3×/week,3,beginner,4 of 4,endurance,endurance,2,full_body_c,Full Body C,7,Cable pull-through,Glutes — Compound and Isolation,glute_focused,"Glutes, Glute medius, Adductors",3,10–15,30–45 sec,cables
full_body_3x,Full Body 3×/week,3,beginner,4 of 4,endurance,endurance,2,full_body_c,Full Body C,8,Seated leg curl,Hamstrings — Isolation,hamstring_isolation,Hamstrings,2,15–25,30–45 sec,machines
full_body_3x,Full Body 3×/week,3,intermediate,1 of 4,muscle,muscle | maintain | default | recomp | cut_strength | cut_endurance | powerbuilding | hybrid_muscle | hybrid_strength | powerbuilding_cut | athletic_recomp | athletic_cut | athletic_bulk,0,full_body_a,Full Body A,0,Barbell back squat,Quads — Squat Pattern,squat_pattern,"Quads, Glutes, Hamstrings",4,10–15,90 sec,barbell
full_body_3x,Full Body 3×/week,3,intermediate,1 of 4,muscle,muscle | maintain | default | recomp | cut_strength | cut_endurance | powerbuilding | hybrid_muscle | hybrid_strength | powerbuilding_cut | athletic_recomp | athletic_cut | athletic_bulk,0,full_body_a,Full Body A,1,Barbell bench press,Chest — Horizontal Push,chest_horizontal_push,"Chest, Shoulders, Triceps",4,10–15,90 sec,barbell
full_body_3x,Full Body 3×/week,3,intermediate,1 of 4,muscle,muscle | maintain | default | recomp | cut_strength | cut_endurance | powerbuilding | hybrid_muscle | hybrid_strength | powerbuilding_cut | athletic_recomp | athletic_cut | athletic_bulk,0,full_body_a,Full Body A,2,Barbell row,Back — Horizontal Pull (Back Thickness + Inner Back),back_horizontal_pull,"Lats, Rhomboids, Mid-traps, Rear delts, Biceps",4,10–15,90 sec,barbell
full_body_3x,Full Body 3×/week,3,intermediate,1 of 4,muscle,muscle | maintain | default | recomp | cut_strength | cut_endurance | powerbuilding | hybrid_muscle | hybrid_strength | powerbuilding_cut | athletic_recomp | athletic_cut | athletic_bulk,0,full_body_a,Full Body A,3,Cable lateral raise,Shoulders — Side Delt Isolation,shoulders_side_delt,Side deltoids,4,12–20,60 sec,cables
full_body_3x,Full Body 3×/week,3,intermediate,1 of 4,muscle,muscle | maintain | default | recomp | cut_strength | cut_endurance | powerbuilding | hybrid_muscle | hybrid_strength | powerbuilding_cut | athletic_recomp | athletic_cut | athletic_bulk,0,full_body_a,Full Body A,4,Face pull (cable),Rear Delt and Upper Back,rear_delt,"Rear deltoids, External rotators, Upper traps",3,15–20,60 sec,cables
full_body_3x,Full Body 3×/week,3,intermediate,1 of 4,muscle,muscle | maintain | default | recomp | cut_strength | cut_endurance | powerbuilding | hybrid_muscle | hybrid_strength | powerbuilding_cut | athletic_recomp | athletic_cut | athletic_bulk,0,full_body_a,Full Body A,5,Overhead tricep extension,Triceps,triceps,Triceps,3,12–15,60 sec,cables
full_body_3x,Full Body 3×/week,3,intermediate,1 of 4,muscle,muscle | maintain | default | recomp | cut_strength | cut_endurance | powerbuilding | hybrid_muscle | hybrid_strength | powerbuilding_cut | athletic_recomp | athletic_cut | athletic_bulk,0,full_body_a,Full Body A,6,Bayesian cable curl,Biceps,biceps,"Biceps, Brachialis",3,12–15,60 sec,cables
full_body_3x,Full Body 3×/week,3,intermediate,1 of 4,muscle,muscle | maintain | default | recomp | cut_strength | cut_endurance | powerbuilding | hybrid_muscle | hybrid_strength | powerbuilding_cut | athletic_recomp | athletic_cut | athletic_bulk,0,full_body_a,Full Body A,7,Standing calf raise,Calves,calves,"Gastrocnemius, Soleus",3,10–15,60 sec,machines
full_body_3x,Full Body 3×/week,3,intermediate,1 of 4,muscle,muscle | maintain | default | recomp | cut_strength | cut_endurance | powerbuilding | hybrid_muscle | hybrid_strength | powerbuilding_cut | athletic_recomp | athletic_cut | athletic_bulk,0,full_body_a,Full Body A,8,Cable crunch,Core — Weighted Ab Training,core,"Rectus abdominis, Obliques",3,12–20,60 sec,cables
full_body_3x,Full Body 3×/week,3,intermediate,1 of 4,muscle,muscle | maintain | default | recomp | cut_strength | cut_endurance | powerbuilding | hybrid_muscle | hybrid_strength | powerbuilding_cut | athletic_recomp | athletic_cut | athletic_bulk,1,full_body_b,Full Body B,0,Romanian deadlift (barbell),Hamstrings and Glutes — Hip Hinge,hip_hinge,"Hamstrings, Glutes, Lower back",4,10–15,90 sec,barbell
full_body_3x,Full Body 3×/week,3,intermediate,1 of 4,muscle,muscle | maintain | default | recomp | cut_strength | cut_endurance | powerbuilding | hybrid_muscle | hybrid_strength | powerbuilding_cut | athletic_recomp | athletic_cut | athletic_bulk,1,full_body_b,Full Body B,1,Incline barbell press,Chest — Incline Push (Upper Chest),chest_incline_push,"Upper chest, Shoulders, Triceps",3,10–15,90 sec,barbell
full_body_3x,Full Body 3×/week,3,intermediate,1 of 4,muscle,muscle | maintain | default | recomp | cut_strength | cut_endurance | powerbuilding | hybrid_muscle | hybrid_strength | powerbuilding_cut | athletic_recomp | athletic_cut | athletic_bulk,1,full_body_b,Full Body B,2,Pull-up (overhand),Back — Vertical Pull (Lat Width),back_vertical_pull,"Lats, Biceps, Rear delts",3,6–10,90 sec,pullup_bar
full_body_3x,Full Body 3×/week,3,intermediate,1 of 4,muscle,muscle | maintain | default | recomp | cut_strength | cut_endurance | powerbuilding | hybrid_muscle | hybrid_strength | powerbuilding_cut | athletic_recomp | athletic_cut | athletic_bulk,1,full_body_b,Full Body B,3,Face pull (cable),Rear Delt and Upper Back,rear_delt,"Rear deltoids, External rotators, Upper traps",3,15–20,60 sec,cables
full_body_3x,Full Body 3×/week,3,intermediate,1 of 4,muscle,muscle | maintain | default | recomp | cut_strength | cut_endurance | powerbuilding | hybrid_muscle | hybrid_strength | powerbuilding_cut | athletic_recomp | athletic_cut | athletic_bulk,1,full_body_b,Full Body B,4,Walking lunge (long stride),Glutes — Compound and Isolation,glute_focused,"Glutes, Glute medius, Adductors",4,10–15,60 sec,bodyweight+dumbbells
full_body_3x,Full Body 3×/week,3,intermediate,1 of 4,muscle,muscle | maintain | default | recomp | cut_strength | cut_endurance | powerbuilding | hybrid_muscle | hybrid_strength | powerbuilding_cut | athletic_recomp | athletic_cut | athletic_bulk,1,full_body_b,Full Body B,5,Leg extensions,Quads — Isolation,quad_isolation,Quads,3,12–20,60 sec,machines
full_body_3x,Full Body 3×/week,3,intermediate,1 of 4,muscle,muscle | maintain | default | recomp | cut_strength | cut_endurance | powerbuilding | hybrid_muscle | hybrid_strength | powerbuilding_cut | athletic_recomp | athletic_cut | athletic_bulk,1,full_body_b,Full Body B,6,Seated calf raise,Calves,calves,"Gastrocnemius, Soleus",3,10–15,60 sec,machines
full_body_3x,Full Body 3×/week,3,intermediate,1 of 4,muscle,muscle | maintain | default | recomp | cut_strength | cut_endurance | powerbuilding | hybrid_muscle | hybrid_strength | powerbuilding_cut | athletic_recomp | athletic_cut | athletic_bulk,1,full_body_b,Full Body B,7,Cable crunch,Core — Weighted Ab Training,core,"Rectus abdominis, Obliques",3,12–20,60 sec,cables
full_body_3x,Full Body 3×/week,3,intermediate,1 of 4,muscle,muscle | maintain | default | recomp | cut_strength | cut_endurance | powerbuilding | hybrid_muscle | hybrid_strength | powerbuilding_cut | athletic_recomp | athletic_cut | athletic_bulk,2,full_body_c,Full Body C,0,45° leg press,Quads — Squat Pattern,squat_pattern,"Quads, Glutes, Hamstrings",3,10–15,90 sec,machines
full_body_3x,Full Body 3×/week,3,intermediate,1 of 4,muscle,muscle | maintain | default | recomp | cut_strength | cut_endurance | powerbuilding | hybrid_muscle | hybrid_strength | powerbuilding_cut | athletic_recomp | athletic_cut | athletic_bulk,2,full_body_c,Full Body C,1,Cable crossover (lower chest),Chest — Decline / Lower Chest,chest_decline,"Lower chest, Mid chest, Triceps",3,12–15,60 sec,cables
full_body_3x,Full Body 3×/week,3,intermediate,1 of 4,muscle,muscle | maintain | default | recomp | cut_strength | cut_endurance | powerbuilding | hybrid_muscle | hybrid_strength | powerbuilding_cut | athletic_recomp | athletic_cut | athletic_bulk,2,full_body_c,Full Body C,2,Cable row (wide grip / flared elbows),Back — Inner Back / Rhomboids,back_inner,"Rhomboids, Mid-traps, Rear delts",3,10–15,60 sec,cables
full_body_3x,Full Body 3×/week,3,intermediate,1 of 4,muscle,muscle | maintain | default | recomp | cut_strength | cut_endurance | powerbuilding | hybrid_muscle | hybrid_strength | powerbuilding_cut | athletic_recomp | athletic_cut | athletic_bulk,2,full_body_c,Full Body C,3,Cable lateral raise,Shoulders — Side Delt Isolation,shoulders_side_delt,Side deltoids,4,12–20,60 sec,cables
full_body_3x,Full Body 3×/week,3,intermediate,1 of 4,muscle,muscle | maintain | default | recomp | cut_strength | cut_endurance | powerbuilding | hybrid_muscle | hybrid_strength | powerbuilding_cut | athletic_recomp | athletic_cut | athletic_bulk,2,full_body_c,Full Body C,4,Barbell overhead press,Shoulders — Vertical Push,shoulders_vertical_push,"Shoulders, Triceps, Upper chest",3,10–15,90 sec,barbell
full_body_3x,Full Body 3×/week,3,intermediate,1 of 4,muscle,muscle | maintain | default | recomp | cut_strength | cut_endurance | powerbuilding | hybrid_muscle | hybrid_strength | powerbuilding_cut | athletic_recomp | athletic_cut | athletic_bulk,2,full_body_c,Full Body C,5,Cable tricep pushdown (rope or bar),Triceps,triceps,Triceps,3,12–15,60 sec,cables
full_body_3x,Full Body 3×/week,3,intermediate,1 of 4,muscle,muscle | maintain | default | recomp | cut_strength | cut_endurance | powerbuilding | hybrid_muscle | hybrid_strength | powerbuilding_cut | athletic_recomp | athletic_cut | athletic_bulk,2,full_body_c,Full Body C,6,Preacher curl,Biceps,biceps,"Biceps, Brachialis",3,12–15,60 sec,barbell
full_body_3x,Full Body 3×/week,3,intermediate,1 of 4,muscle,muscle | maintain | default | recomp | cut_strength | cut_endurance | powerbuilding | hybrid_muscle | hybrid_strength | powerbuilding_cut | athletic_recomp | athletic_cut | athletic_bulk,2,full_body_c,Full Body C,7,Cable pull-through,Glutes — Compound and Isolation,glute_focused,"Glutes, Glute medius, Adductors",4,10–15,60 sec,cables
full_body_3x,Full Body 3×/week,3,intermediate,1 of 4,muscle,muscle | maintain | default | recomp | cut_strength | cut_endurance | powerbuilding | hybrid_muscle | hybrid_strength | powerbuilding_cut | athletic_recomp | athletic_cut | athletic_bulk,2,full_body_c,Full Body C,8,Seated leg curl,Hamstrings — Isolation,hamstring_isolation,Hamstrings,4,12–15,60 sec,machines
full_body_3x,Full Body 3×/week,3,intermediate,2 of 4,strength,strength,0,full_body_a,Full Body A,0,Barbell back squat,Quads — Squat Pattern,squat_pattern,"Quads, Glutes, Hamstrings",4,3–6,3–5 min,barbell
full_body_3x,Full Body 3×/week,3,intermediate,2 of 4,strength,strength,0,full_body_a,Full Body A,1,Barbell bench press,Chest — Horizontal Push,chest_horizontal_push,"Chest, Shoulders, Triceps",4,3–6,3–5 min,barbell
full_body_3x,Full Body 3×/week,3,intermediate,2 of 4,strength,strength,0,full_body_a,Full Body A,2,Barbell row,Back — Horizontal Pull (Back Thickness + Inner Back),back_horizontal_pull,"Lats, Rhomboids, Mid-traps, Rear delts, Biceps",4,3–6,3–5 min,barbell
full_body_3x,Full Body 3×/week,3,intermediate,2 of 4,strength,strength,0,full_body_a,Full Body A,3,Cable lateral raise,Shoulders — Side Delt Isolation,shoulders_side_delt,Side deltoids,4,12–20,2 min,cables
full_body_3x,Full Body 3×/week,3,intermediate,2 of 4,strength,strength,0,full_body_a,Full Body A,4,Face pull (cable),Rear Delt and Upper Back,rear_delt,"Rear deltoids, External rotators, Upper traps",3,15–20,2 min,cables
full_body_3x,Full Body 3×/week,3,intermediate,2 of 4,strength,strength,0,full_body_a,Full Body A,5,Overhead tricep extension,Triceps,triceps,Triceps,3,8–12,2 min,cables
full_body_3x,Full Body 3×/week,3,intermediate,2 of 4,strength,strength,0,full_body_a,Full Body A,6,Bayesian cable curl,Biceps,biceps,"Biceps, Brachialis",3,8–12,2 min,cables
full_body_3x,Full Body 3×/week,3,intermediate,2 of 4,strength,strength,0,full_body_a,Full Body A,7,Standing calf raise,Calves,calves,"Gastrocnemius, Soleus",3,10–15,2 min,machines
full_body_3x,Full Body 3×/week,3,intermediate,2 of 4,strength,strength,0,full_body_a,Full Body A,8,Cable crunch,Core — Weighted Ab Training,core,"Rectus abdominis, Obliques",3,12–20,2 min,cables
full_body_3x,Full Body 3×/week,3,intermediate,2 of 4,strength,strength,1,full_body_b,Full Body B,0,Romanian deadlift (barbell),Hamstrings and Glutes — Hip Hinge,hip_hinge,"Hamstrings, Glutes, Lower back",4,3–6,3–5 min,barbell
full_body_3x,Full Body 3×/week,3,intermediate,2 of 4,strength,strength,1,full_body_b,Full Body B,1,Incline barbell press,Chest — Incline Push (Upper Chest),chest_incline_push,"Upper chest, Shoulders, Triceps",3,3–6,3–5 min,barbell
full_body_3x,Full Body 3×/week,3,intermediate,2 of 4,strength,strength,1,full_body_b,Full Body B,2,Pull-up (overhand),Back — Vertical Pull (Lat Width),back_vertical_pull,"Lats, Biceps, Rear delts",3,6–10,3–5 min,pullup_bar
full_body_3x,Full Body 3×/week,3,intermediate,2 of 4,strength,strength,1,full_body_b,Full Body B,3,Face pull (cable),Rear Delt and Upper Back,rear_delt,"Rear deltoids, External rotators, Upper traps",3,15–20,2 min,cables
full_body_3x,Full Body 3×/week,3,intermediate,2 of 4,strength,strength,1,full_body_b,Full Body B,4,Walking lunge (long stride),Glutes — Compound and Isolation,glute_focused,"Glutes, Glute medius, Adductors",4,10–15,2 min,bodyweight+dumbbells
full_body_3x,Full Body 3×/week,3,intermediate,2 of 4,strength,strength,1,full_body_b,Full Body B,5,Leg extensions,Quads — Isolation,quad_isolation,Quads,3,12–20,2 min,machines
full_body_3x,Full Body 3×/week,3,intermediate,2 of 4,strength,strength,1,full_body_b,Full Body B,6,Seated calf raise,Calves,calves,"Gastrocnemius, Soleus",3,10–15,2 min,machines
full_body_3x,Full Body 3×/week,3,intermediate,2 of 4,strength,strength,1,full_body_b,Full Body B,7,Cable crunch,Core — Weighted Ab Training,core,"Rectus abdominis, Obliques",3,12–20,2 min,cables
full_body_3x,Full Body 3×/week,3,intermediate,2 of 4,strength,strength,2,full_body_c,Full Body C,0,45° leg press,Quads — Squat Pattern,squat_pattern,"Quads, Glutes, Hamstrings",3,3–6,3–5 min,machines
full_body_3x,Full Body 3×/week,3,intermediate,2 of 4,strength,strength,2,full_body_c,Full Body C,1,Cable crossover (lower chest),Chest — Decline / Lower Chest,chest_decline,"Lower chest, Mid chest, Triceps",3,8–12,2 min,cables
full_body_3x,Full Body 3×/week,3,intermediate,2 of 4,strength,strength,2,full_body_c,Full Body C,2,Cable row (wide grip / flared elbows),Back — Inner Back / Rhomboids,back_inner,"Rhomboids, Mid-traps, Rear delts",3,10–15,2 min,cables
full_body_3x,Full Body 3×/week,3,intermediate,2 of 4,strength,strength,2,full_body_c,Full Body C,3,Cable lateral raise,Shoulders — Side Delt Isolation,shoulders_side_delt,Side deltoids,4,12–20,2 min,cables
full_body_3x,Full Body 3×/week,3,intermediate,2 of 4,strength,strength,2,full_body_c,Full Body C,4,Barbell overhead press,Shoulders — Vertical Push,shoulders_vertical_push,"Shoulders, Triceps, Upper chest",3,3–6,3–5 min,barbell
full_body_3x,Full Body 3×/week,3,intermediate,2 of 4,strength,strength,2,full_body_c,Full Body C,5,Cable tricep pushdown (rope or bar),Triceps,triceps,Triceps,3,8–12,2 min,cables
full_body_3x,Full Body 3×/week,3,intermediate,2 of 4,strength,strength,2,full_body_c,Full Body C,6,Preacher curl,Biceps,biceps,"Biceps, Brachialis",3,8–12,2 min,barbell
full_body_3x,Full Body 3×/week,3,intermediate,2 of 4,strength,strength,2,full_body_c,Full Body C,7,Cable pull-through,Glutes — Compound and Isolation,glute_focused,"Glutes, Glute medius, Adductors",4,10–15,2 min,cables
full_body_3x,Full Body 3×/week,3,intermediate,2 of 4,strength,strength,2,full_body_c,Full Body C,8,Seated leg curl,Hamstrings — Isolation,hamstring_isolation,Hamstrings,4,8–12,2 min,machines
full_body_3x,Full Body 3×/week,3,intermediate,3 of 4,lose,lose,0,full_body_a,Full Body A,0,Barbell back squat,Quads — Squat Pattern,squat_pattern,"Quads, Glutes, Hamstrings",4,6–10,2–3 min,barbell
full_body_3x,Full Body 3×/week,3,intermediate,3 of 4,lose,lose,0,full_body_a,Full Body A,1,Barbell bench press,Chest — Horizontal Push,chest_horizontal_push,"Chest, Shoulders, Triceps",4,6–10,2–3 min,barbell
full_body_3x,Full Body 3×/week,3,intermediate,3 of 4,lose,lose,0,full_body_a,Full Body A,2,Barbell row,Back — Horizontal Pull (Back Thickness + Inner Back),back_horizontal_pull,"Lats, Rhomboids, Mid-traps, Rear delts, Biceps",4,6–10,2–3 min,barbell
full_body_3x,Full Body 3×/week,3,intermediate,3 of 4,lose,lose,0,full_body_a,Full Body A,3,Cable lateral raise,Shoulders — Side Delt Isolation,shoulders_side_delt,Side deltoids,4,12–20,90 sec,cables
full_body_3x,Full Body 3×/week,3,intermediate,3 of 4,lose,lose,0,full_body_a,Full Body A,4,Face pull (cable),Rear Delt and Upper Back,rear_delt,"Rear deltoids, External rotators, Upper traps",3,15–20,90 sec,cables
full_body_3x,Full Body 3×/week,3,intermediate,3 of 4,lose,lose,0,full_body_a,Full Body A,5,Overhead tricep extension,Triceps,triceps,Triceps,3,12–15,90 sec,cables
full_body_3x,Full Body 3×/week,3,intermediate,3 of 4,lose,lose,0,full_body_a,Full Body A,6,Bayesian cable curl,Biceps,biceps,"Biceps, Brachialis",3,12–15,90 sec,cables
full_body_3x,Full Body 3×/week,3,intermediate,3 of 4,lose,lose,0,full_body_a,Full Body A,7,Standing calf raise,Calves,calves,"Gastrocnemius, Soleus",3,10–15,90 sec,machines
full_body_3x,Full Body 3×/week,3,intermediate,3 of 4,lose,lose,0,full_body_a,Full Body A,8,Cable crunch,Core — Weighted Ab Training,core,"Rectus abdominis, Obliques",3,12–20,90 sec,cables
full_body_3x,Full Body 3×/week,3,intermediate,3 of 4,lose,lose,1,full_body_b,Full Body B,0,Romanian deadlift (barbell),Hamstrings and Glutes — Hip Hinge,hip_hinge,"Hamstrings, Glutes, Lower back",4,6–10,2–3 min,barbell
full_body_3x,Full Body 3×/week,3,intermediate,3 of 4,lose,lose,1,full_body_b,Full Body B,1,Incline barbell press,Chest — Incline Push (Upper Chest),chest_incline_push,"Upper chest, Shoulders, Triceps",3,6–10,2–3 min,barbell
full_body_3x,Full Body 3×/week,3,intermediate,3 of 4,lose,lose,1,full_body_b,Full Body B,2,Pull-up (overhand),Back — Vertical Pull (Lat Width),back_vertical_pull,"Lats, Biceps, Rear delts",3,6–10,2–3 min,pullup_bar
full_body_3x,Full Body 3×/week,3,intermediate,3 of 4,lose,lose,1,full_body_b,Full Body B,3,Face pull (cable),Rear Delt and Upper Back,rear_delt,"Rear deltoids, External rotators, Upper traps",3,15–20,90 sec,cables
full_body_3x,Full Body 3×/week,3,intermediate,3 of 4,lose,lose,1,full_body_b,Full Body B,4,Walking lunge (long stride),Glutes — Compound and Isolation,glute_focused,"Glutes, Glute medius, Adductors",4,10–15,90 sec,bodyweight+dumbbells
full_body_3x,Full Body 3×/week,3,intermediate,3 of 4,lose,lose,1,full_body_b,Full Body B,5,Leg extensions,Quads — Isolation,quad_isolation,Quads,3,12–20,90 sec,machines
full_body_3x,Full Body 3×/week,3,intermediate,3 of 4,lose,lose,1,full_body_b,Full Body B,6,Seated calf raise,Calves,calves,"Gastrocnemius, Soleus",3,10–15,90 sec,machines
full_body_3x,Full Body 3×/week,3,intermediate,3 of 4,lose,lose,1,full_body_b,Full Body B,7,Cable crunch,Core — Weighted Ab Training,core,"Rectus abdominis, Obliques",3,12–20,90 sec,cables
full_body_3x,Full Body 3×/week,3,intermediate,3 of 4,lose,lose,2,full_body_c,Full Body C,0,45° leg press,Quads — Squat Pattern,squat_pattern,"Quads, Glutes, Hamstrings",3,6–10,2–3 min,machines
full_body_3x,Full Body 3×/week,3,intermediate,3 of 4,lose,lose,2,full_body_c,Full Body C,1,Cable crossover (lower chest),Chest — Decline / Lower Chest,chest_decline,"Lower chest, Mid chest, Triceps",3,12–15,90 sec,cables
full_body_3x,Full Body 3×/week,3,intermediate,3 of 4,lose,lose,2,full_body_c,Full Body C,2,Cable row (wide grip / flared elbows),Back — Inner Back / Rhomboids,back_inner,"Rhomboids, Mid-traps, Rear delts",3,10–15,90 sec,cables
full_body_3x,Full Body 3×/week,3,intermediate,3 of 4,lose,lose,2,full_body_c,Full Body C,3,Cable lateral raise,Shoulders — Side Delt Isolation,shoulders_side_delt,Side deltoids,4,12–20,90 sec,cables
full_body_3x,Full Body 3×/week,3,intermediate,3 of 4,lose,lose,2,full_body_c,Full Body C,4,Barbell overhead press,Shoulders — Vertical Push,shoulders_vertical_push,"Shoulders, Triceps, Upper chest",3,6–10,2–3 min,barbell
full_body_3x,Full Body 3×/week,3,intermediate,3 of 4,lose,lose,2,full_body_c,Full Body C,5,Cable tricep pushdown (rope or bar),Triceps,triceps,Triceps,3,12–15,90 sec,cables
full_body_3x,Full Body 3×/week,3,intermediate,3 of 4,lose,lose,2,full_body_c,Full Body C,6,Preacher curl,Biceps,biceps,"Biceps, Brachialis",3,12–15,90 sec,barbell
full_body_3x,Full Body 3×/week,3,intermediate,3 of 4,lose,lose,2,full_body_c,Full Body C,7,Cable pull-through,Glutes — Compound and Isolation,glute_focused,"Glutes, Glute medius, Adductors",4,10–15,90 sec,cables
full_body_3x,Full Body 3×/week,3,intermediate,3 of 4,lose,lose,2,full_body_c,Full Body C,8,Seated leg curl,Hamstrings — Isolation,hamstring_isolation,Hamstrings,4,12–15,90 sec,machines
full_body_3x,Full Body 3×/week,3,intermediate,4 of 4,endurance,endurance,0,full_body_a,Full Body A,0,Barbell back squat,Quads — Squat Pattern,squat_pattern,"Quads, Glutes, Hamstrings",4,12–20,60 sec,barbell
full_body_3x,Full Body 3×/week,3,intermediate,4 of 4,endurance,endurance,0,full_body_a,Full Body A,1,Barbell bench press,Chest — Horizontal Push,chest_horizontal_push,"Chest, Shoulders, Triceps",4,12–20,60 sec,barbell
full_body_3x,Full Body 3×/week,3,intermediate,4 of 4,endurance,endurance,0,full_body_a,Full Body A,2,Barbell row,Back — Horizontal Pull (Back Thickness + Inner Back),back_horizontal_pull,"Lats, Rhomboids, Mid-traps, Rear delts, Biceps",4,12–20,60 sec,barbell
full_body_3x,Full Body 3×/week,3,intermediate,4 of 4,endurance,endurance,0,full_body_a,Full Body A,3,Cable lateral raise,Shoulders — Side Delt Isolation,shoulders_side_delt,Side deltoids,4,12–20,30–45 sec,cables
full_body_3x,Full Body 3×/week,3,intermediate,4 of 4,endurance,endurance,0,full_body_a,Full Body A,4,Face pull (cable),Rear Delt and Upper Back,rear_delt,"Rear deltoids, External rotators, Upper traps",3,15–20,30–45 sec,cables
full_body_3x,Full Body 3×/week,3,intermediate,4 of 4,endurance,endurance,0,full_body_a,Full Body A,5,Overhead tricep extension,Triceps,triceps,Triceps,3,15–25,30–45 sec,cables
full_body_3x,Full Body 3×/week,3,intermediate,4 of 4,endurance,endurance,0,full_body_a,Full Body A,6,Bayesian cable curl,Biceps,biceps,"Biceps, Brachialis",3,15–25,30–45 sec,cables
full_body_3x,Full Body 3×/week,3,intermediate,4 of 4,endurance,endurance,0,full_body_a,Full Body A,7,Standing calf raise,Calves,calves,"Gastrocnemius, Soleus",3,10–15,30–45 sec,machines
full_body_3x,Full Body 3×/week,3,intermediate,4 of 4,endurance,endurance,0,full_body_a,Full Body A,8,Cable crunch,Core — Weighted Ab Training,core,"Rectus abdominis, Obliques",3,12–20,30–45 sec,cables
full_body_3x,Full Body 3×/week,3,intermediate,4 of 4,endurance,endurance,1,full_body_b,Full Body B,0,Romanian deadlift (barbell),Hamstrings and Glutes — Hip Hinge,hip_hinge,"Hamstrings, Glutes, Lower back",4,12–20,60 sec,barbell
full_body_3x,Full Body 3×/week,3,intermediate,4 of 4,endurance,endurance,1,full_body_b,Full Body B,1,Incline barbell press,Chest — Incline Push (Upper Chest),chest_incline_push,"Upper chest, Shoulders, Triceps",3,12–20,60 sec,barbell
full_body_3x,Full Body 3×/week,3,intermediate,4 of 4,endurance,endurance,1,full_body_b,Full Body B,2,Pull-up (overhand),Back — Vertical Pull (Lat Width),back_vertical_pull,"Lats, Biceps, Rear delts",3,6–10,60 sec,pullup_bar
full_body_3x,Full Body 3×/week,3,intermediate,4 of 4,endurance,endurance,1,full_body_b,Full Body B,3,Face pull (cable),Rear Delt and Upper Back,rear_delt,"Rear deltoids, External rotators, Upper traps",3,15–20,30–45 sec,cables
full_body_3x,Full Body 3×/week,3,intermediate,4 of 4,endurance,endurance,1,full_body_b,Full Body B,4,Walking lunge (long stride),Glutes — Compound and Isolation,glute_focused,"Glutes, Glute medius, Adductors",4,10–15,30–45 sec,bodyweight+dumbbells
full_body_3x,Full Body 3×/week,3,intermediate,4 of 4,endurance,endurance,1,full_body_b,Full Body B,5,Leg extensions,Quads — Isolation,quad_isolation,Quads,3,12–20,30–45 sec,machines
full_body_3x,Full Body 3×/week,3,intermediate,4 of 4,endurance,endurance,1,full_body_b,Full Body B,6,Seated calf raise,Calves,calves,"Gastrocnemius, Soleus",3,10–15,30–45 sec,machines
full_body_3x,Full Body 3×/week,3,intermediate,4 of 4,endurance,endurance,1,full_body_b,Full Body B,7,Cable crunch,Core — Weighted Ab Training,core,"Rectus abdominis, Obliques",3,12–20,30–45 sec,cables
full_body_3x,Full Body 3×/week,3,intermediate,4 of 4,endurance,endurance,2,full_body_c,Full Body C,0,45° leg press,Quads — Squat Pattern,squat_pattern,"Quads, Glutes, Hamstrings",3,12–20,60 sec,machines
full_body_3x,Full Body 3×/week,3,intermediate,4 of 4,endurance,endurance,2,full_body_c,Full Body C,1,Cable crossover (lower chest),Chest — Decline / Lower Chest,chest_decline,"Lower chest, Mid chest, Triceps",3,15–25,30–45 sec,cables
full_body_3x,Full Body 3×/week,3,intermediate,4 of 4,endurance,endurance,2,full_body_c,Full Body C,2,Cable row (wide grip / flared elbows),Back — Inner Back / Rhomboids,back_inner,"Rhomboids, Mid-traps, Rear delts",3,10–15,30–45 sec,cables
full_body_3x,Full Body 3×/week,3,intermediate,4 of 4,endurance,endurance,2,full_body_c,Full Body C,3,Cable lateral raise,Shoulders — Side Delt Isolation,shoulders_side_delt,Side deltoids,4,12–20,30–45 sec,cables
full_body_3x,Full Body 3×/week,3,intermediate,4 of 4,endurance,endurance,2,full_body_c,Full Body C,4,Barbell overhead press,Shoulders — Vertical Push,shoulders_vertical_push,"Shoulders, Triceps, Upper chest",3,12–20,60 sec,barbell
full_body_3x,Full Body 3×/week,3,intermediate,4 of 4,endurance,endurance,2,full_body_c,Full Body C,5,Cable tricep pushdown (rope or bar),Triceps,triceps,Triceps,3,15–25,30–45 sec,cables
full_body_3x,Full Body 3×/week,3,intermediate,4 of 4,endurance,endurance,2,full_body_c,Full Body C,6,Preacher curl,Biceps,biceps,"Biceps, Brachialis",3,15–25,30–45 sec,barbell
full_body_3x,Full Body 3×/week,3,intermediate,4 of 4,endurance,endurance,2,full_body_c,Full Body C,7,Cable pull-through,Glutes — Compound and Isolation,glute_focused,"Glutes, Glute medius, Adductors",4,10–15,30–45 sec,cables
full_body_3x,Full Body 3×/week,3,intermediate,4 of 4,endurance,endurance,2,full_body_c,Full Body C,8,Seated leg curl,Hamstrings — Isolation,hamstring_isolation,Hamstrings,4,15–25,30–45 sec,machines
full_body_3x,Full Body 3×/week,3,advanced,1 of 4,muscle,muscle | maintain | default | recomp | cut_strength | cut_endurance | powerbuilding | hybrid_muscle | hybrid_strength | powerbuilding_cut | athletic_recomp | athletic_cut | athletic_bulk,0,full_body_a,Full Body A,0,Barbell back squat,Quads — Squat Pattern,squat_pattern,"Quads, Glutes, Hamstrings",5,10–15,90 sec,barbell
full_body_3x,Full Body 3×/week,3,advanced,1 of 4,muscle,muscle | maintain | default | recomp | cut_strength | cut_endurance | powerbuilding | hybrid_muscle | hybrid_strength | powerbuilding_cut | athletic_recomp | athletic_cut | athletic_bulk,0,full_body_a,Full Body A,1,Barbell bench press,Chest — Horizontal Push,chest_horizontal_push,"Chest, Shoulders, Triceps",5,10–15,90 sec,barbell
full_body_3x,Full Body 3×/week,3,advanced,1 of 4,muscle,muscle | maintain | default | recomp | cut_strength | cut_endurance | powerbuilding | hybrid_muscle | hybrid_strength | powerbuilding_cut | athletic_recomp | athletic_cut | athletic_bulk,0,full_body_a,Full Body A,2,Barbell row,Back — Horizontal Pull (Back Thickness + Inner Back),back_horizontal_pull,"Lats, Rhomboids, Mid-traps, Rear delts, Biceps",6,10–15,90 sec,barbell
full_body_3x,Full Body 3×/week,3,advanced,1 of 4,muscle,muscle | maintain | default | recomp | cut_strength | cut_endurance | powerbuilding | hybrid_muscle | hybrid_strength | powerbuilding_cut | athletic_recomp | athletic_cut | athletic_bulk,0,full_body_a,Full Body A,3,Cable lateral raise,Shoulders — Side Delt Isolation,shoulders_side_delt,Side deltoids,6,12–20,60 sec,cables
full_body_3x,Full Body 3×/week,3,advanced,1 of 4,muscle,muscle | maintain | default | recomp | cut_strength | cut_endurance | powerbuilding | hybrid_muscle | hybrid_strength | powerbuilding_cut | athletic_recomp | athletic_cut | athletic_bulk,0,full_body_a,Full Body A,4,Face pull (cable),Rear Delt and Upper Back,rear_delt,"Rear deltoids, External rotators, Upper traps",5,15–20,60 sec,cables
full_body_3x,Full Body 3×/week,3,advanced,1 of 4,muscle,muscle | maintain | default | recomp | cut_strength | cut_endurance | powerbuilding | hybrid_muscle | hybrid_strength | powerbuilding_cut | athletic_recomp | athletic_cut | athletic_bulk,0,full_body_a,Full Body A,5,Overhead tricep extension,Triceps,triceps,Triceps,5,12–15,60 sec,cables
full_body_3x,Full Body 3×/week,3,advanced,1 of 4,muscle,muscle | maintain | default | recomp | cut_strength | cut_endurance | powerbuilding | hybrid_muscle | hybrid_strength | powerbuilding_cut | athletic_recomp | athletic_cut | athletic_bulk,0,full_body_a,Full Body A,6,Bayesian cable curl,Biceps,biceps,"Biceps, Brachialis",4,12–15,60 sec,cables
full_body_3x,Full Body 3×/week,3,advanced,1 of 4,muscle,muscle | maintain | default | recomp | cut_strength | cut_endurance | powerbuilding | hybrid_muscle | hybrid_strength | powerbuilding_cut | athletic_recomp | athletic_cut | athletic_bulk,0,full_body_a,Full Body A,7,Standing calf raise,Calves,calves,"Gastrocnemius, Soleus",5,10–15,60 sec,machines
full_body_3x,Full Body 3×/week,3,advanced,1 of 4,muscle,muscle | maintain | default | recomp | cut_strength | cut_endurance | powerbuilding | hybrid_muscle | hybrid_strength | powerbuilding_cut | athletic_recomp | athletic_cut | athletic_bulk,0,full_body_a,Full Body A,8,Cable crunch,Core — Weighted Ab Training,core,"Rectus abdominis, Obliques",4,12–20,60 sec,cables
full_body_3x,Full Body 3×/week,3,advanced,1 of 4,muscle,muscle | maintain | default | recomp | cut_strength | cut_endurance | powerbuilding | hybrid_muscle | hybrid_strength | powerbuilding_cut | athletic_recomp | athletic_cut | athletic_bulk,1,full_body_b,Full Body B,0,Romanian deadlift (barbell),Hamstrings and Glutes — Hip Hinge,hip_hinge,"Hamstrings, Glutes, Lower back",5,10–15,90 sec,barbell
full_body_3x,Full Body 3×/week,3,advanced,1 of 4,muscle,muscle | maintain | default | recomp | cut_strength | cut_endurance | powerbuilding | hybrid_muscle | hybrid_strength | powerbuilding_cut | athletic_recomp | athletic_cut | athletic_bulk,1,full_body_b,Full Body B,1,Incline barbell press,Chest — Incline Push (Upper Chest),chest_incline_push,"Upper chest, Shoulders, Triceps",5,10–15,90 sec,barbell
full_body_3x,Full Body 3×/week,3,advanced,1 of 4,muscle,muscle | maintain | default | recomp | cut_strength | cut_endurance | powerbuilding | hybrid_muscle | hybrid_strength | powerbuilding_cut | athletic_recomp | athletic_cut | athletic_bulk,1,full_body_b,Full Body B,2,Pull-up (overhand),Back — Vertical Pull (Lat Width),back_vertical_pull,"Lats, Biceps, Rear delts",5,6–10,90 sec,pullup_bar
full_body_3x,Full Body 3×/week,3,advanced,1 of 4,muscle,muscle | maintain | default | recomp | cut_strength | cut_endurance | powerbuilding | hybrid_muscle | hybrid_strength | powerbuilding_cut | athletic_recomp | athletic_cut | athletic_bulk,1,full_body_b,Full Body B,3,Face pull (cable),Rear Delt and Upper Back,rear_delt,"Rear deltoids, External rotators, Upper traps",5,15–20,60 sec,cables
full_body_3x,Full Body 3×/week,3,advanced,1 of 4,muscle,muscle | maintain | default | recomp | cut_strength | cut_endurance | powerbuilding | hybrid_muscle | hybrid_strength | powerbuilding_cut | athletic_recomp | athletic_cut | athletic_bulk,1,full_body_b,Full Body B,4,Walking lunge (long stride),Glutes — Compound and Isolation,glute_focused,"Glutes, Glute medius, Adductors",6,10–15,60 sec,bodyweight+dumbbells
full_body_3x,Full Body 3×/week,3,advanced,1 of 4,muscle,muscle | maintain | default | recomp | cut_strength | cut_endurance | powerbuilding | hybrid_muscle | hybrid_strength | powerbuilding_cut | athletic_recomp | athletic_cut | athletic_bulk,1,full_body_b,Full Body B,5,Leg extensions,Quads — Isolation,quad_isolation,Quads,5,12–20,60 sec,machines
full_body_3x,Full Body 3×/week,3,advanced,1 of 4,muscle,muscle | maintain | default | recomp | cut_strength | cut_endurance | powerbuilding | hybrid_muscle | hybrid_strength | powerbuilding_cut | athletic_recomp | athletic_cut | athletic_bulk,1,full_body_b,Full Body B,6,Seated calf raise,Calves,calves,"Gastrocnemius, Soleus",5,10–15,60 sec,machines
full_body_3x,Full Body 3×/week,3,advanced,1 of 4,muscle,muscle | maintain | default | recomp | cut_strength | cut_endurance | powerbuilding | hybrid_muscle | hybrid_strength | powerbuilding_cut | athletic_recomp | athletic_cut | athletic_bulk,1,full_body_b,Full Body B,7,Cable crunch,Core — Weighted Ab Training,core,"Rectus abdominis, Obliques",4,12–20,60 sec,cables
full_body_3x,Full Body 3×/week,3,advanced,1 of 4,muscle,muscle | maintain | default | recomp | cut_strength | cut_endurance | powerbuilding | hybrid_muscle | hybrid_strength | powerbuilding_cut | athletic_recomp | athletic_cut | athletic_bulk,2,full_body_c,Full Body C,0,45° leg press,Quads — Squat Pattern,squat_pattern,"Quads, Glutes, Hamstrings",4,10–15,90 sec,machines
full_body_3x,Full Body 3×/week,3,advanced,1 of 4,muscle,muscle | maintain | default | recomp | cut_strength | cut_endurance | powerbuilding | hybrid_muscle | hybrid_strength | powerbuilding_cut | athletic_recomp | athletic_cut | athletic_bulk,2,full_body_c,Full Body C,1,Cable crossover (lower chest),Chest — Decline / Lower Chest,chest_decline,"Lower chest, Mid chest, Triceps",4,12–15,60 sec,cables
full_body_3x,Full Body 3×/week,3,advanced,1 of 4,muscle,muscle | maintain | default | recomp | cut_strength | cut_endurance | powerbuilding | hybrid_muscle | hybrid_strength | powerbuilding_cut | athletic_recomp | athletic_cut | athletic_bulk,2,full_body_c,Full Body C,2,Cable row (wide grip / flared elbows),Back — Inner Back / Rhomboids,back_inner,"Rhomboids, Mid-traps, Rear delts",5,10–15,60 sec,cables
full_body_3x,Full Body 3×/week,3,advanced,1 of 4,muscle,muscle | maintain | default | recomp | cut_strength | cut_endurance | powerbuilding | hybrid_muscle | hybrid_strength | powerbuilding_cut | athletic_recomp | athletic_cut | athletic_bulk,2,full_body_c,Full Body C,3,Cable lateral raise,Shoulders — Side Delt Isolation,shoulders_side_delt,Side deltoids,6,12–20,60 sec,cables
full_body_3x,Full Body 3×/week,3,advanced,1 of 4,muscle,muscle | maintain | default | recomp | cut_strength | cut_endurance | powerbuilding | hybrid_muscle | hybrid_strength | powerbuilding_cut | athletic_recomp | athletic_cut | athletic_bulk,2,full_body_c,Full Body C,4,Barbell overhead press,Shoulders — Vertical Push,shoulders_vertical_push,"Shoulders, Triceps, Upper chest",3,10–15,90 sec,barbell
full_body_3x,Full Body 3×/week,3,advanced,1 of 4,muscle,muscle | maintain | default | recomp | cut_strength | cut_endurance | powerbuilding | hybrid_muscle | hybrid_strength | powerbuilding_cut | athletic_recomp | athletic_cut | athletic_bulk,2,full_body_c,Full Body C,5,Cable tricep pushdown (rope or bar),Triceps,triceps,Triceps,5,12–15,60 sec,cables
full_body_3x,Full Body 3×/week,3,advanced,1 of 4,muscle,muscle | maintain | default | recomp | cut_strength | cut_endurance | powerbuilding | hybrid_muscle | hybrid_strength | powerbuilding_cut | athletic_recomp | athletic_cut | athletic_bulk,2,full_body_c,Full Body C,6,Preacher curl,Biceps,biceps,"Biceps, Brachialis",4,12–15,60 sec,barbell
full_body_3x,Full Body 3×/week,3,advanced,1 of 4,muscle,muscle | maintain | default | recomp | cut_strength | cut_endurance | powerbuilding | hybrid_muscle | hybrid_strength | powerbuilding_cut | athletic_recomp | athletic_cut | athletic_bulk,2,full_body_c,Full Body C,7,Cable pull-through,Glutes — Compound and Isolation,glute_focused,"Glutes, Glute medius, Adductors",6,10–15,60 sec,cables
full_body_3x,Full Body 3×/week,3,advanced,1 of 4,muscle,muscle | maintain | default | recomp | cut_strength | cut_endurance | powerbuilding | hybrid_muscle | hybrid_strength | powerbuilding_cut | athletic_recomp | athletic_cut | athletic_bulk,2,full_body_c,Full Body C,8,Seated leg curl,Hamstrings — Isolation,hamstring_isolation,Hamstrings,5,12–15,60 sec,machines
full_body_3x,Full Body 3×/week,3,advanced,2 of 4,strength,strength,0,full_body_a,Full Body A,0,Barbell back squat,Quads — Squat Pattern,squat_pattern,"Quads, Glutes, Hamstrings",5,3–6,3–5 min,barbell
full_body_3x,Full Body 3×/week,3,advanced,2 of 4,strength,strength,0,full_body_a,Full Body A,1,Barbell bench press,Chest — Horizontal Push,chest_horizontal_push,"Chest, Shoulders, Triceps",5,3–6,3–5 min,barbell
full_body_3x,Full Body 3×/week,3,advanced,2 of 4,strength,strength,0,full_body_a,Full Body A,2,Barbell row,Back — Horizontal Pull (Back Thickness + Inner Back),back_horizontal_pull,"Lats, Rhomboids, Mid-traps, Rear delts, Biceps",6,3–6,3–5 min,barbell
full_body_3x,Full Body 3×/week,3,advanced,2 of 4,strength,strength,0,full_body_a,Full Body A,3,Cable lateral raise,Shoulders — Side Delt Isolation,shoulders_side_delt,Side deltoids,6,12–20,2 min,cables
full_body_3x,Full Body 3×/week,3,advanced,2 of 4,strength,strength,0,full_body_a,Full Body A,4,Face pull (cable),Rear Delt and Upper Back,rear_delt,"Rear deltoids, External rotators, Upper traps",5,15–20,2 min,cables
full_body_3x,Full Body 3×/week,3,advanced,2 of 4,strength,strength,0,full_body_a,Full Body A,5,Overhead tricep extension,Triceps,triceps,Triceps,5,8–12,2 min,cables
full_body_3x,Full Body 3×/week,3,advanced,2 of 4,strength,strength,0,full_body_a,Full Body A,6,Bayesian cable curl,Biceps,biceps,"Biceps, Brachialis",4,8–12,2 min,cables
full_body_3x,Full Body 3×/week,3,advanced,2 of 4,strength,strength,0,full_body_a,Full Body A,7,Standing calf raise,Calves,calves,"Gastrocnemius, Soleus",5,10–15,2 min,machines
full_body_3x,Full Body 3×/week,3,advanced,2 of 4,strength,strength,0,full_body_a,Full Body A,8,Cable crunch,Core — Weighted Ab Training,core,"Rectus abdominis, Obliques",4,12–20,2 min,cables
full_body_3x,Full Body 3×/week,3,advanced,2 of 4,strength,strength,1,full_body_b,Full Body B,0,Romanian deadlift (barbell),Hamstrings and Glutes — Hip Hinge,hip_hinge,"Hamstrings, Glutes, Lower back",5,3–6,3–5 min,barbell
full_body_3x,Full Body 3×/week,3,advanced,2 of 4,strength,strength,1,full_body_b,Full Body B,1,Incline barbell press,Chest — Incline Push (Upper Chest),chest_incline_push,"Upper chest, Shoulders, Triceps",5,3–6,3–5 min,barbell
full_body_3x,Full Body 3×/week,3,advanced,2 of 4,strength,strength,1,full_body_b,Full Body B,2,Pull-up (overhand),Back — Vertical Pull (Lat Width),back_vertical_pull,"Lats, Biceps, Rear delts",5,6–10,3–5 min,pullup_bar
full_body_3x,Full Body 3×/week,3,advanced,2 of 4,strength,strength,1,full_body_b,Full Body B,3,Face pull (cable),Rear Delt and Upper Back,rear_delt,"Rear deltoids, External rotators, Upper traps",5,15–20,2 min,cables
full_body_3x,Full Body 3×/week,3,advanced,2 of 4,strength,strength,1,full_body_b,Full Body B,4,Walking lunge (long stride),Glutes — Compound and Isolation,glute_focused,"Glutes, Glute medius, Adductors",6,10–15,2 min,bodyweight+dumbbells
full_body_3x,Full Body 3×/week,3,advanced,2 of 4,strength,strength,1,full_body_b,Full Body B,5,Leg extensions,Quads — Isolation,quad_isolation,Quads,5,12–20,2 min,machines
full_body_3x,Full Body 3×/week,3,advanced,2 of 4,strength,strength,1,full_body_b,Full Body B,6,Seated calf raise,Calves,calves,"Gastrocnemius, Soleus",5,10–15,2 min,machines
full_body_3x,Full Body 3×/week,3,advanced,2 of 4,strength,strength,1,full_body_b,Full Body B,7,Cable crunch,Core — Weighted Ab Training,core,"Rectus abdominis, Obliques",4,12–20,2 min,cables
full_body_3x,Full Body 3×/week,3,advanced,2 of 4,strength,strength,2,full_body_c,Full Body C,0,45° leg press,Quads — Squat Pattern,squat_pattern,"Quads, Glutes, Hamstrings",4,3–6,3–5 min,machines
full_body_3x,Full Body 3×/week,3,advanced,2 of 4,strength,strength,2,full_body_c,Full Body C,1,Cable crossover (lower chest),Chest — Decline / Lower Chest,chest_decline,"Lower chest, Mid chest, Triceps",4,8–12,2 min,cables
full_body_3x,Full Body 3×/week,3,advanced,2 of 4,strength,strength,2,full_body_c,Full Body C,2,Cable row (wide grip / flared elbows),Back — Inner Back / Rhomboids,back_inner,"Rhomboids, Mid-traps, Rear delts",5,10–15,2 min,cables
full_body_3x,Full Body 3×/week,3,advanced,2 of 4,strength,strength,2,full_body_c,Full Body C,3,Cable lateral raise,Shoulders — Side Delt Isolation,shoulders_side_delt,Side deltoids,6,12–20,2 min,cables
full_body_3x,Full Body 3×/week,3,advanced,2 of 4,strength,strength,2,full_body_c,Full Body C,4,Barbell overhead press,Shoulders — Vertical Push,shoulders_vertical_push,"Shoulders, Triceps, Upper chest",3,3–6,3–5 min,barbell
full_body_3x,Full Body 3×/week,3,advanced,2 of 4,strength,strength,2,full_body_c,Full Body C,5,Cable tricep pushdown (rope or bar),Triceps,triceps,Triceps,5,8–12,2 min,cables
full_body_3x,Full Body 3×/week,3,advanced,2 of 4,strength,strength,2,full_body_c,Full Body C,6,Preacher curl,Biceps,biceps,"Biceps, Brachialis",4,8–12,2 min,barbell
full_body_3x,Full Body 3×/week,3,advanced,2 of 4,strength,strength,2,full_body_c,Full Body C,7,Cable pull-through,Glutes — Compound and Isolation,glute_focused,"Glutes, Glute medius, Adductors",6,10–15,2 min,cables
full_body_3x,Full Body 3×/week,3,advanced,2 of 4,strength,strength,2,full_body_c,Full Body C,8,Seated leg curl,Hamstrings — Isolation,hamstring_isolation,Hamstrings,5,8–12,2 min,machines
full_body_3x,Full Body 3×/week,3,advanced,3 of 4,lose,lose,0,full_body_a,Full Body A,0,Barbell back squat,Quads — Squat Pattern,squat_pattern,"Quads, Glutes, Hamstrings",5,6–10,2–3 min,barbell
full_body_3x,Full Body 3×/week,3,advanced,3 of 4,lose,lose,0,full_body_a,Full Body A,1,Barbell bench press,Chest — Horizontal Push,chest_horizontal_push,"Chest, Shoulders, Triceps",5,6–10,2–3 min,barbell
full_body_3x,Full Body 3×/week,3,advanced,3 of 4,lose,lose,0,full_body_a,Full Body A,2,Barbell row,Back — Horizontal Pull (Back Thickness + Inner Back),back_horizontal_pull,"Lats, Rhomboids, Mid-traps, Rear delts, Biceps",6,6–10,2–3 min,barbell
full_body_3x,Full Body 3×/week,3,advanced,3 of 4,lose,lose,0,full_body_a,Full Body A,3,Cable lateral raise,Shoulders — Side Delt Isolation,shoulders_side_delt,Side deltoids,6,12–20,90 sec,cables
full_body_3x,Full Body 3×/week,3,advanced,3 of 4,lose,lose,0,full_body_a,Full Body A,4,Face pull (cable),Rear Delt and Upper Back,rear_delt,"Rear deltoids, External rotators, Upper traps",5,15–20,90 sec,cables
full_body_3x,Full Body 3×/week,3,advanced,3 of 4,lose,lose,0,full_body_a,Full Body A,5,Overhead tricep extension,Triceps,triceps,Triceps,5,12–15,90 sec,cables
full_body_3x,Full Body 3×/week,3,advanced,3 of 4,lose,lose,0,full_body_a,Full Body A,6,Bayesian cable curl,Biceps,biceps,"Biceps, Brachialis",4,12–15,90 sec,cables
full_body_3x,Full Body 3×/week,3,advanced,3 of 4,lose,lose,0,full_body_a,Full Body A,7,Standing calf raise,Calves,calves,"Gastrocnemius, Soleus",5,10–15,90 sec,machines
full_body_3x,Full Body 3×/week,3,advanced,3 of 4,lose,lose,0,full_body_a,Full Body A,8,Cable crunch,Core — Weighted Ab Training,core,"Rectus abdominis, Obliques",4,12–20,90 sec,cables
full_body_3x,Full Body 3×/week,3,advanced,3 of 4,lose,lose,1,full_body_b,Full Body B,0,Romanian deadlift (barbell),Hamstrings and Glutes — Hip Hinge,hip_hinge,"Hamstrings, Glutes, Lower back",5,6–10,2–3 min,barbell
full_body_3x,Full Body 3×/week,3,advanced,3 of 4,lose,lose,1,full_body_b,Full Body B,1,Incline barbell press,Chest — Incline Push (Upper Chest),chest_incline_push,"Upper chest, Shoulders, Triceps",5,6–10,2–3 min,barbell
full_body_3x,Full Body 3×/week,3,advanced,3 of 4,lose,lose,1,full_body_b,Full Body B,2,Pull-up (overhand),Back — Vertical Pull (Lat Width),back_vertical_pull,"Lats, Biceps, Rear delts",5,6–10,2–3 min,pullup_bar
full_body_3x,Full Body 3×/week,3,advanced,3 of 4,lose,lose,1,full_body_b,Full Body B,3,Face pull (cable),Rear Delt and Upper Back,rear_delt,"Rear deltoids, External rotators, Upper traps",5,15–20,90 sec,cables
full_body_3x,Full Body 3×/week,3,advanced,3 of 4,lose,lose,1,full_body_b,Full Body B,4,Walking lunge (long stride),Glutes — Compound and Isolation,glute_focused,"Glutes, Glute medius, Adductors",6,10–15,90 sec,bodyweight+dumbbells
full_body_3x,Full Body 3×/week,3,advanced,3 of 4,lose,lose,1,full_body_b,Full Body B,5,Leg extensions,Quads — Isolation,quad_isolation,Quads,5,12–20,90 sec,machines
full_body_3x,Full Body 3×/week,3,advanced,3 of 4,lose,lose,1,full_body_b,Full Body B,6,Seated calf raise,Calves,calves,"Gastrocnemius, Soleus",5,10–15,90 sec,machines
full_body_3x,Full Body 3×/week,3,advanced,3 of 4,lose,lose,1,full_body_b,Full Body B,7,Cable crunch,Core — Weighted Ab Training,core,"Rectus abdominis, Obliques",4,12–20,90 sec,cables
full_body_3x,Full Body 3×/week,3,advanced,3 of 4,lose,lose,2,full_body_c,Full Body C,0,45° leg press,Quads — Squat Pattern,squat_pattern,"Quads, Glutes, Hamstrings",4,6–10,2–3 min,machines
full_body_3x,Full Body 3×/week,3,advanced,3 of 4,lose,lose,2,full_body_c,Full Body C,1,Cable crossover (lower chest),Chest — Decline / Lower Chest,chest_decline,"Lower chest, Mid chest, Triceps",4,12–15,90 sec,cables
full_body_3x,Full Body 3×/week,3,advanced,3 of 4,lose,lose,2,full_body_c,Full Body C,2,Cable row (wide grip / flared elbows),Back — Inner Back / Rhomboids,back_inner,"Rhomboids, Mid-traps, Rear delts",5,10–15,90 sec,cables
full_body_3x,Full Body 3×/week,3,advanced,3 of 4,lose,lose,2,full_body_c,Full Body C,3,Cable lateral raise,Shoulders — Side Delt Isolation,shoulders_side_delt,Side deltoids,6,12–20,90 sec,cables
full_body_3x,Full Body 3×/week,3,advanced,3 of 4,lose,lose,2,full_body_c,Full Body C,4,Barbell overhead press,Shoulders — Vertical Push,shoulders_vertical_push,"Shoulders, Triceps, Upper chest",3,6–10,2–3 min,barbell
full_body_3x,Full Body 3×/week,3,advanced,3 of 4,lose,lose,2,full_body_c,Full Body C,5,Cable tricep pushdown (rope or bar),Triceps,triceps,Triceps,5,12–15,90 sec,cables
full_body_3x,Full Body 3×/week,3,advanced,3 of 4,lose,lose,2,full_body_c,Full Body C,6,Preacher curl,Biceps,biceps,"Biceps, Brachialis",4,12–15,90 sec,barbell
full_body_3x,Full Body 3×/week,3,advanced,3 of 4,lose,lose,2,full_body_c,Full Body C,7,Cable pull-through,Glutes — Compound and Isolation,glute_focused,"Glutes, Glute medius, Adductors",6,10–15,90 sec,cables
full_body_3x,Full Body 3×/week,3,advanced,3 of 4,lose,lose,2,full_body_c,Full Body C,8,Seated leg curl,Hamstrings — Isolation,hamstring_isolation,Hamstrings,5,12–15,90 sec,machines
full_body_3x,Full Body 3×/week,3,advanced,4 of 4,endurance,endurance,0,full_body_a,Full Body A,0,Barbell back squat,Quads — Squat Pattern,squat_pattern,"Quads, Glutes, Hamstrings",5,12–20,60 sec,barbell
full_body_3x,Full Body 3×/week,3,advanced,4 of 4,endurance,endurance,0,full_body_a,Full Body A,1,Barbell bench press,Chest — Horizontal Push,chest_horizontal_push,"Chest, Shoulders, Triceps",5,12–20,60 sec,barbell
full_body_3x,Full Body 3×/week,3,advanced,4 of 4,endurance,endurance,0,full_body_a,Full Body A,2,Barbell row,Back — Horizontal Pull (Back Thickness + Inner Back),back_horizontal_pull,"Lats, Rhomboids, Mid-traps, Rear delts, Biceps",6,12–20,60 sec,barbell
full_body_3x,Full Body 3×/week,3,advanced,4 of 4,endurance,endurance,0,full_body_a,Full Body A,3,Cable lateral raise,Shoulders — Side Delt Isolation,shoulders_side_delt,Side deltoids,6,12–20,30–45 sec,cables
full_body_3x,Full Body 3×/week,3,advanced,4 of 4,endurance,endurance,0,full_body_a,Full Body A,4,Face pull (cable),Rear Delt and Upper Back,rear_delt,"Rear deltoids, External rotators, Upper traps",5,15–20,30–45 sec,cables
full_body_3x,Full Body 3×/week,3,advanced,4 of 4,endurance,endurance,0,full_body_a,Full Body A,5,Overhead tricep extension,Triceps,triceps,Triceps,5,15–25,30–45 sec,cables
full_body_3x,Full Body 3×/week,3,advanced,4 of 4,endurance,endurance,0,full_body_a,Full Body A,6,Bayesian cable curl,Biceps,biceps,"Biceps, Brachialis",4,15–25,30–45 sec,cables
full_body_3x,Full Body 3×/week,3,advanced,4 of 4,endurance,endurance,0,full_body_a,Full Body A,7,Standing calf raise,Calves,calves,"Gastrocnemius, Soleus",5,10–15,30–45 sec,machines
full_body_3x,Full Body 3×/week,3,advanced,4 of 4,endurance,endurance,0,full_body_a,Full Body A,8,Cable crunch,Core — Weighted Ab Training,core,"Rectus abdominis, Obliques",4,12–20,30–45 sec,cables
full_body_3x,Full Body 3×/week,3,advanced,4 of 4,endurance,endurance,1,full_body_b,Full Body B,0,Romanian deadlift (barbell),Hamstrings and Glutes — Hip Hinge,hip_hinge,"Hamstrings, Glutes, Lower back",5,12–20,60 sec,barbell
full_body_3x,Full Body 3×/week,3,advanced,4 of 4,endurance,endurance,1,full_body_b,Full Body B,1,Incline barbell press,Chest — Incline Push (Upper Chest),chest_incline_push,"Upper chest, Shoulders, Triceps",5,12–20,60 sec,barbell
full_body_3x,Full Body 3×/week,3,advanced,4 of 4,endurance,endurance,1,full_body_b,Full Body B,2,Pull-up (overhand),Back — Vertical Pull (Lat Width),back_vertical_pull,"Lats, Biceps, Rear delts",5,6–10,60 sec,pullup_bar
full_body_3x,Full Body 3×/week,3,advanced,4 of 4,endurance,endurance,1,full_body_b,Full Body B,3,Face pull (cable),Rear Delt and Upper Back,rear_delt,"Rear deltoids, External rotators, Upper traps",5,15–20,30–45 sec,cables
full_body_3x,Full Body 3×/week,3,advanced,4 of 4,endurance,endurance,1,full_body_b,Full Body B,4,Walking lunge (long stride),Glutes — Compound and Isolation,glute_focused,"Glutes, Glute medius, Adductors",6,10–15,30–45 sec,bodyweight+dumbbells
full_body_3x,Full Body 3×/week,3,advanced,4 of 4,endurance,endurance,1,full_body_b,Full Body B,5,Leg extensions,Quads — Isolation,quad_isolation,Quads,5,12–20,30–45 sec,machines
full_body_3x,Full Body 3×/week,3,advanced,4 of 4,endurance,endurance,1,full_body_b,Full Body B,6,Seated calf raise,Calves,calves,"Gastrocnemius, Soleus",5,10–15,30–45 sec,machines
full_body_3x,Full Body 3×/week,3,advanced,4 of 4,endurance,endurance,1,full_body_b,Full Body B,7,Cable crunch,Core — Weighted Ab Training,core,"Rectus abdominis, Obliques",4,12–20,30–45 sec,cables
full_body_3x,Full Body 3×/week,3,advanced,4 of 4,endurance,endurance,2,full_body_c,Full Body C,0,45° leg press,Quads — Squat Pattern,squat_pattern,"Quads, Glutes, Hamstrings",4,12–20,60 sec,machines
full_body_3x,Full Body 3×/week,3,advanced,4 of 4,endurance,endurance,2,full_body_c,Full Body C,1,Cable crossover (lower chest),Chest — Decline / Lower Chest,chest_decline,"Lower chest, Mid chest, Triceps",4,15–25,30–45 sec,cables
full_body_3x,Full Body 3×/week,3,advanced,4 of 4,endurance,endurance,2,full_body_c,Full Body C,2,Cable row (wide grip / flared elbows),Back — Inner Back / Rhomboids,back_inner,"Rhomboids, Mid-traps, Rear delts",5,10–15,30–45 sec,cables
full_body_3x,Full Body 3×/week,3,advanced,4 of 4,endurance,endurance,2,full_body_c,Full Body C,3,Cable lateral raise,Shoulders — Side Delt Isolation,shoulders_side_delt,Side deltoids,6,12–20,30–45 sec,cables
full_body_3x,Full Body 3×/week,3,advanced,4 of 4,endurance,endurance,2,full_body_c,Full Body C,4,Barbell overhead press,Shoulders — Vertical Push,shoulders_vertical_push,"Shoulders, Triceps, Upper chest",3,12–20,60 sec,barbell
full_body_3x,Full Body 3×/week,3,advanced,4 of 4,endurance,endurance,2,full_body_c,Full Body C,5,Cable tricep pushdown (rope or bar),Triceps,triceps,Triceps,5,15–25,30–45 sec,cables
full_body_3x,Full Body 3×/week,3,advanced,4 of 4,endurance,endurance,2,full_body_c,Full Body C,6,Preacher curl,Biceps,biceps,"Biceps, Brachialis",4,15–25,30–45 sec,barbell
full_body_3x,Full Body 3×/week,3,advanced,4 of 4,endurance,endurance,2,full_body_c,Full Body C,7,Cable pull-through,Glutes — Compound and Isolation,glute_focused,"Glutes, Glute medius, Adductors",6,10–15,30–45 sec,cables
full_body_3x,Full Body 3×/week,3,advanced,4 of 4,endurance,endurance,2,full_body_c,Full Body C,8,Seated leg curl,Hamstrings — Isolation,hamstring_isolation,Hamstrings,5,15–25,30–45 sec,machines
upper_lower_4x,Upper / Lower 4×/week,4,beginner,1 of 4,muscle,muscle | maintain | default | recomp | cut_strength | cut_endurance | powerbuilding | hybrid_muscle | hybrid_strength | powerbuilding_cut | athletic_recomp | athletic_cut | athletic_bulk,0,upper_a,Upper A,0,Barbell bench press,Chest — Horizontal Push,chest_horizontal_push,"Chest, Shoulders, Triceps",2,10–15,90 sec,barbell
upper_lower_4x,Upper / Lower 4×/week,4,beginner,1 of 4,muscle,muscle | maintain | default | recomp | cut_strength | cut_endurance | powerbuilding | hybrid_muscle | hybrid_strength | powerbuilding_cut | athletic_recomp | athletic_cut | athletic_bulk,0,upper_a,Upper A,1,Barbell row,Back — Horizontal Pull (Back Thickness + Inner Back),back_horizontal_pull,"Lats, Rhomboids, Mid-traps, Rear delts, Biceps",3,10–15,90 sec,barbell
upper_lower_4x,Upper / Lower 4×/week,4,beginner,1 of 4,muscle,muscle | maintain | default | recomp | cut_strength | cut_endurance | powerbuilding | hybrid_muscle | hybrid_strength | powerbuilding_cut | athletic_recomp | athletic_cut | athletic_bulk,0,upper_a,Upper A,2,Barbell overhead press,Shoulders — Vertical Push,shoulders_vertical_push,"Shoulders, Triceps, Upper chest",3,10–15,90 sec,barbell
upper_lower_4x,Upper / Lower 4×/week,4,beginner,1 of 4,muscle,muscle | maintain | default | recomp | cut_strength | cut_endurance | powerbuilding | hybrid_muscle | hybrid_strength | powerbuilding_cut | athletic_recomp | athletic_cut | athletic_bulk,0,upper_a,Upper A,3,Cable lateral raise,Shoulders — Side Delt Isolation,shoulders_side_delt,Side deltoids,3,12–20,60 sec,cables
upper_lower_4x,Upper / Lower 4×/week,4,beginner,1 of 4,muscle,muscle | maintain | default | recomp | cut_strength | cut_endurance | powerbuilding | hybrid_muscle | hybrid_strength | powerbuilding_cut | athletic_recomp | athletic_cut | athletic_bulk,0,upper_a,Upper A,4,Face pull (cable),Rear Delt and Upper Back,rear_delt,"Rear deltoids, External rotators, Upper traps",2,15–20,60 sec,cables
upper_lower_4x,Upper / Lower 4×/week,4,beginner,1 of 4,muscle,muscle | maintain | default | recomp | cut_strength | cut_endurance | powerbuilding | hybrid_muscle | hybrid_strength | powerbuilding_cut | athletic_recomp | athletic_cut | athletic_bulk,0,upper_a,Upper A,5,Overhead tricep extension,Triceps,triceps,Triceps,2,12–15,60 sec,cables
upper_lower_4x,Upper / Lower 4×/week,4,beginner,1 of 4,muscle,muscle | maintain | default | recomp | cut_strength | cut_endurance | powerbuilding | hybrid_muscle | hybrid_strength | powerbuilding_cut | athletic_recomp | athletic_cut | athletic_bulk,0,upper_a,Upper A,6,Bayesian cable curl,Biceps,biceps,"Biceps, Brachialis",2,12–15,60 sec,cables
upper_lower_4x,Upper / Lower 4×/week,4,beginner,1 of 4,muscle,muscle | maintain | default | recomp | cut_strength | cut_endurance | powerbuilding | hybrid_muscle | hybrid_strength | powerbuilding_cut | athletic_recomp | athletic_cut | athletic_bulk,1,lower_a,Lower A,0,Barbell back squat,Quads — Squat Pattern,squat_pattern,"Quads, Glutes, Hamstrings",2,10–15,90 sec,barbell
upper_lower_4x,Upper / Lower 4×/week,4,beginner,1 of 4,muscle,muscle | maintain | default | recomp | cut_strength | cut_endurance | powerbuilding | hybrid_muscle | hybrid_strength | powerbuilding_cut | athletic_recomp | athletic_cut | athletic_bulk,1,lower_a,Lower A,1,Romanian deadlift (barbell),Hamstrings and Glutes — Hip Hinge,hip_hinge,"Hamstrings, Glutes, Lower back",2,10–15,90 sec,barbell
upper_lower_4x,Upper / Lower 4×/week,4,beginner,1 of 4,muscle,muscle | maintain | default | recomp | cut_strength | cut_endurance | powerbuilding | hybrid_muscle | hybrid_strength | powerbuilding_cut | athletic_recomp | athletic_cut | athletic_bulk,1,lower_a,Lower A,2,Walking lunge (long stride),Glutes — Compound and Isolation,glute_focused,"Glutes, Glute medius, Adductors",2,10–15,60 sec,bodyweight+dumbbells
upper_lower_4x,Upper / Lower 4×/week,4,beginner,1 of 4,muscle,muscle | maintain | default | recomp | cut_strength | cut_endurance | powerbuilding | hybrid_muscle | hybrid_strength | powerbuilding_cut | athletic_recomp | athletic_cut | athletic_bulk,1,lower_a,Lower A,3,Leg extensions,Quads — Isolation,quad_isolation,Quads,2,12–20,60 sec,machines
upper_lower_4x,Upper / Lower 4×/week,4,beginner,1 of 4,muscle,muscle | maintain | default | recomp | cut_strength | cut_endurance | powerbuilding | hybrid_muscle | hybrid_strength | powerbuilding_cut | athletic_recomp | athletic_cut | athletic_bulk,1,lower_a,Lower A,4,Standing calf raise,Calves,calves,"Gastrocnemius, Soleus",2,10–15,60 sec,machines
upper_lower_4x,Upper / Lower 4×/week,4,beginner,1 of 4,muscle,muscle | maintain | default | recomp | cut_strength | cut_endurance | powerbuilding | hybrid_muscle | hybrid_strength | powerbuilding_cut | athletic_recomp | athletic_cut | athletic_bulk,1,lower_a,Lower A,5,Seated calf raise,Calves,calves,"Gastrocnemius, Soleus",2,10–15,60 sec,machines
upper_lower_4x,Upper / Lower 4×/week,4,beginner,1 of 4,muscle,muscle | maintain | default | recomp | cut_strength | cut_endurance | powerbuilding | hybrid_muscle | hybrid_strength | powerbuilding_cut | athletic_recomp | athletic_cut | athletic_bulk,1,lower_a,Lower A,6,Cable crunch,Core — Weighted Ab Training,core,"Rectus abdominis, Obliques",2,12–20,60 sec,cables
upper_lower_4x,Upper / Lower 4×/week,4,beginner,1 of 4,muscle,muscle | maintain | default | recomp | cut_strength | cut_endurance | powerbuilding | hybrid_muscle | hybrid_strength | powerbuilding_cut | athletic_recomp | athletic_cut | athletic_bulk,2,upper_b,Upper B,0,Incline barbell press,Chest — Incline Push (Upper Chest),chest_incline_push,"Upper chest, Shoulders, Triceps",2,10–15,90 sec,barbell
upper_lower_4x,Upper / Lower 4×/week,4,beginner,1 of 4,muscle,muscle | maintain | default | recomp | cut_strength | cut_endurance | powerbuilding | hybrid_muscle | hybrid_strength | powerbuilding_cut | athletic_recomp | athletic_cut | athletic_bulk,2,upper_b,Upper B,1,Cable crossover (lower chest),Chest — Decline / Lower Chest,chest_decline,"Lower chest, Mid chest, Triceps",2,12–15,60 sec,cables
upper_lower_4x,Upper / Lower 4×/week,4,beginner,1 of 4,muscle,muscle | maintain | default | recomp | cut_strength | cut_endurance | powerbuilding | hybrid_muscle | hybrid_strength | powerbuilding_cut | athletic_recomp | athletic_cut | athletic_bulk,2,upper_b,Upper B,2,Pull-up (overhand),Back — Vertical Pull (Lat Width),back_vertical_pull,"Lats, Biceps, Rear delts",3,6–10,90 sec,pullup_bar
upper_lower_4x,Upper / Lower 4×/week,4,beginner,1 of 4,muscle,muscle | maintain | default | recomp | cut_strength | cut_endurance | powerbuilding | hybrid_muscle | hybrid_strength | powerbuilding_cut | athletic_recomp | athletic_cut | athletic_bulk,2,upper_b,Upper B,3,Cable row (wide grip / flared elbows),Back — Inner Back / Rhomboids,back_inner,"Rhomboids, Mid-traps, Rear delts",2,10–15,60 sec,cables
upper_lower_4x,Upper / Lower 4×/week,4,beginner,1 of 4,muscle,muscle | maintain | default | recomp | cut_strength | cut_endurance | powerbuilding | hybrid_muscle | hybrid_strength | powerbuilding_cut | athletic_recomp | athletic_cut | athletic_bulk,2,upper_b,Upper B,4,Cable lateral raise,Shoulders — Side Delt Isolation,shoulders_side_delt,Side deltoids,2,12–20,60 sec,cables
upper_lower_4x,Upper / Lower 4×/week,4,beginner,1 of 4,muscle,muscle | maintain | default | recomp | cut_strength | cut_endurance | powerbuilding | hybrid_muscle | hybrid_strength | powerbuilding_cut | athletic_recomp | athletic_cut | athletic_bulk,2,upper_b,Upper B,5,Face pull (cable),Rear Delt and Upper Back,rear_delt,"Rear deltoids, External rotators, Upper traps",2,15–20,60 sec,cables
upper_lower_4x,Upper / Lower 4×/week,4,beginner,1 of 4,muscle,muscle | maintain | default | recomp | cut_strength | cut_endurance | powerbuilding | hybrid_muscle | hybrid_strength | powerbuilding_cut | athletic_recomp | athletic_cut | athletic_bulk,2,upper_b,Upper B,6,Cable tricep pushdown (rope or bar),Triceps,triceps,Triceps,2,12–15,60 sec,cables
upper_lower_4x,Upper / Lower 4×/week,4,beginner,1 of 4,muscle,muscle | maintain | default | recomp | cut_strength | cut_endurance | powerbuilding | hybrid_muscle | hybrid_strength | powerbuilding_cut | athletic_recomp | athletic_cut | athletic_bulk,2,upper_b,Upper B,7,Preacher curl,Biceps,biceps,"Biceps, Brachialis",2,12–15,60 sec,barbell
upper_lower_4x,Upper / Lower 4×/week,4,beginner,1 of 4,muscle,muscle | maintain | default | recomp | cut_strength | cut_endurance | powerbuilding | hybrid_muscle | hybrid_strength | powerbuilding_cut | athletic_recomp | athletic_cut | athletic_bulk,3,lower_b,Lower B,0,45° leg press,Quads — Squat Pattern,squat_pattern,"Quads, Glutes, Hamstrings",2,10–15,90 sec,machines
upper_lower_4x,Upper / Lower 4×/week,4,beginner,1 of 4,muscle,muscle | maintain | default | recomp | cut_strength | cut_endurance | powerbuilding | hybrid_muscle | hybrid_strength | powerbuilding_cut | athletic_recomp | athletic_cut | athletic_bulk,3,lower_b,Lower B,1,Romanian deadlift (barbell),Hamstrings and Glutes — Hip Hinge,hip_hinge,"Hamstrings, Glutes, Lower back",2,10–15,90 sec,barbell
upper_lower_4x,Upper / Lower 4×/week,4,beginner,1 of 4,muscle,muscle | maintain | default | recomp | cut_strength | cut_endurance | powerbuilding | hybrid_muscle | hybrid_strength | powerbuilding_cut | athletic_recomp | athletic_cut | athletic_bulk,3,lower_b,Lower B,2,Walking lunge (long stride),Glutes — Compound and Isolation,glute_focused,"Glutes, Glute medius, Adductors",2,10–15,60 sec,bodyweight+dumbbells
upper_lower_4x,Upper / Lower 4×/week,4,beginner,1 of 4,muscle,muscle | maintain | default | recomp | cut_strength | cut_endurance | powerbuilding | hybrid_muscle | hybrid_strength | powerbuilding_cut | athletic_recomp | athletic_cut | athletic_bulk,3,lower_b,Lower B,3,Cable pull-through,Glutes — Compound and Isolation,glute_focused,"Glutes, Glute medius, Adductors",2,10–15,60 sec,cables
upper_lower_4x,Upper / Lower 4×/week,4,beginner,1 of 4,muscle,muscle | maintain | default | recomp | cut_strength | cut_endurance | powerbuilding | hybrid_muscle | hybrid_strength | powerbuilding_cut | athletic_recomp | athletic_cut | athletic_bulk,3,lower_b,Lower B,4,Seated leg curl,Hamstrings — Isolation,hamstring_isolation,Hamstrings,2,12–15,60 sec,machines
upper_lower_4x,Upper / Lower 4×/week,4,beginner,1 of 4,muscle,muscle | maintain | default | recomp | cut_strength | cut_endurance | powerbuilding | hybrid_muscle | hybrid_strength | powerbuilding_cut | athletic_recomp | athletic_cut | athletic_bulk,3,lower_b,Lower B,5,Seated calf raise,Calves,calves,"Gastrocnemius, Soleus",2,10–15,60 sec,machines
upper_lower_4x,Upper / Lower 4×/week,4,beginner,1 of 4,muscle,muscle | maintain | default | recomp | cut_strength | cut_endurance | powerbuilding | hybrid_muscle | hybrid_strength | powerbuilding_cut | athletic_recomp | athletic_cut | athletic_bulk,3,lower_b,Lower B,6,Cable crunch,Core — Weighted Ab Training,core,"Rectus abdominis, Obliques",2,12–20,60 sec,cables
upper_lower_4x,Upper / Lower 4×/week,4,beginner,2 of 4,strength,strength,0,upper_a,Upper A,0,Barbell bench press,Chest — Horizontal Push,chest_horizontal_push,"Chest, Shoulders, Triceps",2,3–6,3–5 min,barbell
upper_lower_4x,Upper / Lower 4×/week,4,beginner,2 of 4,strength,strength,0,upper_a,Upper A,1,Barbell row,Back — Horizontal Pull (Back Thickness + Inner Back),back_horizontal_pull,"Lats, Rhomboids, Mid-traps, Rear delts, Biceps",3,3–6,3–5 min,barbell
upper_lower_4x,Upper / Lower 4×/week,4,beginner,2 of 4,strength,strength,0,upper_a,Upper A,2,Barbell overhead press,Shoulders — Vertical Push,shoulders_vertical_push,"Shoulders, Triceps, Upper chest",3,3–6,3–5 min,barbell
upper_lower_4x,Upper / Lower 4×/week,4,beginner,2 of 4,strength,strength,0,upper_a,Upper A,3,Cable lateral raise,Shoulders — Side Delt Isolation,shoulders_side_delt,Side deltoids,3,12–20,2 min,cables
upper_lower_4x,Upper / Lower 4×/week,4,beginner,2 of 4,strength,strength,0,upper_a,Upper A,4,Face pull (cable),Rear Delt and Upper Back,rear_delt,"Rear deltoids, External rotators, Upper traps",2,15–20,2 min,cables
upper_lower_4x,Upper / Lower 4×/week,4,beginner,2 of 4,strength,strength,0,upper_a,Upper A,5,Overhead tricep extension,Triceps,triceps,Triceps,2,8–12,2 min,cables
upper_lower_4x,Upper / Lower 4×/week,4,beginner,2 of 4,strength,strength,0,upper_a,Upper A,6,Bayesian cable curl,Biceps,biceps,"Biceps, Brachialis",2,8–12,2 min,cables
upper_lower_4x,Upper / Lower 4×/week,4,beginner,2 of 4,strength,strength,1,lower_a,Lower A,0,Barbell back squat,Quads — Squat Pattern,squat_pattern,"Quads, Glutes, Hamstrings",2,3–6,3–5 min,barbell
upper_lower_4x,Upper / Lower 4×/week,4,beginner,2 of 4,strength,strength,1,lower_a,Lower A,1,Romanian deadlift (barbell),Hamstrings and Glutes — Hip Hinge,hip_hinge,"Hamstrings, Glutes, Lower back",2,3–6,3–5 min,barbell
upper_lower_4x,Upper / Lower 4×/week,4,beginner,2 of 4,strength,strength,1,lower_a,Lower A,2,Walking lunge (long stride),Glutes — Compound and Isolation,glute_focused,"Glutes, Glute medius, Adductors",2,10–15,2 min,bodyweight+dumbbells
upper_lower_4x,Upper / Lower 4×/week,4,beginner,2 of 4,strength,strength,1,lower_a,Lower A,3,Leg extensions,Quads — Isolation,quad_isolation,Quads,2,12–20,2 min,machines
upper_lower_4x,Upper / Lower 4×/week,4,beginner,2 of 4,strength,strength,1,lower_a,Lower A,4,Standing calf raise,Calves,calves,"Gastrocnemius, Soleus",2,10–15,2 min,machines
upper_lower_4x,Upper / Lower 4×/week,4,beginner,2 of 4,strength,strength,1,lower_a,Lower A,5,Seated calf raise,Calves,calves,"Gastrocnemius, Soleus",2,10–15,2 min,machines
upper_lower_4x,Upper / Lower 4×/week,4,beginner,2 of 4,strength,strength,1,lower_a,Lower A,6,Cable crunch,Core — Weighted Ab Training,core,"Rectus abdominis, Obliques",2,12–20,2 min,cables
upper_lower_4x,Upper / Lower 4×/week,4,beginner,2 of 4,strength,strength,2,upper_b,Upper B,0,Incline barbell press,Chest — Incline Push (Upper Chest),chest_incline_push,"Upper chest, Shoulders, Triceps",2,3–6,3–5 min,barbell
upper_lower_4x,Upper / Lower 4×/week,4,beginner,2 of 4,strength,strength,2,upper_b,Upper B,1,Cable crossover (lower chest),Chest — Decline / Lower Chest,chest_decline,"Lower chest, Mid chest, Triceps",2,8–12,2 min,cables
upper_lower_4x,Upper / Lower 4×/week,4,beginner,2 of 4,strength,strength,2,upper_b,Upper B,2,Pull-up (overhand),Back — Vertical Pull (Lat Width),back_vertical_pull,"Lats, Biceps, Rear delts",3,6–10,3–5 min,pullup_bar
upper_lower_4x,Upper / Lower 4×/week,4,beginner,2 of 4,strength,strength,2,upper_b,Upper B,3,Cable row (wide grip / flared elbows),Back — Inner Back / Rhomboids,back_inner,"Rhomboids, Mid-traps, Rear delts",2,10–15,2 min,cables
upper_lower_4x,Upper / Lower 4×/week,4,beginner,2 of 4,strength,strength,2,upper_b,Upper B,4,Cable lateral raise,Shoulders — Side Delt Isolation,shoulders_side_delt,Side deltoids,2,12–20,2 min,cables
upper_lower_4x,Upper / Lower 4×/week,4,beginner,2 of 4,strength,strength,2,upper_b,Upper B,5,Face pull (cable),Rear Delt and Upper Back,rear_delt,"Rear deltoids, External rotators, Upper traps",2,15–20,2 min,cables
upper_lower_4x,Upper / Lower 4×/week,4,beginner,2 of 4,strength,strength,2,upper_b,Upper B,6,Cable tricep pushdown (rope or bar),Triceps,triceps,Triceps,2,8–12,2 min,cables
upper_lower_4x,Upper / Lower 4×/week,4,beginner,2 of 4,strength,strength,2,upper_b,Upper B,7,Preacher curl,Biceps,biceps,"Biceps, Brachialis",2,8–12,2 min,barbell
upper_lower_4x,Upper / Lower 4×/week,4,beginner,2 of 4,strength,strength,3,lower_b,Lower B,0,45° leg press,Quads — Squat Pattern,squat_pattern,"Quads, Glutes, Hamstrings",2,3–6,3–5 min,machines
upper_lower_4x,Upper / Lower 4×/week,4,beginner,2 of 4,strength,strength,3,lower_b,Lower B,1,Romanian deadlift (barbell),Hamstrings and Glutes — Hip Hinge,hip_hinge,"Hamstrings, Glutes, Lower back",2,3–6,3–5 min,barbell
upper_lower_4x,Upper / Lower 4×/week,4,beginner,2 of 4,strength,strength,3,lower_b,Lower B,2,Walking lunge (long stride),Glutes — Compound and Isolation,glute_focused,"Glutes, Glute medius, Adductors",2,10–15,2 min,bodyweight+dumbbells
upper_lower_4x,Upper / Lower 4×/week,4,beginner,2 of 4,strength,strength,3,lower_b,Lower B,3,Cable pull-through,Glutes — Compound and Isolation,glute_focused,"Glutes, Glute medius, Adductors",2,10–15,2 min,cables
upper_lower_4x,Upper / Lower 4×/week,4,beginner,2 of 4,strength,strength,3,lower_b,Lower B,4,Seated leg curl,Hamstrings — Isolation,hamstring_isolation,Hamstrings,2,8–12,2 min,machines
upper_lower_4x,Upper / Lower 4×/week,4,beginner,2 of 4,strength,strength,3,lower_b,Lower B,5,Seated calf raise,Calves,calves,"Gastrocnemius, Soleus",2,10–15,2 min,machines
upper_lower_4x,Upper / Lower 4×/week,4,beginner,2 of 4,strength,strength,3,lower_b,Lower B,6,Cable crunch,Core — Weighted Ab Training,core,"Rectus abdominis, Obliques",2,12–20,2 min,cables
upper_lower_4x,Upper / Lower 4×/week,4,beginner,3 of 4,lose,lose,0,upper_a,Upper A,0,Barbell bench press,Chest — Horizontal Push,chest_horizontal_push,"Chest, Shoulders, Triceps",2,6–10,2–3 min,barbell
upper_lower_4x,Upper / Lower 4×/week,4,beginner,3 of 4,lose,lose,0,upper_a,Upper A,1,Barbell row,Back — Horizontal Pull (Back Thickness + Inner Back),back_horizontal_pull,"Lats, Rhomboids, Mid-traps, Rear delts, Biceps",3,6–10,2–3 min,barbell
upper_lower_4x,Upper / Lower 4×/week,4,beginner,3 of 4,lose,lose,0,upper_a,Upper A,2,Barbell overhead press,Shoulders — Vertical Push,shoulders_vertical_push,"Shoulders, Triceps, Upper chest",3,6–10,2–3 min,barbell
upper_lower_4x,Upper / Lower 4×/week,4,beginner,3 of 4,lose,lose,0,upper_a,Upper A,3,Cable lateral raise,Shoulders — Side Delt Isolation,shoulders_side_delt,Side deltoids,3,12–20,90 sec,cables
upper_lower_4x,Upper / Lower 4×/week,4,beginner,3 of 4,lose,lose,0,upper_a,Upper A,4,Face pull (cable),Rear Delt and Upper Back,rear_delt,"Rear deltoids, External rotators, Upper traps",2,15–20,90 sec,cables
upper_lower_4x,Upper / Lower 4×/week,4,beginner,3 of 4,lose,lose,0,upper_a,Upper A,5,Overhead tricep extension,Triceps,triceps,Triceps,2,12–15,90 sec,cables
upper_lower_4x,Upper / Lower 4×/week,4,beginner,3 of 4,lose,lose,0,upper_a,Upper A,6,Bayesian cable curl,Biceps,biceps,"Biceps, Brachialis",2,12–15,90 sec,cables
upper_lower_4x,Upper / Lower 4×/week,4,beginner,3 of 4,lose,lose,1,lower_a,Lower A,0,Barbell back squat,Quads — Squat Pattern,squat_pattern,"Quads, Glutes, Hamstrings",2,6–10,2–3 min,barbell
upper_lower_4x,Upper / Lower 4×/week,4,beginner,3 of 4,lose,lose,1,lower_a,Lower A,1,Romanian deadlift (barbell),Hamstrings and Glutes — Hip Hinge,hip_hinge,"Hamstrings, Glutes, Lower back",2,6–10,2–3 min,barbell
upper_lower_4x,Upper / Lower 4×/week,4,beginner,3 of 4,lose,lose,1,lower_a,Lower A,2,Walking lunge (long stride),Glutes — Compound and Isolation,glute_focused,"Glutes, Glute medius, Adductors",2,10–15,90 sec,bodyweight+dumbbells
upper_lower_4x,Upper / Lower 4×/week,4,beginner,3 of 4,lose,lose,1,lower_a,Lower A,3,Leg extensions,Quads — Isolation,quad_isolation,Quads,2,12–20,90 sec,machines
upper_lower_4x,Upper / Lower 4×/week,4,beginner,3 of 4,lose,lose,1,lower_a,Lower A,4,Standing calf raise,Calves,calves,"Gastrocnemius, Soleus",2,10–15,90 sec,machines
upper_lower_4x,Upper / Lower 4×/week,4,beginner,3 of 4,lose,lose,1,lower_a,Lower A,5,Seated calf raise,Calves,calves,"Gastrocnemius, Soleus",2,10–15,90 sec,machines
upper_lower_4x,Upper / Lower 4×/week,4,beginner,3 of 4,lose,lose,1,lower_a,Lower A,6,Cable crunch,Core — Weighted Ab Training,core,"Rectus abdominis, Obliques",2,12–20,90 sec,cables
upper_lower_4x,Upper / Lower 4×/week,4,beginner,3 of 4,lose,lose,2,upper_b,Upper B,0,Incline barbell press,Chest — Incline Push (Upper Chest),chest_incline_push,"Upper chest, Shoulders, Triceps",2,6–10,2–3 min,barbell
upper_lower_4x,Upper / Lower 4×/week,4,beginner,3 of 4,lose,lose,2,upper_b,Upper B,1,Cable crossover (lower chest),Chest — Decline / Lower Chest,chest_decline,"Lower chest, Mid chest, Triceps",2,12–15,90 sec,cables
upper_lower_4x,Upper / Lower 4×/week,4,beginner,3 of 4,lose,lose,2,upper_b,Upper B,2,Pull-up (overhand),Back — Vertical Pull (Lat Width),back_vertical_pull,"Lats, Biceps, Rear delts",3,6–10,2–3 min,pullup_bar
upper_lower_4x,Upper / Lower 4×/week,4,beginner,3 of 4,lose,lose,2,upper_b,Upper B,3,Cable row (wide grip / flared elbows),Back — Inner Back / Rhomboids,back_inner,"Rhomboids, Mid-traps, Rear delts",2,10–15,90 sec,cables
upper_lower_4x,Upper / Lower 4×/week,4,beginner,3 of 4,lose,lose,2,upper_b,Upper B,4,Cable lateral raise,Shoulders — Side Delt Isolation,shoulders_side_delt,Side deltoids,2,12–20,90 sec,cables
upper_lower_4x,Upper / Lower 4×/week,4,beginner,3 of 4,lose,lose,2,upper_b,Upper B,5,Face pull (cable),Rear Delt and Upper Back,rear_delt,"Rear deltoids, External rotators, Upper traps",2,15–20,90 sec,cables
upper_lower_4x,Upper / Lower 4×/week,4,beginner,3 of 4,lose,lose,2,upper_b,Upper B,6,Cable tricep pushdown (rope or bar),Triceps,triceps,Triceps,2,12–15,90 sec,cables
upper_lower_4x,Upper / Lower 4×/week,4,beginner,3 of 4,lose,lose,2,upper_b,Upper B,7,Preacher curl,Biceps,biceps,"Biceps, Brachialis",2,12–15,90 sec,barbell
upper_lower_4x,Upper / Lower 4×/week,4,beginner,3 of 4,lose,lose,3,lower_b,Lower B,0,45° leg press,Quads — Squat Pattern,squat_pattern,"Quads, Glutes, Hamstrings",2,6–10,2–3 min,machines
upper_lower_4x,Upper / Lower 4×/week,4,beginner,3 of 4,lose,lose,3,lower_b,Lower B,1,Romanian deadlift (barbell),Hamstrings and Glutes — Hip Hinge,hip_hinge,"Hamstrings, Glutes, Lower back",2,6–10,2–3 min,barbell
upper_lower_4x,Upper / Lower 4×/week,4,beginner,3 of 4,lose,lose,3,lower_b,Lower B,2,Walking lunge (long stride),Glutes — Compound and Isolation,glute_focused,"Glutes, Glute medius, Adductors",2,10–15,90 sec,bodyweight+dumbbells
upper_lower_4x,Upper / Lower 4×/week,4,beginner,3 of 4,lose,lose,3,lower_b,Lower B,3,Cable pull-through,Glutes — Compound and Isolation,glute_focused,"Glutes, Glute medius, Adductors",2,10–15,90 sec,cables
upper_lower_4x,Upper / Lower 4×/week,4,beginner,3 of 4,lose,lose,3,lower_b,Lower B,4,Seated leg curl,Hamstrings — Isolation,hamstring_isolation,Hamstrings,2,12–15,90 sec,machines
upper_lower_4x,Upper / Lower 4×/week,4,beginner,3 of 4,lose,lose,3,lower_b,Lower B,5,Seated calf raise,Calves,calves,"Gastrocnemius, Soleus",2,10–15,90 sec,machines
upper_lower_4x,Upper / Lower 4×/week,4,beginner,3 of 4,lose,lose,3,lower_b,Lower B,6,Cable crunch,Core — Weighted Ab Training,core,"Rectus abdominis, Obliques",2,12–20,90 sec,cables
upper_lower_4x,Upper / Lower 4×/week,4,beginner,4 of 4,endurance,endurance,0,upper_a,Upper A,0,Barbell bench press,Chest — Horizontal Push,chest_horizontal_push,"Chest, Shoulders, Triceps",2,12–20,60 sec,barbell
upper_lower_4x,Upper / Lower 4×/week,4,beginner,4 of 4,endurance,endurance,0,upper_a,Upper A,1,Barbell row,Back — Horizontal Pull (Back Thickness + Inner Back),back_horizontal_pull,"Lats, Rhomboids, Mid-traps, Rear delts, Biceps",3,12–20,60 sec,barbell
upper_lower_4x,Upper / Lower 4×/week,4,beginner,4 of 4,endurance,endurance,0,upper_a,Upper A,2,Barbell overhead press,Shoulders — Vertical Push,shoulders_vertical_push,"Shoulders, Triceps, Upper chest",3,12–20,60 sec,barbell
upper_lower_4x,Upper / Lower 4×/week,4,beginner,4 of 4,endurance,endurance,0,upper_a,Upper A,3,Cable lateral raise,Shoulders — Side Delt Isolation,shoulders_side_delt,Side deltoids,3,12–20,30–45 sec,cables
upper_lower_4x,Upper / Lower 4×/week,4,beginner,4 of 4,endurance,endurance,0,upper_a,Upper A,4,Face pull (cable),Rear Delt and Upper Back,rear_delt,"Rear deltoids, External rotators, Upper traps",2,15–20,30–45 sec,cables
upper_lower_4x,Upper / Lower 4×/week,4,beginner,4 of 4,endurance,endurance,0,upper_a,Upper A,5,Overhead tricep extension,Triceps,triceps,Triceps,2,15–25,30–45 sec,cables
upper_lower_4x,Upper / Lower 4×/week,4,beginner,4 of 4,endurance,endurance,0,upper_a,Upper A,6,Bayesian cable curl,Biceps,biceps,"Biceps, Brachialis",2,15–25,30–45 sec,cables
upper_lower_4x,Upper / Lower 4×/week,4,beginner,4 of 4,endurance,endurance,1,lower_a,Lower A,0,Barbell back squat,Quads — Squat Pattern,squat_pattern,"Quads, Glutes, Hamstrings",2,12–20,60 sec,barbell
upper_lower_4x,Upper / Lower 4×/week,4,beginner,4 of 4,endurance,endurance,1,lower_a,Lower A,1,Romanian deadlift (barbell),Hamstrings and Glutes — Hip Hinge,hip_hinge,"Hamstrings, Glutes, Lower back",2,12–20,60 sec,barbell
upper_lower_4x,Upper / Lower 4×/week,4,beginner,4 of 4,endurance,endurance,1,lower_a,Lower A,2,Walking lunge (long stride),Glutes — Compound and Isolation,glute_focused,"Glutes, Glute medius, Adductors",2,10–15,30–45 sec,bodyweight+dumbbells
upper_lower_4x,Upper / Lower 4×/week,4,beginner,4 of 4,endurance,endurance,1,lower_a,Lower A,3,Leg extensions,Quads — Isolation,quad_isolation,Quads,2,12–20,30–45 sec,machines
upper_lower_4x,Upper / Lower 4×/week,4,beginner,4 of 4,endurance,endurance,1,lower_a,Lower A,4,Standing calf raise,Calves,calves,"Gastrocnemius, Soleus",2,10–15,30–45 sec,machines
upper_lower_4x,Upper / Lower 4×/week,4,beginner,4 of 4,endurance,endurance,1,lower_a,Lower A,5,Seated calf raise,Calves,calves,"Gastrocnemius, Soleus",2,10–15,30–45 sec,machines
upper_lower_4x,Upper / Lower 4×/week,4,beginner,4 of 4,endurance,endurance,1,lower_a,Lower A,6,Cable crunch,Core — Weighted Ab Training,core,"Rectus abdominis, Obliques",2,12–20,30–45 sec,cables
upper_lower_4x,Upper / Lower 4×/week,4,beginner,4 of 4,endurance,endurance,2,upper_b,Upper B,0,Incline barbell press,Chest — Incline Push (Upper Chest),chest_incline_push,"Upper chest, Shoulders, Triceps",2,12–20,60 sec,barbell
upper_lower_4x,Upper / Lower 4×/week,4,beginner,4 of 4,endurance,endurance,2,upper_b,Upper B,1,Cable crossover (lower chest),Chest — Decline / Lower Chest,chest_decline,"Lower chest, Mid chest, Triceps",2,15–25,30–45 sec,cables
upper_lower_4x,Upper / Lower 4×/week,4,beginner,4 of 4,endurance,endurance,2,upper_b,Upper B,2,Pull-up (overhand),Back — Vertical Pull (Lat Width),back_vertical_pull,"Lats, Biceps, Rear delts",3,6–10,60 sec,pullup_bar
upper_lower_4x,Upper / Lower 4×/week,4,beginner,4 of 4,endurance,endurance,2,upper_b,Upper B,3,Cable row (wide grip / flared elbows),Back — Inner Back / Rhomboids,back_inner,"Rhomboids, Mid-traps, Rear delts",2,10–15,30–45 sec,cables
upper_lower_4x,Upper / Lower 4×/week,4,beginner,4 of 4,endurance,endurance,2,upper_b,Upper B,4,Cable lateral raise,Shoulders — Side Delt Isolation,shoulders_side_delt,Side deltoids,2,12–20,30–45 sec,cables
upper_lower_4x,Upper / Lower 4×/week,4,beginner,4 of 4,endurance,endurance,2,upper_b,Upper B,5,Face pull (cable),Rear Delt and Upper Back,rear_delt,"Rear deltoids, External rotators, Upper traps",2,15–20,30–45 sec,cables
upper_lower_4x,Upper / Lower 4×/week,4,beginner,4 of 4,endurance,endurance,2,upper_b,Upper B,6,Cable tricep pushdown (rope or bar),Triceps,triceps,Triceps,2,15–25,30–45 sec,cables
upper_lower_4x,Upper / Lower 4×/week,4,beginner,4 of 4,endurance,endurance,2,upper_b,Upper B,7,Preacher curl,Biceps,biceps,"Biceps, Brachialis",2,15–25,30–45 sec,barbell
upper_lower_4x,Upper / Lower 4×/week,4,beginner,4 of 4,endurance,endurance,3,lower_b,Lower B,0,45° leg press,Quads — Squat Pattern,squat_pattern,"Quads, Glutes, Hamstrings",2,12–20,60 sec,machines
upper_lower_4x,Upper / Lower 4×/week,4,beginner,4 of 4,endurance,endurance,3,lower_b,Lower B,1,Romanian deadlift (barbell),Hamstrings and Glutes — Hip Hinge,hip_hinge,"Hamstrings, Glutes, Lower back",2,12–20,60 sec,barbell
upper_lower_4x,Upper / Lower 4×/week,4,beginner,4 of 4,endurance,endurance,3,lower_b,Lower B,2,Walking lunge (long stride),Glutes — Compound and Isolation,glute_focused,"Glutes, Glute medius, Adductors",2,10–15,30–45 sec,bodyweight+dumbbells
upper_lower_4x,Upper / Lower 4×/week,4,beginner,4 of 4,endurance,endurance,3,lower_b,Lower B,3,Cable pull-through,Glutes — Compound and Isolation,glute_focused,"Glutes, Glute medius, Adductors",2,10–15,30–45 sec,cables
upper_lower_4x,Upper / Lower 4×/week,4,beginner,4 of 4,endurance,endurance,3,lower_b,Lower B,4,Seated leg curl,Hamstrings — Isolation,hamstring_isolation,Hamstrings,2,15–25,30–45 sec,machines
upper_lower_4x,Upper / Lower 4×/week,4,beginner,4 of 4,endurance,endurance,3,lower_b,Lower B,5,Seated calf raise,Calves,calves,"Gastrocnemius, Soleus",2,10–15,30–45 sec,machines
upper_lower_4x,Upper / Lower 4×/week,4,beginner,4 of 4,endurance,endurance,3,lower_b,Lower B,6,Cable crunch,Core — Weighted Ab Training,core,"Rectus abdominis, Obliques",2,12–20,30–45 sec,cables
upper_lower_4x,Upper / Lower 4×/week,4,intermediate,1 of 4,muscle,muscle | maintain | default | recomp | cut_strength | cut_endurance | powerbuilding | hybrid_muscle | hybrid_strength | powerbuilding_cut | athletic_recomp | athletic_cut | athletic_bulk,0,upper_a,Upper A,0,Barbell bench press,Chest — Horizontal Push,chest_horizontal_push,"Chest, Shoulders, Triceps",4,10–15,90 sec,barbell
upper_lower_4x,Upper / Lower 4×/week,4,intermediate,1 of 4,muscle,muscle | maintain | default | recomp | cut_strength | cut_endurance | powerbuilding | hybrid_muscle | hybrid_strength | powerbuilding_cut | athletic_recomp | athletic_cut | athletic_bulk,0,upper_a,Upper A,1,Barbell row,Back — Horizontal Pull (Back Thickness + Inner Back),back_horizontal_pull,"Lats, Rhomboids, Mid-traps, Rear delts, Biceps",4,10–15,90 sec,barbell
upper_lower_4x,Upper / Lower 4×/week,4,intermediate,1 of 4,muscle,muscle | maintain | default | recomp | cut_strength | cut_endurance | powerbuilding | hybrid_muscle | hybrid_strength | powerbuilding_cut | athletic_recomp | athletic_cut | athletic_bulk,0,upper_a,Upper A,2,Barbell overhead press,Shoulders — Vertical Push,shoulders_vertical_push,"Shoulders, Triceps, Upper chest",3,10–15,90 sec,barbell
upper_lower_4x,Upper / Lower 4×/week,4,intermediate,1 of 4,muscle,muscle | maintain | default | recomp | cut_strength | cut_endurance | powerbuilding | hybrid_muscle | hybrid_strength | powerbuilding_cut | athletic_recomp | athletic_cut | athletic_bulk,0,upper_a,Upper A,3,Cable lateral raise,Shoulders — Side Delt Isolation,shoulders_side_delt,Side deltoids,5,12–20,60 sec,cables
upper_lower_4x,Upper / Lower 4×/week,4,intermediate,1 of 4,muscle,muscle | maintain | default | recomp | cut_strength | cut_endurance | powerbuilding | hybrid_muscle | hybrid_strength | powerbuilding_cut | athletic_recomp | athletic_cut | athletic_bulk,0,upper_a,Upper A,4,Face pull (cable),Rear Delt and Upper Back,rear_delt,"Rear deltoids, External rotators, Upper traps",4,15–20,60 sec,cables
upper_lower_4x,Upper / Lower 4×/week,4,intermediate,1 of 4,muscle,muscle | maintain | default | recomp | cut_strength | cut_endurance | powerbuilding | hybrid_muscle | hybrid_strength | powerbuilding_cut | athletic_recomp | athletic_cut | athletic_bulk,0,upper_a,Upper A,5,Overhead tricep extension,Triceps,triceps,Triceps,4,12–15,60 sec,cables
upper_lower_4x,Upper / Lower 4×/week,4,intermediate,1 of 4,muscle,muscle | maintain | default | recomp | cut_strength | cut_endurance | powerbuilding | hybrid_muscle | hybrid_strength | powerbuilding_cut | athletic_recomp | athletic_cut | athletic_bulk,0,upper_a,Upper A,6,Bayesian cable curl,Biceps,biceps,"Biceps, Brachialis",4,12–15,60 sec,cables
upper_lower_4x,Upper / Lower 4×/week,4,intermediate,1 of 4,muscle,muscle | maintain | default | recomp | cut_strength | cut_endurance | powerbuilding | hybrid_muscle | hybrid_strength | powerbuilding_cut | athletic_recomp | athletic_cut | athletic_bulk,1,lower_a,Lower A,0,Barbell back squat,Quads — Squat Pattern,squat_pattern,"Quads, Glutes, Hamstrings",4,10–15,90 sec,barbell
upper_lower_4x,Upper / Lower 4×/week,4,intermediate,1 of 4,muscle,muscle | maintain | default | recomp | cut_strength | cut_endurance | powerbuilding | hybrid_muscle | hybrid_strength | powerbuilding_cut | athletic_recomp | athletic_cut | athletic_bulk,1,lower_a,Lower A,1,Romanian deadlift (barbell),Hamstrings and Glutes — Hip Hinge,hip_hinge,"Hamstrings, Glutes, Lower back",4,10–15,90 sec,barbell
upper_lower_4x,Upper / Lower 4×/week,4,intermediate,1 of 4,muscle,muscle | maintain | default | recomp | cut_strength | cut_endurance | powerbuilding | hybrid_muscle | hybrid_strength | powerbuilding_cut | athletic_recomp | athletic_cut | athletic_bulk,1,lower_a,Lower A,2,Walking lunge (long stride),Glutes — Compound and Isolation,glute_focused,"Glutes, Glute medius, Adductors",3,10–15,60 sec,bodyweight+dumbbells
upper_lower_4x,Upper / Lower 4×/week,4,intermediate,1 of 4,muscle,muscle | maintain | default | recomp | cut_strength | cut_endurance | powerbuilding | hybrid_muscle | hybrid_strength | powerbuilding_cut | athletic_recomp | athletic_cut | athletic_bulk,1,lower_a,Lower A,3,Leg extensions,Quads — Isolation,quad_isolation,Quads,4,12–20,60 sec,machines
upper_lower_4x,Upper / Lower 4×/week,4,intermediate,1 of 4,muscle,muscle | maintain | default | recomp | cut_strength | cut_endurance | powerbuilding | hybrid_muscle | hybrid_strength | powerbuilding_cut | athletic_recomp | athletic_cut | athletic_bulk,1,lower_a,Lower A,4,Standing calf raise,Calves,calves,"Gastrocnemius, Soleus",4,10–15,60 sec,machines
upper_lower_4x,Upper / Lower 4×/week,4,intermediate,1 of 4,muscle,muscle | maintain | default | recomp | cut_strength | cut_endurance | powerbuilding | hybrid_muscle | hybrid_strength | powerbuilding_cut | athletic_recomp | athletic_cut | athletic_bulk,1,lower_a,Lower A,5,Seated calf raise,Calves,calves,"Gastrocnemius, Soleus",3,10–15,60 sec,machines
upper_lower_4x,Upper / Lower 4×/week,4,intermediate,1 of 4,muscle,muscle | maintain | default | recomp | cut_strength | cut_endurance | powerbuilding | hybrid_muscle | hybrid_strength | powerbuilding_cut | athletic_recomp | athletic_cut | athletic_bulk,1,lower_a,Lower A,6,Cable crunch,Core — Weighted Ab Training,core,"Rectus abdominis, Obliques",4,12–20,60 sec,cables
upper_lower_4x,Upper / Lower 4×/week,4,intermediate,1 of 4,muscle,muscle | maintain | default | recomp | cut_strength | cut_endurance | powerbuilding | hybrid_muscle | hybrid_strength | powerbuilding_cut | athletic_recomp | athletic_cut | athletic_bulk,2,upper_b,Upper B,0,Incline barbell press,Chest — Incline Push (Upper Chest),chest_incline_push,"Upper chest, Shoulders, Triceps",4,10–15,90 sec,barbell
upper_lower_4x,Upper / Lower 4×/week,4,intermediate,1 of 4,muscle,muscle | maintain | default | recomp | cut_strength | cut_endurance | powerbuilding | hybrid_muscle | hybrid_strength | powerbuilding_cut | athletic_recomp | athletic_cut | athletic_bulk,2,upper_b,Upper B,1,Cable crossover (lower chest),Chest — Decline / Lower Chest,chest_decline,"Lower chest, Mid chest, Triceps",4,12–15,60 sec,cables
upper_lower_4x,Upper / Lower 4×/week,4,intermediate,1 of 4,muscle,muscle | maintain | default | recomp | cut_strength | cut_endurance | powerbuilding | hybrid_muscle | hybrid_strength | powerbuilding_cut | athletic_recomp | athletic_cut | athletic_bulk,2,upper_b,Upper B,2,Pull-up (overhand),Back — Vertical Pull (Lat Width),back_vertical_pull,"Lats, Biceps, Rear delts",4,6–10,90 sec,pullup_bar
upper_lower_4x,Upper / Lower 4×/week,4,intermediate,1 of 4,muscle,muscle | maintain | default | recomp | cut_strength | cut_endurance | powerbuilding | hybrid_muscle | hybrid_strength | powerbuilding_cut | athletic_recomp | athletic_cut | athletic_bulk,2,upper_b,Upper B,3,Cable row (wide grip / flared elbows),Back — Inner Back / Rhomboids,back_inner,"Rhomboids, Mid-traps, Rear delts",4,10–15,60 sec,cables
upper_lower_4x,Upper / Lower 4×/week,4,intermediate,1 of 4,muscle,muscle | maintain | default | recomp | cut_strength | cut_endurance | powerbuilding | hybrid_muscle | hybrid_strength | powerbuilding_cut | athletic_recomp | athletic_cut | athletic_bulk,2,upper_b,Upper B,4,Cable lateral raise,Shoulders — Side Delt Isolation,shoulders_side_delt,Side deltoids,5,12–20,60 sec,cables
upper_lower_4x,Upper / Lower 4×/week,4,intermediate,1 of 4,muscle,muscle | maintain | default | recomp | cut_strength | cut_endurance | powerbuilding | hybrid_muscle | hybrid_strength | powerbuilding_cut | athletic_recomp | athletic_cut | athletic_bulk,2,upper_b,Upper B,5,Face pull (cable),Rear Delt and Upper Back,rear_delt,"Rear deltoids, External rotators, Upper traps",4,15–20,60 sec,cables
upper_lower_4x,Upper / Lower 4×/week,4,intermediate,1 of 4,muscle,muscle | maintain | default | recomp | cut_strength | cut_endurance | powerbuilding | hybrid_muscle | hybrid_strength | powerbuilding_cut | athletic_recomp | athletic_cut | athletic_bulk,2,upper_b,Upper B,6,Cable tricep pushdown (rope or bar),Triceps,triceps,Triceps,4,12–15,60 sec,cables
upper_lower_4x,Upper / Lower 4×/week,4,intermediate,1 of 4,muscle,muscle | maintain | default | recomp | cut_strength | cut_endurance | powerbuilding | hybrid_muscle | hybrid_strength | powerbuilding_cut | athletic_recomp | athletic_cut | athletic_bulk,2,upper_b,Upper B,7,Preacher curl,Biceps,biceps,"Biceps, Brachialis",4,12–15,60 sec,barbell
upper_lower_4x,Upper / Lower 4×/week,4,intermediate,1 of 4,muscle,muscle | maintain | default | recomp | cut_strength | cut_endurance | powerbuilding | hybrid_muscle | hybrid_strength | powerbuilding_cut | athletic_recomp | athletic_cut | athletic_bulk,3,lower_b,Lower B,0,45° leg press,Quads — Squat Pattern,squat_pattern,"Quads, Glutes, Hamstrings",4,10–15,90 sec,machines
upper_lower_4x,Upper / Lower 4×/week,4,intermediate,1 of 4,muscle,muscle | maintain | default | recomp | cut_strength | cut_endurance | powerbuilding | hybrid_muscle | hybrid_strength | powerbuilding_cut | athletic_recomp | athletic_cut | athletic_bulk,3,lower_b,Lower B,1,Conventional deadlift,Hamstrings and Glutes — Hip Hinge,hip_hinge,"Hamstrings, Glutes, Lower back",3,10–15,90 sec,barbell
upper_lower_4x,Upper / Lower 4×/week,4,intermediate,1 of 4,muscle,muscle | maintain | default | recomp | cut_strength | cut_endurance | powerbuilding | hybrid_muscle | hybrid_strength | powerbuilding_cut | athletic_recomp | athletic_cut | athletic_bulk,3,lower_b,Lower B,2,Walking lunge (long stride),Glutes — Compound and Isolation,glute_focused,"Glutes, Glute medius, Adductors",3,10–15,60 sec,bodyweight+dumbbells
upper_lower_4x,Upper / Lower 4×/week,4,intermediate,1 of 4,muscle,muscle | maintain | default | recomp | cut_strength | cut_endurance | powerbuilding | hybrid_muscle | hybrid_strength | powerbuilding_cut | athletic_recomp | athletic_cut | athletic_bulk,3,lower_b,Lower B,3,Cable pull-through,Glutes — Compound and Isolation,glute_focused,"Glutes, Glute medius, Adductors",2,10–15,60 sec,cables
upper_lower_4x,Upper / Lower 4×/week,4,intermediate,1 of 4,muscle,muscle | maintain | default | recomp | cut_strength | cut_endurance | powerbuilding | hybrid_muscle | hybrid_strength | powerbuilding_cut | athletic_recomp | athletic_cut | athletic_bulk,3,lower_b,Lower B,4,Seated leg curl,Hamstrings — Isolation,hamstring_isolation,Hamstrings,3,12–15,60 sec,machines
upper_lower_4x,Upper / Lower 4×/week,4,intermediate,1 of 4,muscle,muscle | maintain | default | recomp | cut_strength | cut_endurance | powerbuilding | hybrid_muscle | hybrid_strength | powerbuilding_cut | athletic_recomp | athletic_cut | athletic_bulk,3,lower_b,Lower B,5,Seated calf raise,Calves,calves,"Gastrocnemius, Soleus",3,10–15,60 sec,machines
upper_lower_4x,Upper / Lower 4×/week,4,intermediate,1 of 4,muscle,muscle | maintain | default | recomp | cut_strength | cut_endurance | powerbuilding | hybrid_muscle | hybrid_strength | powerbuilding_cut | athletic_recomp | athletic_cut | athletic_bulk,3,lower_b,Lower B,6,Cable crunch,Core — Weighted Ab Training,core,"Rectus abdominis, Obliques",4,12–20,60 sec,cables
upper_lower_4x,Upper / Lower 4×/week,4,intermediate,2 of 4,strength,strength,0,upper_a,Upper A,0,Barbell bench press,Chest — Horizontal Push,chest_horizontal_push,"Chest, Shoulders, Triceps",4,3–6,3–5 min,barbell
upper_lower_4x,Upper / Lower 4×/week,4,intermediate,2 of 4,strength,strength,0,upper_a,Upper A,1,Barbell row,Back — Horizontal Pull (Back Thickness + Inner Back),back_horizontal_pull,"Lats, Rhomboids, Mid-traps, Rear delts, Biceps",4,3–6,3–5 min,barbell
upper_lower_4x,Upper / Lower 4×/week,4,intermediate,2 of 4,strength,strength,0,upper_a,Upper A,2,Barbell overhead press,Shoulders — Vertical Push,shoulders_vertical_push,"Shoulders, Triceps, Upper chest",3,3–6,3–5 min,barbell
upper_lower_4x,Upper / Lower 4×/week,4,intermediate,2 of 4,strength,strength,0,upper_a,Upper A,3,Cable lateral raise,Shoulders — Side Delt Isolation,shoulders_side_delt,Side deltoids,5,12–20,2 min,cables
upper_lower_4x,Upper / Lower 4×/week,4,intermediate,2 of 4,strength,strength,0,upper_a,Upper A,4,Face pull (cable),Rear Delt and Upper Back,rear_delt,"Rear deltoids, External rotators, Upper traps",4,15–20,2 min,cables
upper_lower_4x,Upper / Lower 4×/week,4,intermediate,2 of 4,strength,strength,0,upper_a,Upper A,5,Overhead tricep extension,Triceps,triceps,Triceps,4,8–12,2 min,cables
upper_lower_4x,Upper / Lower 4×/week,4,intermediate,2 of 4,strength,strength,0,upper_a,Upper A,6,Bayesian cable curl,Biceps,biceps,"Biceps, Brachialis",4,8–12,2 min,cables
upper_lower_4x,Upper / Lower 4×/week,4,intermediate,2 of 4,strength,strength,1,lower_a,Lower A,0,Barbell back squat,Quads — Squat Pattern,squat_pattern,"Quads, Glutes, Hamstrings",5,3–6,3–5 min,barbell
upper_lower_4x,Upper / Lower 4×/week,4,intermediate,2 of 4,strength,strength,1,lower_a,Lower A,1,Romanian deadlift (barbell),Hamstrings and Glutes — Hip Hinge,hip_hinge,"Hamstrings, Glutes, Lower back",4,3–6,3–5 min,barbell
upper_lower_4x,Upper / Lower 4×/week,4,intermediate,2 of 4,strength,strength,1,lower_a,Lower A,2,Walking lunge (long stride),Glutes — Compound and Isolation,glute_focused,"Glutes, Glute medius, Adductors",3,10–15,2 min,bodyweight+dumbbells
upper_lower_4x,Upper / Lower 4×/week,4,intermediate,2 of 4,strength,strength,1,lower_a,Lower A,3,Leg extensions,Quads — Isolation,quad_isolation,Quads,3,12–20,2 min,machines
upper_lower_4x,Upper / Lower 4×/week,4,intermediate,2 of 4,strength,strength,1,lower_a,Lower A,4,Standing calf raise,Calves,calves,"Gastrocnemius, Soleus",4,10–15,2 min,machines
upper_lower_4x,Upper / Lower 4×/week,4,intermediate,2 of 4,strength,strength,1,lower_a,Lower A,5,Seated calf raise,Calves,calves,"Gastrocnemius, Soleus",3,10–15,2 min,machines
upper_lower_4x,Upper / Lower 4×/week,4,intermediate,2 of 4,strength,strength,1,lower_a,Lower A,6,Cable crunch,Core — Weighted Ab Training,core,"Rectus abdominis, Obliques",4,12–20,2 min,cables
upper_lower_4x,Upper / Lower 4×/week,4,intermediate,2 of 4,strength,strength,2,upper_b,Upper B,0,Incline barbell press,Chest — Incline Push (Upper Chest),chest_incline_push,"Upper chest, Shoulders, Triceps",4,3–6,3–5 min,barbell
upper_lower_4x,Upper / Lower 4×/week,4,intermediate,2 of 4,strength,strength,2,upper_b,Upper B,1,Cable crossover (lower chest),Chest — Decline / Lower Chest,chest_decline,"Lower chest, Mid chest, Triceps",4,8–12,2 min,cables
upper_lower_4x,Upper / Lower 4×/week,4,intermediate,2 of 4,strength,strength,2,upper_b,Upper B,2,Pull-up (overhand),Back — Vertical Pull (Lat Width),back_vertical_pull,"Lats, Biceps, Rear delts",5,6–10,3–5 min,pullup_bar
upper_lower_4x,Upper / Lower 4×/week,4,intermediate,2 of 4,strength,strength,2,upper_b,Upper B,3,Cable row (wide grip / flared elbows),Back — Inner Back / Rhomboids,back_inner,"Rhomboids, Mid-traps, Rear delts",3,10–15,2 min,cables
upper_lower_4x,Upper / Lower 4×/week,4,intermediate,2 of 4,strength,strength,2,upper_b,Upper B,4,Cable lateral raise,Shoulders — Side Delt Isolation,shoulders_side_delt,Side deltoids,5,12–20,2 min,cables
upper_lower_4x,Upper / Lower 4×/week,4,intermediate,2 of 4,strength,strength,2,upper_b,Upper B,5,Face pull (cable),Rear Delt and Upper Back,rear_delt,"Rear deltoids, External rotators, Upper traps",4,15–20,2 min,cables
upper_lower_4x,Upper / Lower 4×/week,4,intermediate,2 of 4,strength,strength,2,upper_b,Upper B,6,Cable tricep pushdown (rope or bar),Triceps,triceps,Triceps,4,8–12,2 min,cables
upper_lower_4x,Upper / Lower 4×/week,4,intermediate,2 of 4,strength,strength,2,upper_b,Upper B,7,Preacher curl,Biceps,biceps,"Biceps, Brachialis",4,8–12,2 min,barbell
upper_lower_4x,Upper / Lower 4×/week,4,intermediate,2 of 4,strength,strength,3,lower_b,Lower B,0,45° leg press,Quads — Squat Pattern,squat_pattern,"Quads, Glutes, Hamstrings",4,3–6,3–5 min,machines
upper_lower_4x,Upper / Lower 4×/week,4,intermediate,2 of 4,strength,strength,3,lower_b,Lower B,1,Conventional deadlift,Hamstrings and Glutes — Hip Hinge,hip_hinge,"Hamstrings, Glutes, Lower back",4,3–6,3–5 min,barbell
upper_lower_4x,Upper / Lower 4×/week,4,intermediate,2 of 4,strength,strength,3,lower_b,Lower B,2,Walking lunge (long stride),Glutes — Compound and Isolation,glute_focused,"Glutes, Glute medius, Adductors",3,10–15,2 min,bodyweight+dumbbells
upper_lower_4x,Upper / Lower 4×/week,4,intermediate,2 of 4,strength,strength,3,lower_b,Lower B,3,Cable pull-through,Glutes — Compound and Isolation,glute_focused,"Glutes, Glute medius, Adductors",2,10–15,2 min,cables
upper_lower_4x,Upper / Lower 4×/week,4,intermediate,2 of 4,strength,strength,3,lower_b,Lower B,4,Seated leg curl,Hamstrings — Isolation,hamstring_isolation,Hamstrings,2,8–12,2 min,machines
upper_lower_4x,Upper / Lower 4×/week,4,intermediate,2 of 4,strength,strength,3,lower_b,Lower B,5,Seated calf raise,Calves,calves,"Gastrocnemius, Soleus",3,10–15,2 min,machines
upper_lower_4x,Upper / Lower 4×/week,4,intermediate,2 of 4,strength,strength,3,lower_b,Lower B,6,Cable crunch,Core — Weighted Ab Training,core,"Rectus abdominis, Obliques",4,12–20,2 min,cables
upper_lower_4x,Upper / Lower 4×/week,4,intermediate,3 of 4,lose,lose,0,upper_a,Upper A,0,Barbell bench press,Chest — Horizontal Push,chest_horizontal_push,"Chest, Shoulders, Triceps",4,6–10,2–3 min,barbell
upper_lower_4x,Upper / Lower 4×/week,4,intermediate,3 of 4,lose,lose,0,upper_a,Upper A,1,Barbell row,Back — Horizontal Pull (Back Thickness + Inner Back),back_horizontal_pull,"Lats, Rhomboids, Mid-traps, Rear delts, Biceps",4,6–10,2–3 min,barbell
upper_lower_4x,Upper / Lower 4×/week,4,intermediate,3 of 4,lose,lose,0,upper_a,Upper A,2,Barbell overhead press,Shoulders — Vertical Push,shoulders_vertical_push,"Shoulders, Triceps, Upper chest",3,6–10,2–3 min,barbell
upper_lower_4x,Upper / Lower 4×/week,4,intermediate,3 of 4,lose,lose,0,upper_a,Upper A,3,Cable lateral raise,Shoulders — Side Delt Isolation,shoulders_side_delt,Side deltoids,5,12–20,90 sec,cables
upper_lower_4x,Upper / Lower 4×/week,4,intermediate,3 of 4,lose,lose,0,upper_a,Upper A,4,Face pull (cable),Rear Delt and Upper Back,rear_delt,"Rear deltoids, External rotators, Upper traps",4,15–20,90 sec,cables
upper_lower_4x,Upper / Lower 4×/week,4,intermediate,3 of 4,lose,lose,0,upper_a,Upper A,5,Overhead tricep extension,Triceps,triceps,Triceps,4,12–15,90 sec,cables
upper_lower_4x,Upper / Lower 4×/week,4,intermediate,3 of 4,lose,lose,0,upper_a,Upper A,6,Bayesian cable curl,Biceps,biceps,"Biceps, Brachialis",4,12–15,90 sec,cables
upper_lower_4x,Upper / Lower 4×/week,4,intermediate,3 of 4,lose,lose,1,lower_a,Lower A,0,Barbell back squat,Quads — Squat Pattern,squat_pattern,"Quads, Glutes, Hamstrings",4,6–10,2–3 min,barbell
upper_lower_4x,Upper / Lower 4×/week,4,intermediate,3 of 4,lose,lose,1,lower_a,Lower A,1,Romanian deadlift (barbell),Hamstrings and Glutes — Hip Hinge,hip_hinge,"Hamstrings, Glutes, Lower back",4,6–10,2–3 min,barbell
upper_lower_4x,Upper / Lower 4×/week,4,intermediate,3 of 4,lose,lose,1,lower_a,Lower A,2,Walking lunge (long stride),Glutes — Compound and Isolation,glute_focused,"Glutes, Glute medius, Adductors",3,10–15,90 sec,bodyweight+dumbbells
upper_lower_4x,Upper / Lower 4×/week,4,intermediate,3 of 4,lose,lose,1,lower_a,Lower A,3,Leg extensions,Quads — Isolation,quad_isolation,Quads,4,12–20,90 sec,machines
upper_lower_4x,Upper / Lower 4×/week,4,intermediate,3 of 4,lose,lose,1,lower_a,Lower A,4,Standing calf raise,Calves,calves,"Gastrocnemius, Soleus",4,10–15,90 sec,machines
upper_lower_4x,Upper / Lower 4×/week,4,intermediate,3 of 4,lose,lose,1,lower_a,Lower A,5,Seated calf raise,Calves,calves,"Gastrocnemius, Soleus",3,10–15,90 sec,machines
upper_lower_4x,Upper / Lower 4×/week,4,intermediate,3 of 4,lose,lose,1,lower_a,Lower A,6,Cable crunch,Core — Weighted Ab Training,core,"Rectus abdominis, Obliques",4,12–20,90 sec,cables
upper_lower_4x,Upper / Lower 4×/week,4,intermediate,3 of 4,lose,lose,2,upper_b,Upper B,0,Incline barbell press,Chest — Incline Push (Upper Chest),chest_incline_push,"Upper chest, Shoulders, Triceps",4,6–10,2–3 min,barbell
upper_lower_4x,Upper / Lower 4×/week,4,intermediate,3 of 4,lose,lose,2,upper_b,Upper B,1,Cable crossover (lower chest),Chest — Decline / Lower Chest,chest_decline,"Lower chest, Mid chest, Triceps",4,12–15,90 sec,cables
upper_lower_4x,Upper / Lower 4×/week,4,intermediate,3 of 4,lose,lose,2,upper_b,Upper B,2,Pull-up (overhand),Back — Vertical Pull (Lat Width),back_vertical_pull,"Lats, Biceps, Rear delts",4,6–10,2–3 min,pullup_bar
upper_lower_4x,Upper / Lower 4×/week,4,intermediate,3 of 4,lose,lose,2,upper_b,Upper B,3,Cable row (wide grip / flared elbows),Back — Inner Back / Rhomboids,back_inner,"Rhomboids, Mid-traps, Rear delts",4,10–15,90 sec,cables
upper_lower_4x,Upper / Lower 4×/week,4,intermediate,3 of 4,lose,lose,2,upper_b,Upper B,4,Cable lateral raise,Shoulders — Side Delt Isolation,shoulders_side_delt,Side deltoids,5,12–20,90 sec,cables
upper_lower_4x,Upper / Lower 4×/week,4,intermediate,3 of 4,lose,lose,2,upper_b,Upper B,5,Face pull (cable),Rear Delt and Upper Back,rear_delt,"Rear deltoids, External rotators, Upper traps",4,15–20,90 sec,cables
upper_lower_4x,Upper / Lower 4×/week,4,intermediate,3 of 4,lose,lose,2,upper_b,Upper B,6,Cable tricep pushdown (rope or bar),Triceps,triceps,Triceps,4,12–15,90 sec,cables
upper_lower_4x,Upper / Lower 4×/week,4,intermediate,3 of 4,lose,lose,2,upper_b,Upper B,7,Preacher curl,Biceps,biceps,"Biceps, Brachialis",4,12–15,90 sec,barbell
upper_lower_4x,Upper / Lower 4×/week,4,intermediate,3 of 4,lose,lose,3,lower_b,Lower B,0,45° leg press,Quads — Squat Pattern,squat_pattern,"Quads, Glutes, Hamstrings",4,6–10,2–3 min,machines
upper_lower_4x,Upper / Lower 4×/week,4,intermediate,3 of 4,lose,lose,3,lower_b,Lower B,1,Conventional deadlift,Hamstrings and Glutes — Hip Hinge,hip_hinge,"Hamstrings, Glutes, Lower back",3,6–10,2–3 min,barbell
upper_lower_4x,Upper / Lower 4×/week,4,intermediate,3 of 4,lose,lose,3,lower_b,Lower B,2,Walking lunge (long stride),Glutes — Compound and Isolation,glute_focused,"Glutes, Glute medius, Adductors",3,10–15,90 sec,bodyweight+dumbbells
upper_lower_4x,Upper / Lower 4×/week,4,intermediate,3 of 4,lose,lose,3,lower_b,Lower B,3,Cable pull-through,Glutes — Compound and Isolation,glute_focused,"Glutes, Glute medius, Adductors",2,10–15,90 sec,cables
upper_lower_4x,Upper / Lower 4×/week,4,intermediate,3 of 4,lose,lose,3,lower_b,Lower B,4,Seated leg curl,Hamstrings — Isolation,hamstring_isolation,Hamstrings,3,12–15,90 sec,machines
upper_lower_4x,Upper / Lower 4×/week,4,intermediate,3 of 4,lose,lose,3,lower_b,Lower B,5,Seated calf raise,Calves,calves,"Gastrocnemius, Soleus",3,10–15,90 sec,machines
upper_lower_4x,Upper / Lower 4×/week,4,intermediate,3 of 4,lose,lose,3,lower_b,Lower B,6,Cable crunch,Core — Weighted Ab Training,core,"Rectus abdominis, Obliques",4,12–20,90 sec,cables
upper_lower_4x,Upper / Lower 4×/week,4,intermediate,4 of 4,endurance,endurance,0,upper_a,Upper A,0,Barbell bench press,Chest — Horizontal Push,chest_horizontal_push,"Chest, Shoulders, Triceps",4,12–20,60 sec,barbell
upper_lower_4x,Upper / Lower 4×/week,4,intermediate,4 of 4,endurance,endurance,0,upper_a,Upper A,1,Barbell row,Back — Horizontal Pull (Back Thickness + Inner Back),back_horizontal_pull,"Lats, Rhomboids, Mid-traps, Rear delts, Biceps",4,12–20,60 sec,barbell
upper_lower_4x,Upper / Lower 4×/week,4,intermediate,4 of 4,endurance,endurance,0,upper_a,Upper A,2,Barbell overhead press,Shoulders — Vertical Push,shoulders_vertical_push,"Shoulders, Triceps, Upper chest",3,12–20,60 sec,barbell
upper_lower_4x,Upper / Lower 4×/week,4,intermediate,4 of 4,endurance,endurance,0,upper_a,Upper A,3,Cable lateral raise,Shoulders — Side Delt Isolation,shoulders_side_delt,Side deltoids,5,12–20,30–45 sec,cables
upper_lower_4x,Upper / Lower 4×/week,4,intermediate,4 of 4,endurance,endurance,0,upper_a,Upper A,4,Face pull (cable),Rear Delt and Upper Back,rear_delt,"Rear deltoids, External rotators, Upper traps",4,15–20,30–45 sec,cables
upper_lower_4x,Upper / Lower 4×/week,4,intermediate,4 of 4,endurance,endurance,0,upper_a,Upper A,5,Overhead tricep extension,Triceps,triceps,Triceps,4,15–25,30–45 sec,cables
upper_lower_4x,Upper / Lower 4×/week,4,intermediate,4 of 4,endurance,endurance,0,upper_a,Upper A,6,Bayesian cable curl,Biceps,biceps,"Biceps, Brachialis",4,15–25,30–45 sec,cables
upper_lower_4x,Upper / Lower 4×/week,4,intermediate,4 of 4,endurance,endurance,1,lower_a,Lower A,0,Barbell back squat,Quads — Squat Pattern,squat_pattern,"Quads, Glutes, Hamstrings",4,12–20,60 sec,barbell
upper_lower_4x,Upper / Lower 4×/week,4,intermediate,4 of 4,endurance,endurance,1,lower_a,Lower A,1,Romanian deadlift (barbell),Hamstrings and Glutes — Hip Hinge,hip_hinge,"Hamstrings, Glutes, Lower back",4,12–20,60 sec,barbell
upper_lower_4x,Upper / Lower 4×/week,4,intermediate,4 of 4,endurance,endurance,1,lower_a,Lower A,2,Walking lunge (long stride),Glutes — Compound and Isolation,glute_focused,"Glutes, Glute medius, Adductors",3,10–15,30–45 sec,bodyweight+dumbbells
upper_lower_4x,Upper / Lower 4×/week,4,intermediate,4 of 4,endurance,endurance,1,lower_a,Lower A,3,Leg extensions,Quads — Isolation,quad_isolation,Quads,4,12–20,30–45 sec,machines
upper_lower_4x,Upper / Lower 4×/week,4,intermediate,4 of 4,endurance,endurance,1,lower_a,Lower A,4,Standing calf raise,Calves,calves,"Gastrocnemius, Soleus",4,10–15,30–45 sec,machines
upper_lower_4x,Upper / Lower 4×/week,4,intermediate,4 of 4,endurance,endurance,1,lower_a,Lower A,5,Seated calf raise,Calves,calves,"Gastrocnemius, Soleus",3,10–15,30–45 sec,machines
upper_lower_4x,Upper / Lower 4×/week,4,intermediate,4 of 4,endurance,endurance,1,lower_a,Lower A,6,Cable crunch,Core — Weighted Ab Training,core,"Rectus abdominis, Obliques",4,12–20,30–45 sec,cables
upper_lower_4x,Upper / Lower 4×/week,4,intermediate,4 of 4,endurance,endurance,2,upper_b,Upper B,0,Incline barbell press,Chest — Incline Push (Upper Chest),chest_incline_push,"Upper chest, Shoulders, Triceps",4,12–20,60 sec,barbell
upper_lower_4x,Upper / Lower 4×/week,4,intermediate,4 of 4,endurance,endurance,2,upper_b,Upper B,1,Cable crossover (lower chest),Chest — Decline / Lower Chest,chest_decline,"Lower chest, Mid chest, Triceps",4,15–25,30–45 sec,cables
upper_lower_4x,Upper / Lower 4×/week,4,intermediate,4 of 4,endurance,endurance,2,upper_b,Upper B,2,Pull-up (overhand),Back — Vertical Pull (Lat Width),back_vertical_pull,"Lats, Biceps, Rear delts",4,6–10,60 sec,pullup_bar
upper_lower_4x,Upper / Lower 4×/week,4,intermediate,4 of 4,endurance,endurance,2,upper_b,Upper B,3,Cable row (wide grip / flared elbows),Back — Inner Back / Rhomboids,back_inner,"Rhomboids, Mid-traps, Rear delts",4,10–15,30–45 sec,cables
upper_lower_4x,Upper / Lower 4×/week,4,intermediate,4 of 4,endurance,endurance,2,upper_b,Upper B,4,Cable lateral raise,Shoulders — Side Delt Isolation,shoulders_side_delt,Side deltoids,5,12–20,30–45 sec,cables
upper_lower_4x,Upper / Lower 4×/week,4,intermediate,4 of 4,endurance,endurance,2,upper_b,Upper B,5,Face pull (cable),Rear Delt and Upper Back,rear_delt,"Rear deltoids, External rotators, Upper traps",4,15–20,30–45 sec,cables
upper_lower_4x,Upper / Lower 4×/week,4,intermediate,4 of 4,endurance,endurance,2,upper_b,Upper B,6,Cable tricep pushdown (rope or bar),Triceps,triceps,Triceps,4,15–25,30–45 sec,cables
upper_lower_4x,Upper / Lower 4×/week,4,intermediate,4 of 4,endurance,endurance,2,upper_b,Upper B,7,Preacher curl,Biceps,biceps,"Biceps, Brachialis",4,15–25,30–45 sec,barbell
upper_lower_4x,Upper / Lower 4×/week,4,intermediate,4 of 4,endurance,endurance,3,lower_b,Lower B,0,45° leg press,Quads — Squat Pattern,squat_pattern,"Quads, Glutes, Hamstrings",4,12–20,60 sec,machines
upper_lower_4x,Upper / Lower 4×/week,4,intermediate,4 of 4,endurance,endurance,3,lower_b,Lower B,1,Conventional deadlift,Hamstrings and Glutes — Hip Hinge,hip_hinge,"Hamstrings, Glutes, Lower back",3,12–20,60 sec,barbell
upper_lower_4x,Upper / Lower 4×/week,4,intermediate,4 of 4,endurance,endurance,3,lower_b,Lower B,2,Walking lunge (long stride),Glutes — Compound and Isolation,glute_focused,"Glutes, Glute medius, Adductors",3,10–15,30–45 sec,bodyweight+dumbbells
upper_lower_4x,Upper / Lower 4×/week,4,intermediate,4 of 4,endurance,endurance,3,lower_b,Lower B,3,Cable pull-through,Glutes — Compound and Isolation,glute_focused,"Glutes, Glute medius, Adductors",2,10–15,30–45 sec,cables
upper_lower_4x,Upper / Lower 4×/week,4,intermediate,4 of 4,endurance,endurance,3,lower_b,Lower B,4,Seated leg curl,Hamstrings — Isolation,hamstring_isolation,Hamstrings,3,15–25,30–45 sec,machines
upper_lower_4x,Upper / Lower 4×/week,4,intermediate,4 of 4,endurance,endurance,3,lower_b,Lower B,5,Seated calf raise,Calves,calves,"Gastrocnemius, Soleus",3,10–15,30–45 sec,machines
upper_lower_4x,Upper / Lower 4×/week,4,intermediate,4 of 4,endurance,endurance,3,lower_b,Lower B,6,Cable crunch,Core — Weighted Ab Training,core,"Rectus abdominis, Obliques",4,12–20,30–45 sec,cables
upper_lower_4x,Upper / Lower 4×/week,4,advanced,1 of 4,muscle,muscle | maintain | default | recomp | cut_strength | cut_endurance | powerbuilding | hybrid_muscle | hybrid_strength | powerbuilding_cut | athletic_recomp | athletic_cut | athletic_bulk,0,upper_a,Upper A,0,Barbell bench press,Chest — Horizontal Push,chest_horizontal_push,"Chest, Shoulders, Triceps",5,10–15,90 sec,barbell
upper_lower_4x,Upper / Lower 4×/week,4,advanced,1 of 4,muscle,muscle | maintain | default | recomp | cut_strength | cut_endurance | powerbuilding | hybrid_muscle | hybrid_strength | powerbuilding_cut | athletic_recomp | athletic_cut | athletic_bulk,0,upper_a,Upper A,1,Barbell row,Back — Horizontal Pull (Back Thickness + Inner Back),back_horizontal_pull,"Lats, Rhomboids, Mid-traps, Rear delts, Biceps",6,10–15,90 sec,barbell
upper_lower_4x,Upper / Lower 4×/week,4,advanced,1 of 4,muscle,muscle | maintain | default | recomp | cut_strength | cut_endurance | powerbuilding | hybrid_muscle | hybrid_strength | powerbuilding_cut | athletic_recomp | athletic_cut | athletic_bulk,0,upper_a,Upper A,2,Barbell overhead press,Shoulders — Vertical Push,shoulders_vertical_push,"Shoulders, Triceps, Upper chest",3,10–15,90 sec,barbell
upper_lower_4x,Upper / Lower 4×/week,4,advanced,1 of 4,muscle,muscle | maintain | default | recomp | cut_strength | cut_endurance | powerbuilding | hybrid_muscle | hybrid_strength | powerbuilding_cut | athletic_recomp | athletic_cut | athletic_bulk,0,upper_a,Upper A,3,Cable lateral raise,Shoulders — Side Delt Isolation,shoulders_side_delt,Side deltoids,6,12–20,60 sec,cables
upper_lower_4x,Upper / Lower 4×/week,4,advanced,1 of 4,muscle,muscle | maintain | default | recomp | cut_strength | cut_endurance | powerbuilding | hybrid_muscle | hybrid_strength | powerbuilding_cut | athletic_recomp | athletic_cut | athletic_bulk,0,upper_a,Upper A,4,Face pull (cable),Rear Delt and Upper Back,rear_delt,"Rear deltoids, External rotators, Upper traps",5,15–20,60 sec,cables
upper_lower_4x,Upper / Lower 4×/week,4,advanced,1 of 4,muscle,muscle | maintain | default | recomp | cut_strength | cut_endurance | powerbuilding | hybrid_muscle | hybrid_strength | powerbuilding_cut | athletic_recomp | athletic_cut | athletic_bulk,0,upper_a,Upper A,5,Overhead tricep extension,Triceps,triceps,Triceps,5,12–15,60 sec,cables
upper_lower_4x,Upper / Lower 4×/week,4,advanced,1 of 4,muscle,muscle | maintain | default | recomp | cut_strength | cut_endurance | powerbuilding | hybrid_muscle | hybrid_strength | powerbuilding_cut | athletic_recomp | athletic_cut | athletic_bulk,0,upper_a,Upper A,6,Bayesian cable curl,Biceps,biceps,"Biceps, Brachialis",4,12–15,60 sec,cables
upper_lower_4x,Upper / Lower 4×/week,4,advanced,1 of 4,muscle,muscle | maintain | default | recomp | cut_strength | cut_endurance | powerbuilding | hybrid_muscle | hybrid_strength | powerbuilding_cut | athletic_recomp | athletic_cut | athletic_bulk,1,lower_a,Lower A,0,Barbell back squat,Quads — Squat Pattern,squat_pattern,"Quads, Glutes, Hamstrings",5,10–15,90 sec,barbell
upper_lower_4x,Upper / Lower 4×/week,4,advanced,1 of 4,muscle,muscle | maintain | default | recomp | cut_strength | cut_endurance | powerbuilding | hybrid_muscle | hybrid_strength | powerbuilding_cut | athletic_recomp | athletic_cut | athletic_bulk,1,lower_a,Lower A,1,Romanian deadlift (barbell),Hamstrings and Glutes — Hip Hinge,hip_hinge,"Hamstrings, Glutes, Lower back",4,10–15,90 sec,barbell
upper_lower_4x,Upper / Lower 4×/week,4,advanced,1 of 4,muscle,muscle | maintain | default | recomp | cut_strength | cut_endurance | powerbuilding | hybrid_muscle | hybrid_strength | powerbuilding_cut | athletic_recomp | athletic_cut | athletic_bulk,1,lower_a,Lower A,2,Walking lunge (long stride),Glutes — Compound and Isolation,glute_focused,"Glutes, Glute medius, Adductors",4,10–15,60 sec,bodyweight+dumbbells
upper_lower_4x,Upper / Lower 4×/week,4,advanced,1 of 4,muscle,muscle | maintain | default | recomp | cut_strength | cut_endurance | powerbuilding | hybrid_muscle | hybrid_strength | powerbuilding_cut | athletic_recomp | athletic_cut | athletic_bulk,1,lower_a,Lower A,3,Leg extensions,Quads — Isolation,quad_isolation,Quads,5,12–20,60 sec,machines
upper_lower_4x,Upper / Lower 4×/week,4,advanced,1 of 4,muscle,muscle | maintain | default | recomp | cut_strength | cut_endurance | powerbuilding | hybrid_muscle | hybrid_strength | powerbuilding_cut | athletic_recomp | athletic_cut | athletic_bulk,1,lower_a,Lower A,4,Standing calf raise,Calves,calves,"Gastrocnemius, Soleus",4,10–15,60 sec,machines
upper_lower_4x,Upper / Lower 4×/week,4,advanced,1 of 4,muscle,muscle | maintain | default | recomp | cut_strength | cut_endurance | powerbuilding | hybrid_muscle | hybrid_strength | powerbuilding_cut | athletic_recomp | athletic_cut | athletic_bulk,1,lower_a,Lower A,5,Seated calf raise,Calves,calves,"Gastrocnemius, Soleus",3,10–15,60 sec,machines
upper_lower_4x,Upper / Lower 4×/week,4,advanced,1 of 4,muscle,muscle | maintain | default | recomp | cut_strength | cut_endurance | powerbuilding | hybrid_muscle | hybrid_strength | powerbuilding_cut | athletic_recomp | athletic_cut | athletic_bulk,1,lower_a,Lower A,6,Cable crunch,Core — Weighted Ab Training,core,"Rectus abdominis, Obliques",4,12–20,60 sec,cables
upper_lower_4x,Upper / Lower 4×/week,4,advanced,1 of 4,muscle,muscle | maintain | default | recomp | cut_strength | cut_endurance | powerbuilding | hybrid_muscle | hybrid_strength | powerbuilding_cut | athletic_recomp | athletic_cut | athletic_bulk,2,upper_b,Upper B,0,Incline barbell press,Chest — Incline Push (Upper Chest),chest_incline_push,"Upper chest, Shoulders, Triceps",5,10–15,90 sec,barbell
upper_lower_4x,Upper / Lower 4×/week,4,advanced,1 of 4,muscle,muscle | maintain | default | recomp | cut_strength | cut_endurance | powerbuilding | hybrid_muscle | hybrid_strength | powerbuilding_cut | athletic_recomp | athletic_cut | athletic_bulk,2,upper_b,Upper B,1,Cable crossover (lower chest),Chest — Decline / Lower Chest,chest_decline,"Lower chest, Mid chest, Triceps",4,12–15,60 sec,cables
upper_lower_4x,Upper / Lower 4×/week,4,advanced,1 of 4,muscle,muscle | maintain | default | recomp | cut_strength | cut_endurance | powerbuilding | hybrid_muscle | hybrid_strength | powerbuilding_cut | athletic_recomp | athletic_cut | athletic_bulk,2,upper_b,Upper B,2,Pull-up (overhand),Back — Vertical Pull (Lat Width),back_vertical_pull,"Lats, Biceps, Rear delts",5,6–10,90 sec,pullup_bar
upper_lower_4x,Upper / Lower 4×/week,4,advanced,1 of 4,muscle,muscle | maintain | default | recomp | cut_strength | cut_endurance | powerbuilding | hybrid_muscle | hybrid_strength | powerbuilding_cut | athletic_recomp | athletic_cut | athletic_bulk,2,upper_b,Upper B,3,Cable row (wide grip / flared elbows),Back — Inner Back / Rhomboids,back_inner,"Rhomboids, Mid-traps, Rear delts",5,10–15,60 sec,cables
upper_lower_4x,Upper / Lower 4×/week,4,advanced,1 of 4,muscle,muscle | maintain | default | recomp | cut_strength | cut_endurance | powerbuilding | hybrid_muscle | hybrid_strength | powerbuilding_cut | athletic_recomp | athletic_cut | athletic_bulk,2,upper_b,Upper B,4,Cable lateral raise,Shoulders — Side Delt Isolation,shoulders_side_delt,Side deltoids,6,12–20,60 sec,cables
upper_lower_4x,Upper / Lower 4×/week,4,advanced,1 of 4,muscle,muscle | maintain | default | recomp | cut_strength | cut_endurance | powerbuilding | hybrid_muscle | hybrid_strength | powerbuilding_cut | athletic_recomp | athletic_cut | athletic_bulk,2,upper_b,Upper B,5,Face pull (cable),Rear Delt and Upper Back,rear_delt,"Rear deltoids, External rotators, Upper traps",5,15–20,60 sec,cables
upper_lower_4x,Upper / Lower 4×/week,4,advanced,1 of 4,muscle,muscle | maintain | default | recomp | cut_strength | cut_endurance | powerbuilding | hybrid_muscle | hybrid_strength | powerbuilding_cut | athletic_recomp | athletic_cut | athletic_bulk,2,upper_b,Upper B,6,Cable tricep pushdown (rope or bar),Triceps,triceps,Triceps,5,12–15,60 sec,cables
upper_lower_4x,Upper / Lower 4×/week,4,advanced,1 of 4,muscle,muscle | maintain | default | recomp | cut_strength | cut_endurance | powerbuilding | hybrid_muscle | hybrid_strength | powerbuilding_cut | athletic_recomp | athletic_cut | athletic_bulk,2,upper_b,Upper B,7,Preacher curl,Biceps,biceps,"Biceps, Brachialis",4,12–15,60 sec,barbell
upper_lower_4x,Upper / Lower 4×/week,4,advanced,1 of 4,muscle,muscle | maintain | default | recomp | cut_strength | cut_endurance | powerbuilding | hybrid_muscle | hybrid_strength | powerbuilding_cut | athletic_recomp | athletic_cut | athletic_bulk,3,lower_b,Lower B,0,45° leg press,Quads — Squat Pattern,squat_pattern,"Quads, Glutes, Hamstrings",4,10–15,90 sec,machines
upper_lower_4x,Upper / Lower 4×/week,4,advanced,1 of 4,muscle,muscle | maintain | default | recomp | cut_strength | cut_endurance | powerbuilding | hybrid_muscle | hybrid_strength | powerbuilding_cut | athletic_recomp | athletic_cut | athletic_bulk,3,lower_b,Lower B,1,Conventional deadlift,Hamstrings and Glutes — Hip Hinge,hip_hinge,"Hamstrings, Glutes, Lower back",3,10–15,90 sec,barbell
upper_lower_4x,Upper / Lower 4×/week,4,advanced,1 of 4,muscle,muscle | maintain | default | recomp | cut_strength | cut_endurance | powerbuilding | hybrid_muscle | hybrid_strength | powerbuilding_cut | athletic_recomp | athletic_cut | athletic_bulk,3,lower_b,Lower B,2,Walking lunge (long stride),Glutes — Compound and Isolation,glute_focused,"Glutes, Glute medius, Adductors",4,10–15,60 sec,bodyweight+dumbbells
upper_lower_4x,Upper / Lower 4×/week,4,advanced,1 of 4,muscle,muscle | maintain | default | recomp | cut_strength | cut_endurance | powerbuilding | hybrid_muscle | hybrid_strength | powerbuilding_cut | athletic_recomp | athletic_cut | athletic_bulk,3,lower_b,Lower B,3,Cable pull-through,Glutes — Compound and Isolation,glute_focused,"Glutes, Glute medius, Adductors",4,10–15,60 sec,cables
upper_lower_4x,Upper / Lower 4×/week,4,advanced,1 of 4,muscle,muscle | maintain | default | recomp | cut_strength | cut_endurance | powerbuilding | hybrid_muscle | hybrid_strength | powerbuilding_cut | athletic_recomp | athletic_cut | athletic_bulk,3,lower_b,Lower B,4,Seated leg curl,Hamstrings — Isolation,hamstring_isolation,Hamstrings,3,12–15,60 sec,machines
upper_lower_4x,Upper / Lower 4×/week,4,advanced,1 of 4,muscle,muscle | maintain | default | recomp | cut_strength | cut_endurance | powerbuilding | hybrid_muscle | hybrid_strength | powerbuilding_cut | athletic_recomp | athletic_cut | athletic_bulk,3,lower_b,Lower B,5,Seated calf raise,Calves,calves,"Gastrocnemius, Soleus",3,10–15,60 sec,machines
upper_lower_4x,Upper / Lower 4×/week,4,advanced,1 of 4,muscle,muscle | maintain | default | recomp | cut_strength | cut_endurance | powerbuilding | hybrid_muscle | hybrid_strength | powerbuilding_cut | athletic_recomp | athletic_cut | athletic_bulk,3,lower_b,Lower B,6,Cable crunch,Core — Weighted Ab Training,core,"Rectus abdominis, Obliques",4,12–20,60 sec,cables
upper_lower_4x,Upper / Lower 4×/week,4,advanced,2 of 4,strength,strength,0,upper_a,Upper A,0,Barbell bench press,Chest — Horizontal Push,chest_horizontal_push,"Chest, Shoulders, Triceps",5,3–6,3–5 min,barbell
upper_lower_4x,Upper / Lower 4×/week,4,advanced,2 of 4,strength,strength,0,upper_a,Upper A,1,Barbell row,Back — Horizontal Pull (Back Thickness + Inner Back),back_horizontal_pull,"Lats, Rhomboids, Mid-traps, Rear delts, Biceps",6,3–6,3–5 min,barbell
upper_lower_4x,Upper / Lower 4×/week,4,advanced,2 of 4,strength,strength,0,upper_a,Upper A,2,Barbell overhead press,Shoulders — Vertical Push,shoulders_vertical_push,"Shoulders, Triceps, Upper chest",3,3–6,3–5 min,barbell
upper_lower_4x,Upper / Lower 4×/week,4,advanced,2 of 4,strength,strength,0,upper_a,Upper A,3,Cable lateral raise,Shoulders — Side Delt Isolation,shoulders_side_delt,Side deltoids,6,12–20,2 min,cables
upper_lower_4x,Upper / Lower 4×/week,4,advanced,2 of 4,strength,strength,0,upper_a,Upper A,4,Face pull (cable),Rear Delt and Upper Back,rear_delt,"Rear deltoids, External rotators, Upper traps",5,15–20,2 min,cables
upper_lower_4x,Upper / Lower 4×/week,4,advanced,2 of 4,strength,strength,0,upper_a,Upper A,5,Overhead tricep extension,Triceps,triceps,Triceps,5,8–12,2 min,cables
upper_lower_4x,Upper / Lower 4×/week,4,advanced,2 of 4,strength,strength,0,upper_a,Upper A,6,Bayesian cable curl,Biceps,biceps,"Biceps, Brachialis",4,8–12,2 min,cables
upper_lower_4x,Upper / Lower 4×/week,4,advanced,2 of 4,strength,strength,1,lower_a,Lower A,0,Barbell back squat,Quads — Squat Pattern,squat_pattern,"Quads, Glutes, Hamstrings",6,3–6,3–5 min,barbell
upper_lower_4x,Upper / Lower 4×/week,4,advanced,2 of 4,strength,strength,1,lower_a,Lower A,1,Romanian deadlift (barbell),Hamstrings and Glutes — Hip Hinge,hip_hinge,"Hamstrings, Glutes, Lower back",4,3–6,3–5 min,barbell
upper_lower_4x,Upper / Lower 4×/week,4,advanced,2 of 4,strength,strength,1,lower_a,Lower A,2,Walking lunge (long stride),Glutes — Compound and Isolation,glute_focused,"Glutes, Glute medius, Adductors",4,10–15,2 min,bodyweight+dumbbells
upper_lower_4x,Upper / Lower 4×/week,4,advanced,2 of 4,strength,strength,1,lower_a,Lower A,3,Leg extensions,Quads — Isolation,quad_isolation,Quads,4,12–20,2 min,machines
upper_lower_4x,Upper / Lower 4×/week,4,advanced,2 of 4,strength,strength,1,lower_a,Lower A,4,Standing calf raise,Calves,calves,"Gastrocnemius, Soleus",4,10–15,2 min,machines
upper_lower_4x,Upper / Lower 4×/week,4,advanced,2 of 4,strength,strength,1,lower_a,Lower A,5,Seated calf raise,Calves,calves,"Gastrocnemius, Soleus",3,10–15,2 min,machines
upper_lower_4x,Upper / Lower 4×/week,4,advanced,2 of 4,strength,strength,1,lower_a,Lower A,6,Cable crunch,Core — Weighted Ab Training,core,"Rectus abdominis, Obliques",4,12–20,2 min,cables
upper_lower_4x,Upper / Lower 4×/week,4,advanced,2 of 4,strength,strength,2,upper_b,Upper B,0,Incline barbell press,Chest — Incline Push (Upper Chest),chest_incline_push,"Upper chest, Shoulders, Triceps",5,3–6,3–5 min,barbell
upper_lower_4x,Upper / Lower 4×/week,4,advanced,2 of 4,strength,strength,2,upper_b,Upper B,1,Cable crossover (lower chest),Chest — Decline / Lower Chest,chest_decline,"Lower chest, Mid chest, Triceps",4,8–12,2 min,cables
upper_lower_4x,Upper / Lower 4×/week,4,advanced,2 of 4,strength,strength,2,upper_b,Upper B,2,Pull-up (overhand),Back — Vertical Pull (Lat Width),back_vertical_pull,"Lats, Biceps, Rear delts",6,6–10,3–5 min,pullup_bar
upper_lower_4x,Upper / Lower 4×/week,4,advanced,2 of 4,strength,strength,2,upper_b,Upper B,3,Cable row (wide grip / flared elbows),Back — Inner Back / Rhomboids,back_inner,"Rhomboids, Mid-traps, Rear delts",4,10–15,2 min,cables
upper_lower_4x,Upper / Lower 4×/week,4,advanced,2 of 4,strength,strength,2,upper_b,Upper B,4,Cable lateral raise,Shoulders — Side Delt Isolation,shoulders_side_delt,Side deltoids,6,12–20,2 min,cables
upper_lower_4x,Upper / Lower 4×/week,4,advanced,2 of 4,strength,strength,2,upper_b,Upper B,5,Face pull (cable),Rear Delt and Upper Back,rear_delt,"Rear deltoids, External rotators, Upper traps",5,15–20,2 min,cables
upper_lower_4x,Upper / Lower 4×/week,4,advanced,2 of 4,strength,strength,2,upper_b,Upper B,6,Cable tricep pushdown (rope or bar),Triceps,triceps,Triceps,5,8–12,2 min,cables
upper_lower_4x,Upper / Lower 4×/week,4,advanced,2 of 4,strength,strength,2,upper_b,Upper B,7,Preacher curl,Biceps,biceps,"Biceps, Brachialis",4,8–12,2 min,barbell
upper_lower_4x,Upper / Lower 4×/week,4,advanced,2 of 4,strength,strength,3,lower_b,Lower B,0,45° leg press,Quads — Squat Pattern,squat_pattern,"Quads, Glutes, Hamstrings",4,3–6,3–5 min,machines
upper_lower_4x,Upper / Lower 4×/week,4,advanced,2 of 4,strength,strength,3,lower_b,Lower B,1,Conventional deadlift,Hamstrings and Glutes — Hip Hinge,hip_hinge,"Hamstrings, Glutes, Lower back",4,3–6,3–5 min,barbell
upper_lower_4x,Upper / Lower 4×/week,4,advanced,2 of 4,strength,strength,3,lower_b,Lower B,2,Walking lunge (long stride),Glutes — Compound and Isolation,glute_focused,"Glutes, Glute medius, Adductors",4,10–15,2 min,bodyweight+dumbbells
upper_lower_4x,Upper / Lower 4×/week,4,advanced,2 of 4,strength,strength,3,lower_b,Lower B,3,Cable pull-through,Glutes — Compound and Isolation,glute_focused,"Glutes, Glute medius, Adductors",4,10–15,2 min,cables
upper_lower_4x,Upper / Lower 4×/week,4,advanced,2 of 4,strength,strength,3,lower_b,Lower B,4,Seated leg curl,Hamstrings — Isolation,hamstring_isolation,Hamstrings,2,8–12,2 min,machines
upper_lower_4x,Upper / Lower 4×/week,4,advanced,2 of 4,strength,strength,3,lower_b,Lower B,5,Seated calf raise,Calves,calves,"Gastrocnemius, Soleus",3,10–15,2 min,machines
upper_lower_4x,Upper / Lower 4×/week,4,advanced,2 of 4,strength,strength,3,lower_b,Lower B,6,Cable crunch,Core — Weighted Ab Training,core,"Rectus abdominis, Obliques",4,12–20,2 min,cables
upper_lower_4x,Upper / Lower 4×/week,4,advanced,3 of 4,lose,lose,0,upper_a,Upper A,0,Barbell bench press,Chest — Horizontal Push,chest_horizontal_push,"Chest, Shoulders, Triceps",5,6–10,2–3 min,barbell
upper_lower_4x,Upper / Lower 4×/week,4,advanced,3 of 4,lose,lose,0,upper_a,Upper A,1,Barbell row,Back — Horizontal Pull (Back Thickness + Inner Back),back_horizontal_pull,"Lats, Rhomboids, Mid-traps, Rear delts, Biceps",6,6–10,2–3 min,barbell
upper_lower_4x,Upper / Lower 4×/week,4,advanced,3 of 4,lose,lose,0,upper_a,Upper A,2,Barbell overhead press,Shoulders — Vertical Push,shoulders_vertical_push,"Shoulders, Triceps, Upper chest",3,6–10,2–3 min,barbell
upper_lower_4x,Upper / Lower 4×/week,4,advanced,3 of 4,lose,lose,0,upper_a,Upper A,3,Cable lateral raise,Shoulders — Side Delt Isolation,shoulders_side_delt,Side deltoids,6,12–20,90 sec,cables
upper_lower_4x,Upper / Lower 4×/week,4,advanced,3 of 4,lose,lose,0,upper_a,Upper A,4,Face pull (cable),Rear Delt and Upper Back,rear_delt,"Rear deltoids, External rotators, Upper traps",5,15–20,90 sec,cables
upper_lower_4x,Upper / Lower 4×/week,4,advanced,3 of 4,lose,lose,0,upper_a,Upper A,5,Overhead tricep extension,Triceps,triceps,Triceps,5,12–15,90 sec,cables
upper_lower_4x,Upper / Lower 4×/week,4,advanced,3 of 4,lose,lose,0,upper_a,Upper A,6,Bayesian cable curl,Biceps,biceps,"Biceps, Brachialis",4,12–15,90 sec,cables
upper_lower_4x,Upper / Lower 4×/week,4,advanced,3 of 4,lose,lose,1,lower_a,Lower A,0,Barbell back squat,Quads — Squat Pattern,squat_pattern,"Quads, Glutes, Hamstrings",5,6–10,2–3 min,barbell
upper_lower_4x,Upper / Lower 4×/week,4,advanced,3 of 4,lose,lose,1,lower_a,Lower A,1,Romanian deadlift (barbell),Hamstrings and Glutes — Hip Hinge,hip_hinge,"Hamstrings, Glutes, Lower back",4,6–10,2–3 min,barbell
upper_lower_4x,Upper / Lower 4×/week,4,advanced,3 of 4,lose,lose,1,lower_a,Lower A,2,Walking lunge (long stride),Glutes — Compound and Isolation,glute_focused,"Glutes, Glute medius, Adductors",4,10–15,90 sec,bodyweight+dumbbells
upper_lower_4x,Upper / Lower 4×/week,4,advanced,3 of 4,lose,lose,1,lower_a,Lower A,3,Leg extensions,Quads — Isolation,quad_isolation,Quads,5,12–20,90 sec,machines
upper_lower_4x,Upper / Lower 4×/week,4,advanced,3 of 4,lose,lose,1,lower_a,Lower A,4,Standing calf raise,Calves,calves,"Gastrocnemius, Soleus",4,10–15,90 sec,machines
upper_lower_4x,Upper / Lower 4×/week,4,advanced,3 of 4,lose,lose,1,lower_a,Lower A,5,Seated calf raise,Calves,calves,"Gastrocnemius, Soleus",3,10–15,90 sec,machines
upper_lower_4x,Upper / Lower 4×/week,4,advanced,3 of 4,lose,lose,1,lower_a,Lower A,6,Cable crunch,Core — Weighted Ab Training,core,"Rectus abdominis, Obliques",4,12–20,90 sec,cables
upper_lower_4x,Upper / Lower 4×/week,4,advanced,3 of 4,lose,lose,2,upper_b,Upper B,0,Incline barbell press,Chest — Incline Push (Upper Chest),chest_incline_push,"Upper chest, Shoulders, Triceps",5,6–10,2–3 min,barbell
upper_lower_4x,Upper / Lower 4×/week,4,advanced,3 of 4,lose,lose,2,upper_b,Upper B,1,Cable crossover (lower chest),Chest — Decline / Lower Chest,chest_decline,"Lower chest, Mid chest, Triceps",4,12–15,90 sec,cables
upper_lower_4x,Upper / Lower 4×/week,4,advanced,3 of 4,lose,lose,2,upper_b,Upper B,2,Pull-up (overhand),Back — Vertical Pull (Lat Width),back_vertical_pull,"Lats, Biceps, Rear delts",5,6–10,2–3 min,pullup_bar
upper_lower_4x,Upper / Lower 4×/week,4,advanced,3 of 4,lose,lose,2,upper_b,Upper B,3,Cable row (wide grip / flared elbows),Back — Inner Back / Rhomboids,back_inner,"Rhomboids, Mid-traps, Rear delts",5,10–15,90 sec,cables
upper_lower_4x,Upper / Lower 4×/week,4,advanced,3 of 4,lose,lose,2,upper_b,Upper B,4,Cable lateral raise,Shoulders — Side Delt Isolation,shoulders_side_delt,Side deltoids,6,12–20,90 sec,cables
upper_lower_4x,Upper / Lower 4×/week,4,advanced,3 of 4,lose,lose,2,upper_b,Upper B,5,Face pull (cable),Rear Delt and Upper Back,rear_delt,"Rear deltoids, External rotators, Upper traps",5,15–20,90 sec,cables
upper_lower_4x,Upper / Lower 4×/week,4,advanced,3 of 4,lose,lose,2,upper_b,Upper B,6,Cable tricep pushdown (rope or bar),Triceps,triceps,Triceps,5,12–15,90 sec,cables
upper_lower_4x,Upper / Lower 4×/week,4,advanced,3 of 4,lose,lose,2,upper_b,Upper B,7,Preacher curl,Biceps,biceps,"Biceps, Brachialis",4,12–15,90 sec,barbell
upper_lower_4x,Upper / Lower 4×/week,4,advanced,3 of 4,lose,lose,3,lower_b,Lower B,0,45° leg press,Quads — Squat Pattern,squat_pattern,"Quads, Glutes, Hamstrings",4,6–10,2–3 min,machines
upper_lower_4x,Upper / Lower 4×/week,4,advanced,3 of 4,lose,lose,3,lower_b,Lower B,1,Conventional deadlift,Hamstrings and Glutes — Hip Hinge,hip_hinge,"Hamstrings, Glutes, Lower back",3,6–10,2–3 min,barbell
upper_lower_4x,Upper / Lower 4×/week,4,advanced,3 of 4,lose,lose,3,lower_b,Lower B,2,Walking lunge (long stride),Glutes — Compound and Isolation,glute_focused,"Glutes, Glute medius, Adductors",4,10–15,90 sec,bodyweight+dumbbells
upper_lower_4x,Upper / Lower 4×/week,4,advanced,3 of 4,lose,lose,3,lower_b,Lower B,3,Cable pull-through,Glutes — Compound and Isolation,glute_focused,"Glutes, Glute medius, Adductors",4,10–15,90 sec,cables
upper_lower_4x,Upper / Lower 4×/week,4,advanced,3 of 4,lose,lose,3,lower_b,Lower B,4,Seated leg curl,Hamstrings — Isolation,hamstring_isolation,Hamstrings,3,12–15,90 sec,machines
upper_lower_4x,Upper / Lower 4×/week,4,advanced,3 of 4,lose,lose,3,lower_b,Lower B,5,Seated calf raise,Calves,calves,"Gastrocnemius, Soleus",3,10–15,90 sec,machines
upper_lower_4x,Upper / Lower 4×/week,4,advanced,3 of 4,lose,lose,3,lower_b,Lower B,6,Cable crunch,Core — Weighted Ab Training,core,"Rectus abdominis, Obliques",4,12–20,90 sec,cables
upper_lower_4x,Upper / Lower 4×/week,4,advanced,4 of 4,endurance,endurance,0,upper_a,Upper A,0,Barbell bench press,Chest — Horizontal Push,chest_horizontal_push,"Chest, Shoulders, Triceps",5,12–20,60 sec,barbell
upper_lower_4x,Upper / Lower 4×/week,4,advanced,4 of 4,endurance,endurance,0,upper_a,Upper A,1,Barbell row,Back — Horizontal Pull (Back Thickness + Inner Back),back_horizontal_pull,"Lats, Rhomboids, Mid-traps, Rear delts, Biceps",6,12–20,60 sec,barbell
upper_lower_4x,Upper / Lower 4×/week,4,advanced,4 of 4,endurance,endurance,0,upper_a,Upper A,2,Barbell overhead press,Shoulders — Vertical Push,shoulders_vertical_push,"Shoulders, Triceps, Upper chest",3,12–20,60 sec,barbell
upper_lower_4x,Upper / Lower 4×/week,4,advanced,4 of 4,endurance,endurance,0,upper_a,Upper A,3,Cable lateral raise,Shoulders — Side Delt Isolation,shoulders_side_delt,Side deltoids,6,12–20,30–45 sec,cables
upper_lower_4x,Upper / Lower 4×/week,4,advanced,4 of 4,endurance,endurance,0,upper_a,Upper A,4,Face pull (cable),Rear Delt and Upper Back,rear_delt,"Rear deltoids, External rotators, Upper traps",5,15–20,30–45 sec,cables
upper_lower_4x,Upper / Lower 4×/week,4,advanced,4 of 4,endurance,endurance,0,upper_a,Upper A,5,Overhead tricep extension,Triceps,triceps,Triceps,5,15–25,30–45 sec,cables
upper_lower_4x,Upper / Lower 4×/week,4,advanced,4 of 4,endurance,endurance,0,upper_a,Upper A,6,Bayesian cable curl,Biceps,biceps,"Biceps, Brachialis",4,15–25,30–45 sec,cables
upper_lower_4x,Upper / Lower 4×/week,4,advanced,4 of 4,endurance,endurance,1,lower_a,Lower A,0,Barbell back squat,Quads — Squat Pattern,squat_pattern,"Quads, Glutes, Hamstrings",5,12–20,60 sec,barbell
upper_lower_4x,Upper / Lower 4×/week,4,advanced,4 of 4,endurance,endurance,1,lower_a,Lower A,1,Romanian deadlift (barbell),Hamstrings and Glutes — Hip Hinge,hip_hinge,"Hamstrings, Glutes, Lower back",4,12–20,60 sec,barbell
upper_lower_4x,Upper / Lower 4×/week,4,advanced,4 of 4,endurance,endurance,1,lower_a,Lower A,2,Walking lunge (long stride),Glutes — Compound and Isolation,glute_focused,"Glutes, Glute medius, Adductors",4,10–15,30–45 sec,bodyweight+dumbbells
upper_lower_4x,Upper / Lower 4×/week,4,advanced,4 of 4,endurance,endurance,1,lower_a,Lower A,3,Leg extensions,Quads — Isolation,quad_isolation,Quads,5,12–20,30–45 sec,machines
upper_lower_4x,Upper / Lower 4×/week,4,advanced,4 of 4,endurance,endurance,1,lower_a,Lower A,4,Standing calf raise,Calves,calves,"Gastrocnemius, Soleus",4,10–15,30–45 sec,machines
upper_lower_4x,Upper / Lower 4×/week,4,advanced,4 of 4,endurance,endurance,1,lower_a,Lower A,5,Seated calf raise,Calves,calves,"Gastrocnemius, Soleus",3,10–15,30–45 sec,machines
upper_lower_4x,Upper / Lower 4×/week,4,advanced,4 of 4,endurance,endurance,1,lower_a,Lower A,6,Cable crunch,Core — Weighted Ab Training,core,"Rectus abdominis, Obliques",4,12–20,30–45 sec,cables
upper_lower_4x,Upper / Lower 4×/week,4,advanced,4 of 4,endurance,endurance,2,upper_b,Upper B,0,Incline barbell press,Chest — Incline Push (Upper Chest),chest_incline_push,"Upper chest, Shoulders, Triceps",5,12–20,60 sec,barbell
upper_lower_4x,Upper / Lower 4×/week,4,advanced,4 of 4,endurance,endurance,2,upper_b,Upper B,1,Cable crossover (lower chest),Chest — Decline / Lower Chest,chest_decline,"Lower chest, Mid chest, Triceps",4,15–25,30–45 sec,cables
upper_lower_4x,Upper / Lower 4×/week,4,advanced,4 of 4,endurance,endurance,2,upper_b,Upper B,2,Pull-up (overhand),Back — Vertical Pull (Lat Width),back_vertical_pull,"Lats, Biceps, Rear delts",5,6–10,60 sec,pullup_bar
upper_lower_4x,Upper / Lower 4×/week,4,advanced,4 of 4,endurance,endurance,2,upper_b,Upper B,3,Cable row (wide grip / flared elbows),Back — Inner Back / Rhomboids,back_inner,"Rhomboids, Mid-traps, Rear delts",5,10–15,30–45 sec,cables
upper_lower_4x,Upper / Lower 4×/week,4,advanced,4 of 4,endurance,endurance,2,upper_b,Upper B,4,Cable lateral raise,Shoulders — Side Delt Isolation,shoulders_side_delt,Side deltoids,6,12–20,30–45 sec,cables
upper_lower_4x,Upper / Lower 4×/week,4,advanced,4 of 4,endurance,endurance,2,upper_b,Upper B,5,Face pull (cable),Rear Delt and Upper Back,rear_delt,"Rear deltoids, External rotators, Upper traps",5,15–20,30–45 sec,cables
upper_lower_4x,Upper / Lower 4×/week,4,advanced,4 of 4,endurance,endurance,2,upper_b,Upper B,6,Cable tricep pushdown (rope or bar),Triceps,triceps,Triceps,5,15–25,30–45 sec,cables
upper_lower_4x,Upper / Lower 4×/week,4,advanced,4 of 4,endurance,endurance,2,upper_b,Upper B,7,Preacher curl,Biceps,biceps,"Biceps, Brachialis",4,15–25,30–45 sec,barbell
upper_lower_4x,Upper / Lower 4×/week,4,advanced,4 of 4,endurance,endurance,3,lower_b,Lower B,0,45° leg press,Quads — Squat Pattern,squat_pattern,"Quads, Glutes, Hamstrings",4,12–20,60 sec,machines
upper_lower_4x,Upper / Lower 4×/week,4,advanced,4 of 4,endurance,endurance,3,lower_b,Lower B,1,Conventional deadlift,Hamstrings and Glutes — Hip Hinge,hip_hinge,"Hamstrings, Glutes, Lower back",3,12–20,60 sec,barbell
upper_lower_4x,Upper / Lower 4×/week,4,advanced,4 of 4,endurance,endurance,3,lower_b,Lower B,2,Walking lunge (long stride),Glutes — Compound and Isolation,glute_focused,"Glutes, Glute medius, Adductors",4,10–15,30–45 sec,bodyweight+dumbbells
upper_lower_4x,Upper / Lower 4×/week,4,advanced,4 of 4,endurance,endurance,3,lower_b,Lower B,3,Cable pull-through,Glutes — Compound and Isolation,glute_focused,"Glutes, Glute medius, Adductors",4,10–15,30–45 sec,cables
upper_lower_4x,Upper / Lower 4×/week,4,advanced,4 of 4,endurance,endurance,3,lower_b,Lower B,4,Seated leg curl,Hamstrings — Isolation,hamstring_isolation,Hamstrings,3,15–25,30–45 sec,machines
upper_lower_4x,Upper / Lower 4×/week,4,advanced,4 of 4,endurance,endurance,3,lower_b,Lower B,5,Seated calf raise,Calves,calves,"Gastrocnemius, Soleus",3,10–15,30–45 sec,machines
upper_lower_4x,Upper / Lower 4×/week,4,advanced,4 of 4,endurance,endurance,3,lower_b,Lower B,6,Cable crunch,Core — Weighted Ab Training,core,"Rectus abdominis, Obliques",4,12–20,30–45 sec,cables
chest_back_shoulders_legs_4x,Chest+Tri / Back+Bi / Shoulders / Legs,4,beginner,1 of 4,muscle,muscle | maintain | default | recomp | cut_strength | cut_endurance | powerbuilding | hybrid_muscle | hybrid_strength | powerbuilding_cut | athletic_recomp | athletic_cut | athletic_bulk,0,chest_triceps,Chest + Triceps,0,Barbell bench press,Chest — Horizontal Push,chest_horizontal_push,"Chest, Shoulders, Triceps",2,10–15,90 sec,barbell
chest_back_shoulders_legs_4x,Chest+Tri / Back+Bi / Shoulders / Legs,4,beginner,1 of 4,muscle,muscle | maintain | default | recomp | cut_strength | cut_endurance | powerbuilding | hybrid_muscle | hybrid_strength | powerbuilding_cut | athletic_recomp | athletic_cut | athletic_bulk,0,chest_triceps,Chest + Triceps,1,Incline barbell press,Chest — Incline Push (Upper Chest),chest_incline_push,"Upper chest, Shoulders, Triceps",2,10–15,90 sec,barbell
chest_back_shoulders_legs_4x,Chest+Tri / Back+Bi / Shoulders / Legs,4,beginner,1 of 4,muscle,muscle | maintain | default | recomp | cut_strength | cut_endurance | powerbuilding | hybrid_muscle | hybrid_strength | powerbuilding_cut | athletic_recomp | athletic_cut | athletic_bulk,0,chest_triceps,Chest + Triceps,2,Cable crossover (lower chest),Chest — Decline / Lower Chest,chest_decline,"Lower chest, Mid chest, Triceps",2,12–15,60 sec,cables
chest_back_shoulders_legs_4x,Chest+Tri / Back+Bi / Shoulders / Legs,4,beginner,1 of 4,muscle,muscle | maintain | default | recomp | cut_strength | cut_endurance | powerbuilding | hybrid_muscle | hybrid_strength | powerbuilding_cut | athletic_recomp | athletic_cut | athletic_bulk,0,chest_triceps,Chest + Triceps,3,Cable fly (seated or standing),Chest — Isolation (Fly / Stretch),chest_isolation,Chest,2,12–15,60 sec,cables
chest_back_shoulders_legs_4x,Chest+Tri / Back+Bi / Shoulders / Legs,4,beginner,1 of 4,muscle,muscle | maintain | default | recomp | cut_strength | cut_endurance | powerbuilding | hybrid_muscle | hybrid_strength | powerbuilding_cut | athletic_recomp | athletic_cut | athletic_bulk,0,chest_triceps,Chest + Triceps,4,Overhead tricep extension,Triceps,triceps,Triceps,2,12–15,60 sec,cables
chest_back_shoulders_legs_4x,Chest+Tri / Back+Bi / Shoulders / Legs,4,beginner,1 of 4,muscle,muscle | maintain | default | recomp | cut_strength | cut_endurance | powerbuilding | hybrid_muscle | hybrid_strength | powerbuilding_cut | athletic_recomp | athletic_cut | athletic_bulk,0,chest_triceps,Chest + Triceps,5,Cable tricep pushdown (rope or bar),Triceps,triceps,Triceps,2,12–15,60 sec,cables
chest_back_shoulders_legs_4x,Chest+Tri / Back+Bi / Shoulders / Legs,4,beginner,1 of 4,muscle,muscle | maintain | default | recomp | cut_strength | cut_endurance | powerbuilding | hybrid_muscle | hybrid_strength | powerbuilding_cut | athletic_recomp | athletic_cut | athletic_bulk,0,chest_triceps,Chest + Triceps,6,Cable crunch,Core — Weighted Ab Training,core,"Rectus abdominis, Obliques",2,12–20,60 sec,cables
chest_back_shoulders_legs_4x,Chest+Tri / Back+Bi / Shoulders / Legs,4,beginner,1 of 4,muscle,muscle | maintain | default | recomp | cut_strength | cut_endurance | powerbuilding | hybrid_muscle | hybrid_strength | powerbuilding_cut | athletic_recomp | athletic_cut | athletic_bulk,1,back_biceps,Back + Biceps,0,Pull-up (overhand),Back — Vertical Pull (Lat Width),back_vertical_pull,"Lats, Biceps, Rear delts",2,6–10,90 sec,pullup_bar
chest_back_shoulders_legs_4x,Chest+Tri / Back+Bi / Shoulders / Legs,4,beginner,1 of 4,muscle,muscle | maintain | default | recomp | cut_strength | cut_endurance | powerbuilding | hybrid_muscle | hybrid_strength | powerbuilding_cut | athletic_recomp | athletic_cut | athletic_bulk,1,back_biceps,Back + Biceps,1,Barbell row,Back — Horizontal Pull (Back Thickness + Inner Back),back_horizontal_pull,"Lats, Rhomboids, Mid-traps, Rear delts, Biceps",2,10–15,90 sec,barbell
chest_back_shoulders_legs_4x,Chest+Tri / Back+Bi / Shoulders / Legs,4,beginner,1 of 4,muscle,muscle | maintain | default | recomp | cut_strength | cut_endurance | powerbuilding | hybrid_muscle | hybrid_strength | powerbuilding_cut | athletic_recomp | athletic_cut | athletic_bulk,1,back_biceps,Back + Biceps,2,Cable row (wide grip / flared elbows),Back — Inner Back / Rhomboids,back_inner,"Rhomboids, Mid-traps, Rear delts",2,10–15,60 sec,cables
chest_back_shoulders_legs_4x,Chest+Tri / Back+Bi / Shoulders / Legs,4,beginner,1 of 4,muscle,muscle | maintain | default | recomp | cut_strength | cut_endurance | powerbuilding | hybrid_muscle | hybrid_strength | powerbuilding_cut | athletic_recomp | athletic_cut | athletic_bulk,1,back_biceps,Back + Biceps,3,Cable lat pullover (rope or bar),Back — Isolation / Lat Stretch,back_isolation,Lats,2,12–15,60 sec,cables
chest_back_shoulders_legs_4x,Chest+Tri / Back+Bi / Shoulders / Legs,4,beginner,1 of 4,muscle,muscle | maintain | default | recomp | cut_strength | cut_endurance | powerbuilding | hybrid_muscle | hybrid_strength | powerbuilding_cut | athletic_recomp | athletic_cut | athletic_bulk,1,back_biceps,Back + Biceps,4,Bayesian cable curl,Biceps,biceps,"Biceps, Brachialis",2,12–15,60 sec,cables
chest_back_shoulders_legs_4x,Chest+Tri / Back+Bi / Shoulders / Legs,4,beginner,1 of 4,muscle,muscle | maintain | default | recomp | cut_strength | cut_endurance | powerbuilding | hybrid_muscle | hybrid_strength | powerbuilding_cut | athletic_recomp | athletic_cut | athletic_bulk,1,back_biceps,Back + Biceps,5,Preacher curl,Biceps,biceps,"Biceps, Brachialis",2,12–15,60 sec,barbell
chest_back_shoulders_legs_4x,Chest+Tri / Back+Bi / Shoulders / Legs,4,beginner,1 of 4,muscle,muscle | maintain | default | recomp | cut_strength | cut_endurance | powerbuilding | hybrid_muscle | hybrid_strength | powerbuilding_cut | athletic_recomp | athletic_cut | athletic_bulk,1,back_biceps,Back + Biceps,6,Cable crunch,Core — Weighted Ab Training,core,"Rectus abdominis, Obliques",2,12–20,60 sec,cables
chest_back_shoulders_legs_4x,Chest+Tri / Back+Bi / Shoulders / Legs,4,beginner,1 of 4,muscle,muscle | maintain | default | recomp | cut_strength | cut_endurance | powerbuilding | hybrid_muscle | hybrid_strength | powerbuilding_cut | athletic_recomp | athletic_cut | athletic_bulk,2,shoulders,Shoulders,0,Barbell overhead press,Shoulders — Vertical Push,shoulders_vertical_push,"Shoulders, Triceps, Upper chest",3,10–15,90 sec,barbell
chest_back_shoulders_legs_4x,Chest+Tri / Back+Bi / Shoulders / Legs,4,beginner,1 of 4,muscle,muscle | maintain | default | recomp | cut_strength | cut_endurance | powerbuilding | hybrid_muscle | hybrid_strength | powerbuilding_cut | athletic_recomp | athletic_cut | athletic_bulk,2,shoulders,Shoulders,1,Cable lateral raise,Shoulders — Side Delt Isolation,shoulders_side_delt,Side deltoids,3,12–20,60 sec,cables
chest_back_shoulders_legs_4x,Chest+Tri / Back+Bi / Shoulders / Legs,4,beginner,1 of 4,muscle,muscle | maintain | default | recomp | cut_strength | cut_endurance | powerbuilding | hybrid_muscle | hybrid_strength | powerbuilding_cut | athletic_recomp | athletic_cut | athletic_bulk,2,shoulders,Shoulders,2,Dumbbell lateral raise,Shoulders — Side Delt Isolation,shoulders_side_delt,Side deltoids,2,12–20,1–2 min,dumbbells
chest_back_shoulders_legs_4x,Chest+Tri / Back+Bi / Shoulders / Legs,4,beginner,1 of 4,muscle,muscle | maintain | default | recomp | cut_strength | cut_endurance | powerbuilding | hybrid_muscle | hybrid_strength | powerbuilding_cut | athletic_recomp | athletic_cut | athletic_bulk,2,shoulders,Shoulders,3,Face pull (cable),Rear Delt and Upper Back,rear_delt,"Rear deltoids, External rotators, Upper traps",2,15–20,60 sec,cables
chest_back_shoulders_legs_4x,Chest+Tri / Back+Bi / Shoulders / Legs,4,beginner,1 of 4,muscle,muscle | maintain | default | recomp | cut_strength | cut_endurance | powerbuilding | hybrid_muscle | hybrid_strength | powerbuilding_cut | athletic_recomp | athletic_cut | athletic_bulk,2,shoulders,Shoulders,4,Reverse pec deck,Rear Delt and Upper Back,rear_delt,"Rear deltoids, External rotators, Upper traps",2,15–20,1–2 min,machines
chest_back_shoulders_legs_4x,Chest+Tri / Back+Bi / Shoulders / Legs,4,beginner,1 of 4,muscle,muscle | maintain | default | recomp | cut_strength | cut_endurance | powerbuilding | hybrid_muscle | hybrid_strength | powerbuilding_cut | athletic_recomp | athletic_cut | athletic_bulk,2,shoulders,Shoulders,5,Standing calf raise,Calves,calves,"Gastrocnemius, Soleus",2,10–15,60 sec,machines
chest_back_shoulders_legs_4x,Chest+Tri / Back+Bi / Shoulders / Legs,4,beginner,1 of 4,muscle,muscle | maintain | default | recomp | cut_strength | cut_endurance | powerbuilding | hybrid_muscle | hybrid_strength | powerbuilding_cut | athletic_recomp | athletic_cut | athletic_bulk,2,shoulders,Shoulders,6,Seated calf raise,Calves,calves,"Gastrocnemius, Soleus",2,10–15,60 sec,machines
chest_back_shoulders_legs_4x,Chest+Tri / Back+Bi / Shoulders / Legs,4,beginner,1 of 4,muscle,muscle | maintain | default | recomp | cut_strength | cut_endurance | powerbuilding | hybrid_muscle | hybrid_strength | powerbuilding_cut | athletic_recomp | athletic_cut | athletic_bulk,3,legs,Legs,0,Barbell back squat,Quads — Squat Pattern,squat_pattern,"Quads, Glutes, Hamstrings",2,10–15,90 sec,barbell
chest_back_shoulders_legs_4x,Chest+Tri / Back+Bi / Shoulders / Legs,4,beginner,1 of 4,muscle,muscle | maintain | default | recomp | cut_strength | cut_endurance | powerbuilding | hybrid_muscle | hybrid_strength | powerbuilding_cut | athletic_recomp | athletic_cut | athletic_bulk,3,legs,Legs,1,Romanian deadlift (barbell),Hamstrings and Glutes — Hip Hinge,hip_hinge,"Hamstrings, Glutes, Lower back",3,10–15,90 sec,barbell
chest_back_shoulders_legs_4x,Chest+Tri / Back+Bi / Shoulders / Legs,4,beginner,1 of 4,muscle,muscle | maintain | default | recomp | cut_strength | cut_endurance | powerbuilding | hybrid_muscle | hybrid_strength | powerbuilding_cut | athletic_recomp | athletic_cut | athletic_bulk,3,legs,Legs,2,45° leg press,Quads — Squat Pattern,squat_pattern,"Quads, Glutes, Hamstrings",2,10–15,90 sec,machines
chest_back_shoulders_legs_4x,Chest+Tri / Back+Bi / Shoulders / Legs,4,beginner,1 of 4,muscle,muscle | maintain | default | recomp | cut_strength | cut_endurance | powerbuilding | hybrid_muscle | hybrid_strength | powerbuilding_cut | athletic_recomp | athletic_cut | athletic_bulk,3,legs,Legs,3,Walking lunge (long stride),Glutes — Compound and Isolation,glute_focused,"Glutes, Glute medius, Adductors",3,10–15,60 sec,bodyweight+dumbbells
chest_back_shoulders_legs_4x,Chest+Tri / Back+Bi / Shoulders / Legs,4,beginner,1 of 4,muscle,muscle | maintain | default | recomp | cut_strength | cut_endurance | powerbuilding | hybrid_muscle | hybrid_strength | powerbuilding_cut | athletic_recomp | athletic_cut | athletic_bulk,3,legs,Legs,4,Cable pull-through,Glutes — Compound and Isolation,glute_focused,"Glutes, Glute medius, Adductors",3,10–15,60 sec,cables
chest_back_shoulders_legs_4x,Chest+Tri / Back+Bi / Shoulders / Legs,4,beginner,1 of 4,muscle,muscle | maintain | default | recomp | cut_strength | cut_endurance | powerbuilding | hybrid_muscle | hybrid_strength | powerbuilding_cut | athletic_recomp | athletic_cut | athletic_bulk,3,legs,Legs,5,Leg extensions,Quads — Isolation,quad_isolation,Quads,2,12–20,60 sec,machines
chest_back_shoulders_legs_4x,Chest+Tri / Back+Bi / Shoulders / Legs,4,beginner,1 of 4,muscle,muscle | maintain | default | recomp | cut_strength | cut_endurance | powerbuilding | hybrid_muscle | hybrid_strength | powerbuilding_cut | athletic_recomp | athletic_cut | athletic_bulk,3,legs,Legs,6,Seated leg curl,Hamstrings — Isolation,hamstring_isolation,Hamstrings,2,12–15,60 sec,machines
chest_back_shoulders_legs_4x,Chest+Tri / Back+Bi / Shoulders / Legs,4,beginner,2 of 4,strength,strength,0,chest_triceps,Chest + Triceps,0,Barbell bench press,Chest — Horizontal Push,chest_horizontal_push,"Chest, Shoulders, Triceps",2,3–6,3–5 min,barbell
chest_back_shoulders_legs_4x,Chest+Tri / Back+Bi / Shoulders / Legs,4,beginner,2 of 4,strength,strength,0,chest_triceps,Chest + Triceps,1,Incline barbell press,Chest — Incline Push (Upper Chest),chest_incline_push,"Upper chest, Shoulders, Triceps",2,3–6,3–5 min,barbell
chest_back_shoulders_legs_4x,Chest+Tri / Back+Bi / Shoulders / Legs,4,beginner,2 of 4,strength,strength,0,chest_triceps,Chest + Triceps,2,Cable crossover (lower chest),Chest — Decline / Lower Chest,chest_decline,"Lower chest, Mid chest, Triceps",2,8–12,2 min,cables
chest_back_shoulders_legs_4x,Chest+Tri / Back+Bi / Shoulders / Legs,4,beginner,2 of 4,strength,strength,0,chest_triceps,Chest + Triceps,3,Cable fly (seated or standing),Chest — Isolation (Fly / Stretch),chest_isolation,Chest,2,8–12,2 min,cables
chest_back_shoulders_legs_4x,Chest+Tri / Back+Bi / Shoulders / Legs,4,beginner,2 of 4,strength,strength,0,chest_triceps,Chest + Triceps,4,Overhead tricep extension,Triceps,triceps,Triceps,2,8–12,2 min,cables
chest_back_shoulders_legs_4x,Chest+Tri / Back+Bi / Shoulders / Legs,4,beginner,2 of 4,strength,strength,0,chest_triceps,Chest + Triceps,5,Cable tricep pushdown (rope or bar),Triceps,triceps,Triceps,2,8–12,2 min,cables
chest_back_shoulders_legs_4x,Chest+Tri / Back+Bi / Shoulders / Legs,4,beginner,2 of 4,strength,strength,0,chest_triceps,Chest + Triceps,6,Cable crunch,Core — Weighted Ab Training,core,"Rectus abdominis, Obliques",2,12–20,2 min,cables
chest_back_shoulders_legs_4x,Chest+Tri / Back+Bi / Shoulders / Legs,4,beginner,2 of 4,strength,strength,1,back_biceps,Back + Biceps,0,Pull-up (overhand),Back — Vertical Pull (Lat Width),back_vertical_pull,"Lats, Biceps, Rear delts",2,6–10,3–5 min,pullup_bar
chest_back_shoulders_legs_4x,Chest+Tri / Back+Bi / Shoulders / Legs,4,beginner,2 of 4,strength,strength,1,back_biceps,Back + Biceps,1,Barbell row,Back — Horizontal Pull (Back Thickness + Inner Back),back_horizontal_pull,"Lats, Rhomboids, Mid-traps, Rear delts, Biceps",2,3–6,3–5 min,barbell
chest_back_shoulders_legs_4x,Chest+Tri / Back+Bi / Shoulders / Legs,4,beginner,2 of 4,strength,strength,1,back_biceps,Back + Biceps,2,Cable row (wide grip / flared elbows),Back — Inner Back / Rhomboids,back_inner,"Rhomboids, Mid-traps, Rear delts",2,10–15,2 min,cables
chest_back_shoulders_legs_4x,Chest+Tri / Back+Bi / Shoulders / Legs,4,beginner,2 of 4,strength,strength,1,back_biceps,Back + Biceps,3,Cable lat pullover (rope or bar),Back — Isolation / Lat Stretch,back_isolation,Lats,2,8–12,2 min,cables
chest_back_shoulders_legs_4x,Chest+Tri / Back+Bi / Shoulders / Legs,4,beginner,2 of 4,strength,strength,1,back_biceps,Back + Biceps,4,Bayesian cable curl,Biceps,biceps,"Biceps, Brachialis",2,8–12,2 min,cables
chest_back_shoulders_legs_4x,Chest+Tri / Back+Bi / Shoulders / Legs,4,beginner,2 of 4,strength,strength,1,back_biceps,Back + Biceps,5,Preacher curl,Biceps,biceps,"Biceps, Brachialis",2,8–12,2 min,barbell
chest_back_shoulders_legs_4x,Chest+Tri / Back+Bi / Shoulders / Legs,4,beginner,2 of 4,strength,strength,1,back_biceps,Back + Biceps,6,Cable crunch,Core — Weighted Ab Training,core,"Rectus abdominis, Obliques",2,12–20,2 min,cables
chest_back_shoulders_legs_4x,Chest+Tri / Back+Bi / Shoulders / Legs,4,beginner,2 of 4,strength,strength,2,shoulders,Shoulders,0,Barbell overhead press,Shoulders — Vertical Push,shoulders_vertical_push,"Shoulders, Triceps, Upper chest",3,3–6,3–5 min,barbell
chest_back_shoulders_legs_4x,Chest+Tri / Back+Bi / Shoulders / Legs,4,beginner,2 of 4,strength,strength,2,shoulders,Shoulders,1,Cable lateral raise,Shoulders — Side Delt Isolation,shoulders_side_delt,Side deltoids,3,12–20,2 min,cables
chest_back_shoulders_legs_4x,Chest+Tri / Back+Bi / Shoulders / Legs,4,beginner,2 of 4,strength,strength,2,shoulders,Shoulders,2,Dumbbell lateral raise,Shoulders — Side Delt Isolation,shoulders_side_delt,Side deltoids,2,12–20,1–2 min,dumbbells
chest_back_shoulders_legs_4x,Chest+Tri / Back+Bi / Shoulders / Legs,4,beginner,2 of 4,strength,strength,2,shoulders,Shoulders,3,Face pull (cable),Rear Delt and Upper Back,rear_delt,"Rear deltoids, External rotators, Upper traps",2,15–20,2 min,cables
chest_back_shoulders_legs_4x,Chest+Tri / Back+Bi / Shoulders / Legs,4,beginner,2 of 4,strength,strength,2,shoulders,Shoulders,4,Reverse pec deck,Rear Delt and Upper Back,rear_delt,"Rear deltoids, External rotators, Upper traps",2,15–20,1–2 min,machines
chest_back_shoulders_legs_4x,Chest+Tri / Back+Bi / Shoulders / Legs,4,beginner,2 of 4,strength,strength,2,shoulders,Shoulders,5,Standing calf raise,Calves,calves,"Gastrocnemius, Soleus",2,10–15,2 min,machines
chest_back_shoulders_legs_4x,Chest+Tri / Back+Bi / Shoulders / Legs,4,beginner,2 of 4,strength,strength,2,shoulders,Shoulders,6,Seated calf raise,Calves,calves,"Gastrocnemius, Soleus",2,10–15,2 min,machines
chest_back_shoulders_legs_4x,Chest+Tri / Back+Bi / Shoulders / Legs,4,beginner,2 of 4,strength,strength,3,legs,Legs,0,Barbell back squat,Quads — Squat Pattern,squat_pattern,"Quads, Glutes, Hamstrings",2,3–6,3–5 min,barbell
chest_back_shoulders_legs_4x,Chest+Tri / Back+Bi / Shoulders / Legs,4,beginner,2 of 4,strength,strength,3,legs,Legs,1,Romanian deadlift (barbell),Hamstrings and Glutes — Hip Hinge,hip_hinge,"Hamstrings, Glutes, Lower back",3,3–6,3–5 min,barbell
chest_back_shoulders_legs_4x,Chest+Tri / Back+Bi / Shoulders / Legs,4,beginner,2 of 4,strength,strength,3,legs,Legs,2,45° leg press,Quads — Squat Pattern,squat_pattern,"Quads, Glutes, Hamstrings",2,3–6,3–5 min,machines
chest_back_shoulders_legs_4x,Chest+Tri / Back+Bi / Shoulders / Legs,4,beginner,2 of 4,strength,strength,3,legs,Legs,3,Walking lunge (long stride),Glutes — Compound and Isolation,glute_focused,"Glutes, Glute medius, Adductors",3,10–15,2 min,bodyweight+dumbbells
chest_back_shoulders_legs_4x,Chest+Tri / Back+Bi / Shoulders / Legs,4,beginner,2 of 4,strength,strength,3,legs,Legs,4,Cable pull-through,Glutes — Compound and Isolation,glute_focused,"Glutes, Glute medius, Adductors",3,10–15,2 min,cables
chest_back_shoulders_legs_4x,Chest+Tri / Back+Bi / Shoulders / Legs,4,beginner,2 of 4,strength,strength,3,legs,Legs,5,Leg extensions,Quads — Isolation,quad_isolation,Quads,2,12–20,2 min,machines
chest_back_shoulders_legs_4x,Chest+Tri / Back+Bi / Shoulders / Legs,4,beginner,2 of 4,strength,strength,3,legs,Legs,6,Seated leg curl,Hamstrings — Isolation,hamstring_isolation,Hamstrings,2,8–12,2 min,machines
chest_back_shoulders_legs_4x,Chest+Tri / Back+Bi / Shoulders / Legs,4,beginner,3 of 4,lose,lose,0,chest_triceps,Chest + Triceps,0,Barbell bench press,Chest — Horizontal Push,chest_horizontal_push,"Chest, Shoulders, Triceps",2,6–10,2–3 min,barbell
chest_back_shoulders_legs_4x,Chest+Tri / Back+Bi / Shoulders / Legs,4,beginner,3 of 4,lose,lose,0,chest_triceps,Chest + Triceps,1,Incline barbell press,Chest — Incline Push (Upper Chest),chest_incline_push,"Upper chest, Shoulders, Triceps",2,6–10,2–3 min,barbell
chest_back_shoulders_legs_4x,Chest+Tri / Back+Bi / Shoulders / Legs,4,beginner,3 of 4,lose,lose,0,chest_triceps,Chest + Triceps,2,Cable crossover (lower chest),Chest — Decline / Lower Chest,chest_decline,"Lower chest, Mid chest, Triceps",2,12–15,90 sec,cables
chest_back_shoulders_legs_4x,Chest+Tri / Back+Bi / Shoulders / Legs,4,beginner,3 of 4,lose,lose,0,chest_triceps,Chest + Triceps,3,Cable fly (seated or standing),Chest — Isolation (Fly / Stretch),chest_isolation,Chest,2,12–15,90 sec,cables
chest_back_shoulders_legs_4x,Chest+Tri / Back+Bi / Shoulders / Legs,4,beginner,3 of 4,lose,lose,0,chest_triceps,Chest + Triceps,4,Overhead tricep extension,Triceps,triceps,Triceps,2,12–15,90 sec,cables
chest_back_shoulders_legs_4x,Chest+Tri / Back+Bi / Shoulders / Legs,4,beginner,3 of 4,lose,lose,0,chest_triceps,Chest + Triceps,5,Cable tricep pushdown (rope or bar),Triceps,triceps,Triceps,2,12–15,90 sec,cables
chest_back_shoulders_legs_4x,Chest+Tri / Back+Bi / Shoulders / Legs,4,beginner,3 of 4,lose,lose,0,chest_triceps,Chest + Triceps,6,Cable crunch,Core — Weighted Ab Training,core,"Rectus abdominis, Obliques",2,12–20,90 sec,cables
chest_back_shoulders_legs_4x,Chest+Tri / Back+Bi / Shoulders / Legs,4,beginner,3 of 4,lose,lose,1,back_biceps,Back + Biceps,0,Pull-up (overhand),Back — Vertical Pull (Lat Width),back_vertical_pull,"Lats, Biceps, Rear delts",2,6–10,2–3 min,pullup_bar
chest_back_shoulders_legs_4x,Chest+Tri / Back+Bi / Shoulders / Legs,4,beginner,3 of 4,lose,lose,1,back_biceps,Back + Biceps,1,Barbell row,Back — Horizontal Pull (Back Thickness + Inner Back),back_horizontal_pull,"Lats, Rhomboids, Mid-traps, Rear delts, Biceps",2,6–10,2–3 min,barbell
chest_back_shoulders_legs_4x,Chest+Tri / Back+Bi / Shoulders / Legs,4,beginner,3 of 4,lose,lose,1,back_biceps,Back + Biceps,2,Cable row (wide grip / flared elbows),Back — Inner Back / Rhomboids,back_inner,"Rhomboids, Mid-traps, Rear delts",2,10–15,90 sec,cables
chest_back_shoulders_legs_4x,Chest+Tri / Back+Bi / Shoulders / Legs,4,beginner,3 of 4,lose,lose,1,back_biceps,Back + Biceps,3,Cable lat pullover (rope or bar),Back — Isolation / Lat Stretch,back_isolation,Lats,2,12–15,90 sec,cables
chest_back_shoulders_legs_4x,Chest+Tri / Back+Bi / Shoulders / Legs,4,beginner,3 of 4,lose,lose,1,back_biceps,Back + Biceps,4,Bayesian cable curl,Biceps,biceps,"Biceps, Brachialis",2,12–15,90 sec,cables
chest_back_shoulders_legs_4x,Chest+Tri / Back+Bi / Shoulders / Legs,4,beginner,3 of 4,lose,lose,1,back_biceps,Back + Biceps,5,Preacher curl,Biceps,biceps,"Biceps, Brachialis",2,12–15,90 sec,barbell
chest_back_shoulders_legs_4x,Chest+Tri / Back+Bi / Shoulders / Legs,4,beginner,3 of 4,lose,lose,1,back_biceps,Back + Biceps,6,Cable crunch,Core — Weighted Ab Training,core,"Rectus abdominis, Obliques",2,12–20,90 sec,cables
chest_back_shoulders_legs_4x,Chest+Tri / Back+Bi / Shoulders / Legs,4,beginner,3 of 4,lose,lose,2,shoulders,Shoulders,0,Barbell overhead press,Shoulders — Vertical Push,shoulders_vertical_push,"Shoulders, Triceps, Upper chest",3,6–10,2–3 min,barbell
chest_back_shoulders_legs_4x,Chest+Tri / Back+Bi / Shoulders / Legs,4,beginner,3 of 4,lose,lose,2,shoulders,Shoulders,1,Cable lateral raise,Shoulders — Side Delt Isolation,shoulders_side_delt,Side deltoids,3,12–20,90 sec,cables
chest_back_shoulders_legs_4x,Chest+Tri / Back+Bi / Shoulders / Legs,4,beginner,3 of 4,lose,lose,2,shoulders,Shoulders,2,Dumbbell lateral raise,Shoulders — Side Delt Isolation,shoulders_side_delt,Side deltoids,2,12–20,1–2 min,dumbbells
chest_back_shoulders_legs_4x,Chest+Tri / Back+Bi / Shoulders / Legs,4,beginner,3 of 4,lose,lose,2,shoulders,Shoulders,3,Face pull (cable),Rear Delt and Upper Back,rear_delt,"Rear deltoids, External rotators, Upper traps",2,15–20,90 sec,cables
chest_back_shoulders_legs_4x,Chest+Tri / Back+Bi / Shoulders / Legs,4,beginner,3 of 4,lose,lose,2,shoulders,Shoulders,4,Reverse pec deck,Rear Delt and Upper Back,rear_delt,"Rear deltoids, External rotators, Upper traps",2,15–20,1–2 min,machines
chest_back_shoulders_legs_4x,Chest+Tri / Back+Bi / Shoulders / Legs,4,beginner,3 of 4,lose,lose,2,shoulders,Shoulders,5,Standing calf raise,Calves,calves,"Gastrocnemius, Soleus",2,10–15,90 sec,machines
chest_back_shoulders_legs_4x,Chest+Tri / Back+Bi / Shoulders / Legs,4,beginner,3 of 4,lose,lose,2,shoulders,Shoulders,6,Seated calf raise,Calves,calves,"Gastrocnemius, Soleus",2,10–15,90 sec,machines
chest_back_shoulders_legs_4x,Chest+Tri / Back+Bi / Shoulders / Legs,4,beginner,3 of 4,lose,lose,3,legs,Legs,0,Barbell back squat,Quads — Squat Pattern,squat_pattern,"Quads, Glutes, Hamstrings",2,6–10,2–3 min,barbell
chest_back_shoulders_legs_4x,Chest+Tri / Back+Bi / Shoulders / Legs,4,beginner,3 of 4,lose,lose,3,legs,Legs,1,Romanian deadlift (barbell),Hamstrings and Glutes — Hip Hinge,hip_hinge,"Hamstrings, Glutes, Lower back",3,6–10,2–3 min,barbell
chest_back_shoulders_legs_4x,Chest+Tri / Back+Bi / Shoulders / Legs,4,beginner,3 of 4,lose,lose,3,legs,Legs,2,45° leg press,Quads — Squat Pattern,squat_pattern,"Quads, Glutes, Hamstrings",2,6–10,2–3 min,machines
chest_back_shoulders_legs_4x,Chest+Tri / Back+Bi / Shoulders / Legs,4,beginner,3 of 4,lose,lose,3,legs,Legs,3,Walking lunge (long stride),Glutes — Compound and Isolation,glute_focused,"Glutes, Glute medius, Adductors",3,10–15,90 sec,bodyweight+dumbbells
chest_back_shoulders_legs_4x,Chest+Tri / Back+Bi / Shoulders / Legs,4,beginner,3 of 4,lose,lose,3,legs,Legs,4,Cable pull-through,Glutes — Compound and Isolation,glute_focused,"Glutes, Glute medius, Adductors",3,10–15,90 sec,cables
chest_back_shoulders_legs_4x,Chest+Tri / Back+Bi / Shoulders / Legs,4,beginner,3 of 4,lose,lose,3,legs,Legs,5,Leg extensions,Quads — Isolation,quad_isolation,Quads,2,12–20,90 sec,machines
chest_back_shoulders_legs_4x,Chest+Tri / Back+Bi / Shoulders / Legs,4,beginner,3 of 4,lose,lose,3,legs,Legs,6,Seated leg curl,Hamstrings — Isolation,hamstring_isolation,Hamstrings,2,12–15,90 sec,machines
chest_back_shoulders_legs_4x,Chest+Tri / Back+Bi / Shoulders / Legs,4,beginner,4 of 4,endurance,endurance,0,chest_triceps,Chest + Triceps,0,Barbell bench press,Chest — Horizontal Push,chest_horizontal_push,"Chest, Shoulders, Triceps",2,12–20,60 sec,barbell
chest_back_shoulders_legs_4x,Chest+Tri / Back+Bi / Shoulders / Legs,4,beginner,4 of 4,endurance,endurance,0,chest_triceps,Chest + Triceps,1,Incline barbell press,Chest — Incline Push (Upper Chest),chest_incline_push,"Upper chest, Shoulders, Triceps",2,12–20,60 sec,barbell
chest_back_shoulders_legs_4x,Chest+Tri / Back+Bi / Shoulders / Legs,4,beginner,4 of 4,endurance,endurance,0,chest_triceps,Chest + Triceps,2,Cable crossover (lower chest),Chest — Decline / Lower Chest,chest_decline,"Lower chest, Mid chest, Triceps",2,15–25,30–45 sec,cables
chest_back_shoulders_legs_4x,Chest+Tri / Back+Bi / Shoulders / Legs,4,beginner,4 of 4,endurance,endurance,0,chest_triceps,Chest + Triceps,3,Cable fly (seated or standing),Chest — Isolation (Fly / Stretch),chest_isolation,Chest,2,15–25,30–45 sec,cables
chest_back_shoulders_legs_4x,Chest+Tri / Back+Bi / Shoulders / Legs,4,beginner,4 of 4,endurance,endurance,0,chest_triceps,Chest + Triceps,4,Overhead tricep extension,Triceps,triceps,Triceps,2,15–25,30–45 sec,cables
chest_back_shoulders_legs_4x,Chest+Tri / Back+Bi / Shoulders / Legs,4,beginner,4 of 4,endurance,endurance,0,chest_triceps,Chest + Triceps,5,Cable tricep pushdown (rope or bar),Triceps,triceps,Triceps,2,15–25,30–45 sec,cables
chest_back_shoulders_legs_4x,Chest+Tri / Back+Bi / Shoulders / Legs,4,beginner,4 of 4,endurance,endurance,0,chest_triceps,Chest + Triceps,6,Cable crunch,Core — Weighted Ab Training,core,"Rectus abdominis, Obliques",2,12–20,30–45 sec,cables
chest_back_shoulders_legs_4x,Chest+Tri / Back+Bi / Shoulders / Legs,4,beginner,4 of 4,endurance,endurance,1,back_biceps,Back + Biceps,0,Pull-up (overhand),Back — Vertical Pull (Lat Width),back_vertical_pull,"Lats, Biceps, Rear delts",2,6–10,60 sec,pullup_bar
chest_back_shoulders_legs_4x,Chest+Tri / Back+Bi / Shoulders / Legs,4,beginner,4 of 4,endurance,endurance,1,back_biceps,Back + Biceps,1,Barbell row,Back — Horizontal Pull (Back Thickness + Inner Back),back_horizontal_pull,"Lats, Rhomboids, Mid-traps, Rear delts, Biceps",2,12–20,60 sec,barbell
chest_back_shoulders_legs_4x,Chest+Tri / Back+Bi / Shoulders / Legs,4,beginner,4 of 4,endurance,endurance,1,back_biceps,Back + Biceps,2,Cable row (wide grip / flared elbows),Back — Inner Back / Rhomboids,back_inner,"Rhomboids, Mid-traps, Rear delts",2,10–15,30–45 sec,cables
chest_back_shoulders_legs_4x,Chest+Tri / Back+Bi / Shoulders / Legs,4,beginner,4 of 4,endurance,endurance,1,back_biceps,Back + Biceps,3,Cable lat pullover (rope or bar),Back — Isolation / Lat Stretch,back_isolation,Lats,2,15–25,30–45 sec,cables
chest_back_shoulders_legs_4x,Chest+Tri / Back+Bi / Shoulders / Legs,4,beginner,4 of 4,endurance,endurance,1,back_biceps,Back + Biceps,4,Bayesian cable curl,Biceps,biceps,"Biceps, Brachialis",2,15–25,30–45 sec,cables
chest_back_shoulders_legs_4x,Chest+Tri / Back+Bi / Shoulders / Legs,4,beginner,4 of 4,endurance,endurance,1,back_biceps,Back + Biceps,5,Preacher curl,Biceps,biceps,"Biceps, Brachialis",2,15–25,30–45 sec,barbell
chest_back_shoulders_legs_4x,Chest+Tri / Back+Bi / Shoulders / Legs,4,beginner,4 of 4,endurance,endurance,1,back_biceps,Back + Biceps,6,Cable crunch,Core — Weighted Ab Training,core,"Rectus abdominis, Obliques",2,12–20,30–45 sec,cables
chest_back_shoulders_legs_4x,Chest+Tri / Back+Bi / Shoulders / Legs,4,beginner,4 of 4,endurance,endurance,2,shoulders,Shoulders,0,Barbell overhead press,Shoulders — Vertical Push,shoulders_vertical_push,"Shoulders, Triceps, Upper chest",3,12–20,60 sec,barbell
chest_back_shoulders_legs_4x,Chest+Tri / Back+Bi / Shoulders / Legs,4,beginner,4 of 4,endurance,endurance,2,shoulders,Shoulders,1,Cable lateral raise,Shoulders — Side Delt Isolation,shoulders_side_delt,Side deltoids,3,12–20,30–45 sec,cables
chest_back_shoulders_legs_4x,Chest+Tri / Back+Bi / Shoulders / Legs,4,beginner,4 of 4,endurance,endurance,2,shoulders,Shoulders,2,Dumbbell lateral raise,Shoulders — Side Delt Isolation,shoulders_side_delt,Side deltoids,2,12–20,1–2 min,dumbbells
chest_back_shoulders_legs_4x,Chest+Tri / Back+Bi / Shoulders / Legs,4,beginner,4 of 4,endurance,endurance,2,shoulders,Shoulders,3,Face pull (cable),Rear Delt and Upper Back,rear_delt,"Rear deltoids, External rotators, Upper traps",2,15–20,30–45 sec,cables
chest_back_shoulders_legs_4x,Chest+Tri / Back+Bi / Shoulders / Legs,4,beginner,4 of 4,endurance,endurance,2,shoulders,Shoulders,4,Reverse pec deck,Rear Delt and Upper Back,rear_delt,"Rear deltoids, External rotators, Upper traps",2,15–20,1–2 min,machines
chest_back_shoulders_legs_4x,Chest+Tri / Back+Bi / Shoulders / Legs,4,beginner,4 of 4,endurance,endurance,2,shoulders,Shoulders,5,Standing calf raise,Calves,calves,"Gastrocnemius, Soleus",2,10–15,30–45 sec,machines
chest_back_shoulders_legs_4x,Chest+Tri / Back+Bi / Shoulders / Legs,4,beginner,4 of 4,endurance,endurance,2,shoulders,Shoulders,6,Seated calf raise,Calves,calves,"Gastrocnemius, Soleus",2,10–15,30–45 sec,machines
chest_back_shoulders_legs_4x,Chest+Tri / Back+Bi / Shoulders / Legs,4,beginner,4 of 4,endurance,endurance,3,legs,Legs,0,Barbell back squat,Quads — Squat Pattern,squat_pattern,"Quads, Glutes, Hamstrings",2,12–20,60 sec,barbell
chest_back_shoulders_legs_4x,Chest+Tri / Back+Bi / Shoulders / Legs,4,beginner,4 of 4,endurance,endurance,3,legs,Legs,1,Romanian deadlift (barbell),Hamstrings and Glutes — Hip Hinge,hip_hinge,"Hamstrings, Glutes, Lower back",3,12–20,60 sec,barbell
chest_back_shoulders_legs_4x,Chest+Tri / Back+Bi / Shoulders / Legs,4,beginner,4 of 4,endurance,endurance,3,legs,Legs,2,45° leg press,Quads — Squat Pattern,squat_pattern,"Quads, Glutes, Hamstrings",2,12–20,60 sec,machines
chest_back_shoulders_legs_4x,Chest+Tri / Back+Bi / Shoulders / Legs,4,beginner,4 of 4,endurance,endurance,3,legs,Legs,3,Walking lunge (long stride),Glutes — Compound and Isolation,glute_focused,"Glutes, Glute medius, Adductors",3,10–15,30–45 sec,bodyweight+dumbbells
chest_back_shoulders_legs_4x,Chest+Tri / Back+Bi / Shoulders / Legs,4,beginner,4 of 4,endurance,endurance,3,legs,Legs,4,Cable pull-through,Glutes — Compound and Isolation,glute_focused,"Glutes, Glute medius, Adductors",3,10–15,30–45 sec,cables
chest_back_shoulders_legs_4x,Chest+Tri / Back+Bi / Shoulders / Legs,4,beginner,4 of 4,endurance,endurance,3,legs,Legs,5,Leg extensions,Quads — Isolation,quad_isolation,Quads,2,12–20,30–45 sec,machines
chest_back_shoulders_legs_4x,Chest+Tri / Back+Bi / Shoulders / Legs,4,beginner,4 of 4,endurance,endurance,3,legs,Legs,6,Seated leg curl,Hamstrings — Isolation,hamstring_isolation,Hamstrings,2,15–25,30–45 sec,machines
chest_back_shoulders_legs_4x,Chest+Tri / Back+Bi / Shoulders / Legs,4,intermediate,1 of 4,muscle,muscle | maintain | default | recomp | cut_strength | cut_endurance | powerbuilding | hybrid_muscle | hybrid_strength | powerbuilding_cut | athletic_recomp | athletic_cut | athletic_bulk,0,chest_triceps,Chest + Triceps,0,Barbell bench press,Chest — Horizontal Push,chest_horizontal_push,"Chest, Shoulders, Triceps",3,10–15,90 sec,barbell
chest_back_shoulders_legs_4x,Chest+Tri / Back+Bi / Shoulders / Legs,4,intermediate,1 of 4,muscle,muscle | maintain | default | recomp | cut_strength | cut_endurance | powerbuilding | hybrid_muscle | hybrid_strength | powerbuilding_cut | athletic_recomp | athletic_cut | athletic_bulk,0,chest_triceps,Chest + Triceps,1,Incline barbell press,Chest — Incline Push (Upper Chest),chest_incline_push,"Upper chest, Shoulders, Triceps",3,10–15,90 sec,barbell
chest_back_shoulders_legs_4x,Chest+Tri / Back+Bi / Shoulders / Legs,4,intermediate,1 of 4,muscle,muscle | maintain | default | recomp | cut_strength | cut_endurance | powerbuilding | hybrid_muscle | hybrid_strength | powerbuilding_cut | athletic_recomp | athletic_cut | athletic_bulk,0,chest_triceps,Chest + Triceps,2,Cable crossover (lower chest),Chest — Decline / Lower Chest,chest_decline,"Lower chest, Mid chest, Triceps",3,12–15,60 sec,cables
chest_back_shoulders_legs_4x,Chest+Tri / Back+Bi / Shoulders / Legs,4,intermediate,1 of 4,muscle,muscle | maintain | default | recomp | cut_strength | cut_endurance | powerbuilding | hybrid_muscle | hybrid_strength | powerbuilding_cut | athletic_recomp | athletic_cut | athletic_bulk,0,chest_triceps,Chest + Triceps,3,Cable fly (seated or standing),Chest — Isolation (Fly / Stretch),chest_isolation,Chest,3,12–15,60 sec,cables
chest_back_shoulders_legs_4x,Chest+Tri / Back+Bi / Shoulders / Legs,4,intermediate,1 of 4,muscle,muscle | maintain | default | recomp | cut_strength | cut_endurance | powerbuilding | hybrid_muscle | hybrid_strength | powerbuilding_cut | athletic_recomp | athletic_cut | athletic_bulk,0,chest_triceps,Chest + Triceps,4,Overhead tricep extension,Triceps,triceps,Triceps,4,12–15,60 sec,cables
chest_back_shoulders_legs_4x,Chest+Tri / Back+Bi / Shoulders / Legs,4,intermediate,1 of 4,muscle,muscle | maintain | default | recomp | cut_strength | cut_endurance | powerbuilding | hybrid_muscle | hybrid_strength | powerbuilding_cut | athletic_recomp | athletic_cut | athletic_bulk,0,chest_triceps,Chest + Triceps,5,Cable tricep pushdown (rope or bar),Triceps,triceps,Triceps,4,12–15,60 sec,cables
chest_back_shoulders_legs_4x,Chest+Tri / Back+Bi / Shoulders / Legs,4,intermediate,1 of 4,muscle,muscle | maintain | default | recomp | cut_strength | cut_endurance | powerbuilding | hybrid_muscle | hybrid_strength | powerbuilding_cut | athletic_recomp | athletic_cut | athletic_bulk,0,chest_triceps,Chest + Triceps,6,Cable crunch,Core — Weighted Ab Training,core,"Rectus abdominis, Obliques",4,12–20,60 sec,cables
chest_back_shoulders_legs_4x,Chest+Tri / Back+Bi / Shoulders / Legs,4,intermediate,1 of 4,muscle,muscle | maintain | default | recomp | cut_strength | cut_endurance | powerbuilding | hybrid_muscle | hybrid_strength | powerbuilding_cut | athletic_recomp | athletic_cut | athletic_bulk,1,back_biceps,Back + Biceps,0,Pull-up (overhand),Back — Vertical Pull (Lat Width),back_vertical_pull,"Lats, Biceps, Rear delts",3,6–10,90 sec,pullup_bar
chest_back_shoulders_legs_4x,Chest+Tri / Back+Bi / Shoulders / Legs,4,intermediate,1 of 4,muscle,muscle | maintain | default | recomp | cut_strength | cut_endurance | powerbuilding | hybrid_muscle | hybrid_strength | powerbuilding_cut | athletic_recomp | athletic_cut | athletic_bulk,1,back_biceps,Back + Biceps,1,Barbell row,Back — Horizontal Pull (Back Thickness + Inner Back),back_horizontal_pull,"Lats, Rhomboids, Mid-traps, Rear delts, Biceps",3,10–15,90 sec,barbell
chest_back_shoulders_legs_4x,Chest+Tri / Back+Bi / Shoulders / Legs,4,intermediate,1 of 4,muscle,muscle | maintain | default | recomp | cut_strength | cut_endurance | powerbuilding | hybrid_muscle | hybrid_strength | powerbuilding_cut | athletic_recomp | athletic_cut | athletic_bulk,1,back_biceps,Back + Biceps,2,Cable row (wide grip / flared elbows),Back — Inner Back / Rhomboids,back_inner,"Rhomboids, Mid-traps, Rear delts",3,10–15,60 sec,cables
chest_back_shoulders_legs_4x,Chest+Tri / Back+Bi / Shoulders / Legs,4,intermediate,1 of 4,muscle,muscle | maintain | default | recomp | cut_strength | cut_endurance | powerbuilding | hybrid_muscle | hybrid_strength | powerbuilding_cut | athletic_recomp | athletic_cut | athletic_bulk,1,back_biceps,Back + Biceps,3,Cable lat pullover (rope or bar),Back — Isolation / Lat Stretch,back_isolation,Lats,3,12–15,60 sec,cables
chest_back_shoulders_legs_4x,Chest+Tri / Back+Bi / Shoulders / Legs,4,intermediate,1 of 4,muscle,muscle | maintain | default | recomp | cut_strength | cut_endurance | powerbuilding | hybrid_muscle | hybrid_strength | powerbuilding_cut | athletic_recomp | athletic_cut | athletic_bulk,1,back_biceps,Back + Biceps,4,Bayesian cable curl,Biceps,biceps,"Biceps, Brachialis",4,12–15,60 sec,cables
chest_back_shoulders_legs_4x,Chest+Tri / Back+Bi / Shoulders / Legs,4,intermediate,1 of 4,muscle,muscle | maintain | default | recomp | cut_strength | cut_endurance | powerbuilding | hybrid_muscle | hybrid_strength | powerbuilding_cut | athletic_recomp | athletic_cut | athletic_bulk,1,back_biceps,Back + Biceps,5,Preacher curl,Biceps,biceps,"Biceps, Brachialis",4,12–15,60 sec,barbell
chest_back_shoulders_legs_4x,Chest+Tri / Back+Bi / Shoulders / Legs,4,intermediate,1 of 4,muscle,muscle | maintain | default | recomp | cut_strength | cut_endurance | powerbuilding | hybrid_muscle | hybrid_strength | powerbuilding_cut | athletic_recomp | athletic_cut | athletic_bulk,1,back_biceps,Back + Biceps,6,Cable crunch,Core — Weighted Ab Training,core,"Rectus abdominis, Obliques",4,12–20,60 sec,cables
chest_back_shoulders_legs_4x,Chest+Tri / Back+Bi / Shoulders / Legs,4,intermediate,1 of 4,muscle,muscle | maintain | default | recomp | cut_strength | cut_endurance | powerbuilding | hybrid_muscle | hybrid_strength | powerbuilding_cut | athletic_recomp | athletic_cut | athletic_bulk,2,shoulders,Shoulders,0,Barbell overhead press,Shoulders — Vertical Push,shoulders_vertical_push,"Shoulders, Triceps, Upper chest",3,10–15,90 sec,barbell
chest_back_shoulders_legs_4x,Chest+Tri / Back+Bi / Shoulders / Legs,4,intermediate,1 of 4,muscle,muscle | maintain | default | recomp | cut_strength | cut_endurance | powerbuilding | hybrid_muscle | hybrid_strength | powerbuilding_cut | athletic_recomp | athletic_cut | athletic_bulk,2,shoulders,Shoulders,1,Cable lateral raise,Shoulders — Side Delt Isolation,shoulders_side_delt,Side deltoids,5,12–20,60 sec,cables
chest_back_shoulders_legs_4x,Chest+Tri / Back+Bi / Shoulders / Legs,4,intermediate,1 of 4,muscle,muscle | maintain | default | recomp | cut_strength | cut_endurance | powerbuilding | hybrid_muscle | hybrid_strength | powerbuilding_cut | athletic_recomp | athletic_cut | athletic_bulk,2,shoulders,Shoulders,2,Dumbbell lateral raise,Shoulders — Side Delt Isolation,shoulders_side_delt,Side deltoids,5,12–20,1–2 min,dumbbells
chest_back_shoulders_legs_4x,Chest+Tri / Back+Bi / Shoulders / Legs,4,intermediate,1 of 4,muscle,muscle | maintain | default | recomp | cut_strength | cut_endurance | powerbuilding | hybrid_muscle | hybrid_strength | powerbuilding_cut | athletic_recomp | athletic_cut | athletic_bulk,2,shoulders,Shoulders,3,Face pull (cable),Rear Delt and Upper Back,rear_delt,"Rear deltoids, External rotators, Upper traps",4,15–20,60 sec,cables
chest_back_shoulders_legs_4x,Chest+Tri / Back+Bi / Shoulders / Legs,4,intermediate,1 of 4,muscle,muscle | maintain | default | recomp | cut_strength | cut_endurance | powerbuilding | hybrid_muscle | hybrid_strength | powerbuilding_cut | athletic_recomp | athletic_cut | athletic_bulk,2,shoulders,Shoulders,4,Reverse pec deck,Rear Delt and Upper Back,rear_delt,"Rear deltoids, External rotators, Upper traps",4,15–20,1–2 min,machines
chest_back_shoulders_legs_4x,Chest+Tri / Back+Bi / Shoulders / Legs,4,intermediate,1 of 4,muscle,muscle | maintain | default | recomp | cut_strength | cut_endurance | powerbuilding | hybrid_muscle | hybrid_strength | powerbuilding_cut | athletic_recomp | athletic_cut | athletic_bulk,2,shoulders,Shoulders,5,Standing calf raise,Calves,calves,"Gastrocnemius, Soleus",5,10–15,60 sec,machines
chest_back_shoulders_legs_4x,Chest+Tri / Back+Bi / Shoulders / Legs,4,intermediate,1 of 4,muscle,muscle | maintain | default | recomp | cut_strength | cut_endurance | powerbuilding | hybrid_muscle | hybrid_strength | powerbuilding_cut | athletic_recomp | athletic_cut | athletic_bulk,2,shoulders,Shoulders,6,Seated calf raise,Calves,calves,"Gastrocnemius, Soleus",5,10–15,60 sec,machines
chest_back_shoulders_legs_4x,Chest+Tri / Back+Bi / Shoulders / Legs,4,intermediate,1 of 4,muscle,muscle | maintain | default | recomp | cut_strength | cut_endurance | powerbuilding | hybrid_muscle | hybrid_strength | powerbuilding_cut | athletic_recomp | athletic_cut | athletic_bulk,3,legs,Legs,0,Barbell back squat,Quads — Squat Pattern,squat_pattern,"Quads, Glutes, Hamstrings",4,10–15,90 sec,barbell
chest_back_shoulders_legs_4x,Chest+Tri / Back+Bi / Shoulders / Legs,4,intermediate,1 of 4,muscle,muscle | maintain | default | recomp | cut_strength | cut_endurance | powerbuilding | hybrid_muscle | hybrid_strength | powerbuilding_cut | athletic_recomp | athletic_cut | athletic_bulk,3,legs,Legs,1,Romanian deadlift (barbell),Hamstrings and Glutes — Hip Hinge,hip_hinge,"Hamstrings, Glutes, Lower back",5,10–15,90 sec,barbell
chest_back_shoulders_legs_4x,Chest+Tri / Back+Bi / Shoulders / Legs,4,intermediate,1 of 4,muscle,muscle | maintain | default | recomp | cut_strength | cut_endurance | powerbuilding | hybrid_muscle | hybrid_strength | powerbuilding_cut | athletic_recomp | athletic_cut | athletic_bulk,3,legs,Legs,2,45° leg press,Quads — Squat Pattern,squat_pattern,"Quads, Glutes, Hamstrings",4,10–15,90 sec,machines
chest_back_shoulders_legs_4x,Chest+Tri / Back+Bi / Shoulders / Legs,4,intermediate,1 of 4,muscle,muscle | maintain | default | recomp | cut_strength | cut_endurance | powerbuilding | hybrid_muscle | hybrid_strength | powerbuilding_cut | athletic_recomp | athletic_cut | athletic_bulk,3,legs,Legs,3,Walking lunge (long stride),Glutes — Compound and Isolation,glute_focused,"Glutes, Glute medius, Adductors",4,10–15,60 sec,bodyweight+dumbbells
chest_back_shoulders_legs_4x,Chest+Tri / Back+Bi / Shoulders / Legs,4,intermediate,1 of 4,muscle,muscle | maintain | default | recomp | cut_strength | cut_endurance | powerbuilding | hybrid_muscle | hybrid_strength | powerbuilding_cut | athletic_recomp | athletic_cut | athletic_bulk,3,legs,Legs,4,Cable pull-through,Glutes — Compound and Isolation,glute_focused,"Glutes, Glute medius, Adductors",4,10–15,60 sec,cables
chest_back_shoulders_legs_4x,Chest+Tri / Back+Bi / Shoulders / Legs,4,intermediate,1 of 4,muscle,muscle | maintain | default | recomp | cut_strength | cut_endurance | powerbuilding | hybrid_muscle | hybrid_strength | powerbuilding_cut | athletic_recomp | athletic_cut | athletic_bulk,3,legs,Legs,5,Leg extensions,Quads — Isolation,quad_isolation,Quads,4,12–20,60 sec,machines
chest_back_shoulders_legs_4x,Chest+Tri / Back+Bi / Shoulders / Legs,4,intermediate,1 of 4,muscle,muscle | maintain | default | recomp | cut_strength | cut_endurance | powerbuilding | hybrid_muscle | hybrid_strength | powerbuilding_cut | athletic_recomp | athletic_cut | athletic_bulk,3,legs,Legs,6,Seated leg curl,Hamstrings — Isolation,hamstring_isolation,Hamstrings,5,12–15,60 sec,machines
chest_back_shoulders_legs_4x,Chest+Tri / Back+Bi / Shoulders / Legs,4,intermediate,2 of 4,strength,strength,0,chest_triceps,Chest + Triceps,0,Barbell bench press,Chest — Horizontal Push,chest_horizontal_push,"Chest, Shoulders, Triceps",4,3–6,3–5 min,barbell
chest_back_shoulders_legs_4x,Chest+Tri / Back+Bi / Shoulders / Legs,4,intermediate,2 of 4,strength,strength,0,chest_triceps,Chest + Triceps,1,Incline barbell press,Chest — Incline Push (Upper Chest),chest_incline_push,"Upper chest, Shoulders, Triceps",3,3–6,3–5 min,barbell
chest_back_shoulders_legs_4x,Chest+Tri / Back+Bi / Shoulders / Legs,4,intermediate,2 of 4,strength,strength,0,chest_triceps,Chest + Triceps,2,Cable crossover (lower chest),Chest — Decline / Lower Chest,chest_decline,"Lower chest, Mid chest, Triceps",3,8–12,2 min,cables
chest_back_shoulders_legs_4x,Chest+Tri / Back+Bi / Shoulders / Legs,4,intermediate,2 of 4,strength,strength,0,chest_triceps,Chest + Triceps,3,Cable fly (seated or standing),Chest — Isolation (Fly / Stretch),chest_isolation,Chest,2,8–12,2 min,cables
chest_back_shoulders_legs_4x,Chest+Tri / Back+Bi / Shoulders / Legs,4,intermediate,2 of 4,strength,strength,0,chest_triceps,Chest + Triceps,4,Overhead tricep extension,Triceps,triceps,Triceps,4,8–12,2 min,cables
chest_back_shoulders_legs_4x,Chest+Tri / Back+Bi / Shoulders / Legs,4,intermediate,2 of 4,strength,strength,0,chest_triceps,Chest + Triceps,5,Cable tricep pushdown (rope or bar),Triceps,triceps,Triceps,4,8–12,2 min,cables
chest_back_shoulders_legs_4x,Chest+Tri / Back+Bi / Shoulders / Legs,4,intermediate,2 of 4,strength,strength,0,chest_triceps,Chest + Triceps,6,Cable crunch,Core — Weighted Ab Training,core,"Rectus abdominis, Obliques",4,12–20,2 min,cables
chest_back_shoulders_legs_4x,Chest+Tri / Back+Bi / Shoulders / Legs,4,intermediate,2 of 4,strength,strength,1,back_biceps,Back + Biceps,0,Pull-up (overhand),Back — Vertical Pull (Lat Width),back_vertical_pull,"Lats, Biceps, Rear delts",4,6–10,3–5 min,pullup_bar
chest_back_shoulders_legs_4x,Chest+Tri / Back+Bi / Shoulders / Legs,4,intermediate,2 of 4,strength,strength,1,back_biceps,Back + Biceps,1,Barbell row,Back — Horizontal Pull (Back Thickness + Inner Back),back_horizontal_pull,"Lats, Rhomboids, Mid-traps, Rear delts, Biceps",3,3–6,3–5 min,barbell
chest_back_shoulders_legs_4x,Chest+Tri / Back+Bi / Shoulders / Legs,4,intermediate,2 of 4,strength,strength,1,back_biceps,Back + Biceps,2,Cable row (wide grip / flared elbows),Back — Inner Back / Rhomboids,back_inner,"Rhomboids, Mid-traps, Rear delts",2,10–15,2 min,cables
chest_back_shoulders_legs_4x,Chest+Tri / Back+Bi / Shoulders / Legs,4,intermediate,2 of 4,strength,strength,1,back_biceps,Back + Biceps,3,Cable lat pullover (rope or bar),Back — Isolation / Lat Stretch,back_isolation,Lats,3,8–12,2 min,cables
chest_back_shoulders_legs_4x,Chest+Tri / Back+Bi / Shoulders / Legs,4,intermediate,2 of 4,strength,strength,1,back_biceps,Back + Biceps,4,Bayesian cable curl,Biceps,biceps,"Biceps, Brachialis",4,8–12,2 min,cables
chest_back_shoulders_legs_4x,Chest+Tri / Back+Bi / Shoulders / Legs,4,intermediate,2 of 4,strength,strength,1,back_biceps,Back + Biceps,5,Preacher curl,Biceps,biceps,"Biceps, Brachialis",4,8–12,2 min,barbell
chest_back_shoulders_legs_4x,Chest+Tri / Back+Bi / Shoulders / Legs,4,intermediate,2 of 4,strength,strength,1,back_biceps,Back + Biceps,6,Cable crunch,Core — Weighted Ab Training,core,"Rectus abdominis, Obliques",4,12–20,2 min,cables
chest_back_shoulders_legs_4x,Chest+Tri / Back+Bi / Shoulders / Legs,4,intermediate,2 of 4,strength,strength,2,shoulders,Shoulders,0,Barbell overhead press,Shoulders — Vertical Push,shoulders_vertical_push,"Shoulders, Triceps, Upper chest",3,3–6,3–5 min,barbell
chest_back_shoulders_legs_4x,Chest+Tri / Back+Bi / Shoulders / Legs,4,intermediate,2 of 4,strength,strength,2,shoulders,Shoulders,1,Cable lateral raise,Shoulders — Side Delt Isolation,shoulders_side_delt,Side deltoids,5,12–20,2 min,cables
chest_back_shoulders_legs_4x,Chest+Tri / Back+Bi / Shoulders / Legs,4,intermediate,2 of 4,strength,strength,2,shoulders,Shoulders,2,Dumbbell lateral raise,Shoulders — Side Delt Isolation,shoulders_side_delt,Side deltoids,5,12–20,1–2 min,dumbbells
chest_back_shoulders_legs_4x,Chest+Tri / Back+Bi / Shoulders / Legs,4,intermediate,2 of 4,strength,strength,2,shoulders,Shoulders,3,Face pull (cable),Rear Delt and Upper Back,rear_delt,"Rear deltoids, External rotators, Upper traps",4,15–20,2 min,cables
chest_back_shoulders_legs_4x,Chest+Tri / Back+Bi / Shoulders / Legs,4,intermediate,2 of 4,strength,strength,2,shoulders,Shoulders,4,Reverse pec deck,Rear Delt and Upper Back,rear_delt,"Rear deltoids, External rotators, Upper traps",4,15–20,1–2 min,machines
chest_back_shoulders_legs_4x,Chest+Tri / Back+Bi / Shoulders / Legs,4,intermediate,2 of 4,strength,strength,2,shoulders,Shoulders,5,Standing calf raise,Calves,calves,"Gastrocnemius, Soleus",5,10–15,2 min,machines
chest_back_shoulders_legs_4x,Chest+Tri / Back+Bi / Shoulders / Legs,4,intermediate,2 of 4,strength,strength,2,shoulders,Shoulders,6,Seated calf raise,Calves,calves,"Gastrocnemius, Soleus",5,10–15,2 min,machines
chest_back_shoulders_legs_4x,Chest+Tri / Back+Bi / Shoulders / Legs,4,intermediate,2 of 4,strength,strength,3,legs,Legs,0,Barbell back squat,Quads — Squat Pattern,squat_pattern,"Quads, Glutes, Hamstrings",5,3–6,3–5 min,barbell
chest_back_shoulders_legs_4x,Chest+Tri / Back+Bi / Shoulders / Legs,4,intermediate,2 of 4,strength,strength,3,legs,Legs,1,Romanian deadlift (barbell),Hamstrings and Glutes — Hip Hinge,hip_hinge,"Hamstrings, Glutes, Lower back",6,3–6,3–5 min,barbell
chest_back_shoulders_legs_4x,Chest+Tri / Back+Bi / Shoulders / Legs,4,intermediate,2 of 4,strength,strength,3,legs,Legs,2,45° leg press,Quads — Squat Pattern,squat_pattern,"Quads, Glutes, Hamstrings",5,3–6,3–5 min,machines
chest_back_shoulders_legs_4x,Chest+Tri / Back+Bi / Shoulders / Legs,4,intermediate,2 of 4,strength,strength,3,legs,Legs,3,Walking lunge (long stride),Glutes — Compound and Isolation,glute_focused,"Glutes, Glute medius, Adductors",4,10–15,2 min,bodyweight+dumbbells
chest_back_shoulders_legs_4x,Chest+Tri / Back+Bi / Shoulders / Legs,4,intermediate,2 of 4,strength,strength,3,legs,Legs,4,Cable pull-through,Glutes — Compound and Isolation,glute_focused,"Glutes, Glute medius, Adductors",4,10–15,2 min,cables
chest_back_shoulders_legs_4x,Chest+Tri / Back+Bi / Shoulders / Legs,4,intermediate,2 of 4,strength,strength,3,legs,Legs,5,Leg extensions,Quads — Isolation,quad_isolation,Quads,2,12–20,2 min,machines
chest_back_shoulders_legs_4x,Chest+Tri / Back+Bi / Shoulders / Legs,4,intermediate,2 of 4,strength,strength,3,legs,Legs,6,Seated leg curl,Hamstrings — Isolation,hamstring_isolation,Hamstrings,4,8–12,2 min,machines
chest_back_shoulders_legs_4x,Chest+Tri / Back+Bi / Shoulders / Legs,4,intermediate,3 of 4,lose,lose,0,chest_triceps,Chest + Triceps,0,Barbell bench press,Chest — Horizontal Push,chest_horizontal_push,"Chest, Shoulders, Triceps",3,6–10,2–3 min,barbell
chest_back_shoulders_legs_4x,Chest+Tri / Back+Bi / Shoulders / Legs,4,intermediate,3 of 4,lose,lose,0,chest_triceps,Chest + Triceps,1,Incline barbell press,Chest — Incline Push (Upper Chest),chest_incline_push,"Upper chest, Shoulders, Triceps",3,6–10,2–3 min,barbell
chest_back_shoulders_legs_4x,Chest+Tri / Back+Bi / Shoulders / Legs,4,intermediate,3 of 4,lose,lose,0,chest_triceps,Chest + Triceps,2,Cable crossover (lower chest),Chest — Decline / Lower Chest,chest_decline,"Lower chest, Mid chest, Triceps",3,12–15,90 sec,cables
chest_back_shoulders_legs_4x,Chest+Tri / Back+Bi / Shoulders / Legs,4,intermediate,3 of 4,lose,lose,0,chest_triceps,Chest + Triceps,3,Cable fly (seated or standing),Chest — Isolation (Fly / Stretch),chest_isolation,Chest,3,12–15,90 sec,cables
chest_back_shoulders_legs_4x,Chest+Tri / Back+Bi / Shoulders / Legs,4,intermediate,3 of 4,lose,lose,0,chest_triceps,Chest + Triceps,4,Overhead tricep extension,Triceps,triceps,Triceps,4,12–15,90 sec,cables
chest_back_shoulders_legs_4x,Chest+Tri / Back+Bi / Shoulders / Legs,4,intermediate,3 of 4,lose,lose,0,chest_triceps,Chest + Triceps,5,Cable tricep pushdown (rope or bar),Triceps,triceps,Triceps,4,12–15,90 sec,cables
chest_back_shoulders_legs_4x,Chest+Tri / Back+Bi / Shoulders / Legs,4,intermediate,3 of 4,lose,lose,0,chest_triceps,Chest + Triceps,6,Cable crunch,Core — Weighted Ab Training,core,"Rectus abdominis, Obliques",4,12–20,90 sec,cables
chest_back_shoulders_legs_4x,Chest+Tri / Back+Bi / Shoulders / Legs,4,intermediate,3 of 4,lose,lose,1,back_biceps,Back + Biceps,0,Pull-up (overhand),Back — Vertical Pull (Lat Width),back_vertical_pull,"Lats, Biceps, Rear delts",3,6–10,2–3 min,pullup_bar
chest_back_shoulders_legs_4x,Chest+Tri / Back+Bi / Shoulders / Legs,4,intermediate,3 of 4,lose,lose,1,back_biceps,Back + Biceps,1,Barbell row,Back — Horizontal Pull (Back Thickness + Inner Back),back_horizontal_pull,"Lats, Rhomboids, Mid-traps, Rear delts, Biceps",3,6–10,2–3 min,barbell
chest_back_shoulders_legs_4x,Chest+Tri / Back+Bi / Shoulders / Legs,4,intermediate,3 of 4,lose,lose,1,back_biceps,Back + Biceps,2,Cable row (wide grip / flared elbows),Back — Inner Back / Rhomboids,back_inner,"Rhomboids, Mid-traps, Rear delts",3,10–15,90 sec,cables
chest_back_shoulders_legs_4x,Chest+Tri / Back+Bi / Shoulders / Legs,4,intermediate,3 of 4,lose,lose,1,back_biceps,Back + Biceps,3,Cable lat pullover (rope or bar),Back — Isolation / Lat Stretch,back_isolation,Lats,3,12–15,90 sec,cables
chest_back_shoulders_legs_4x,Chest+Tri / Back+Bi / Shoulders / Legs,4,intermediate,3 of 4,lose,lose,1,back_biceps,Back + Biceps,4,Bayesian cable curl,Biceps,biceps,"Biceps, Brachialis",4,12–15,90 sec,cables
chest_back_shoulders_legs_4x,Chest+Tri / Back+Bi / Shoulders / Legs,4,intermediate,3 of 4,lose,lose,1,back_biceps,Back + Biceps,5,Preacher curl,Biceps,biceps,"Biceps, Brachialis",4,12–15,90 sec,barbell
chest_back_shoulders_legs_4x,Chest+Tri / Back+Bi / Shoulders / Legs,4,intermediate,3 of 4,lose,lose,1,back_biceps,Back + Biceps,6,Cable crunch,Core — Weighted Ab Training,core,"Rectus abdominis, Obliques",4,12–20,90 sec,cables
chest_back_shoulders_legs_4x,Chest+Tri / Back+Bi / Shoulders / Legs,4,intermediate,3 of 4,lose,lose,2,shoulders,Shoulders,0,Barbell overhead press,Shoulders — Vertical Push,shoulders_vertical_push,"Shoulders, Triceps, Upper chest",3,6–10,2–3 min,barbell
chest_back_shoulders_legs_4x,Chest+Tri / Back+Bi / Shoulders / Legs,4,intermediate,3 of 4,lose,lose,2,shoulders,Shoulders,1,Cable lateral raise,Shoulders — Side Delt Isolation,shoulders_side_delt,Side deltoids,5,12–20,90 sec,cables
chest_back_shoulders_legs_4x,Chest+Tri / Back+Bi / Shoulders / Legs,4,intermediate,3 of 4,lose,lose,2,shoulders,Shoulders,2,Dumbbell lateral raise,Shoulders — Side Delt Isolation,shoulders_side_delt,Side deltoids,5,12–20,1–2 min,dumbbells
chest_back_shoulders_legs_4x,Chest+Tri / Back+Bi / Shoulders / Legs,4,intermediate,3 of 4,lose,lose,2,shoulders,Shoulders,3,Face pull (cable),Rear Delt and Upper Back,rear_delt,"Rear deltoids, External rotators, Upper traps",4,15–20,90 sec,cables
chest_back_shoulders_legs_4x,Chest+Tri / Back+Bi / Shoulders / Legs,4,intermediate,3 of 4,lose,lose,2,shoulders,Shoulders,4,Reverse pec deck,Rear Delt and Upper Back,rear_delt,"Rear deltoids, External rotators, Upper traps",4,15–20,1–2 min,machines
chest_back_shoulders_legs_4x,Chest+Tri / Back+Bi / Shoulders / Legs,4,intermediate,3 of 4,lose,lose,2,shoulders,Shoulders,5,Standing calf raise,Calves,calves,"Gastrocnemius, Soleus",5,10–15,90 sec,machines
chest_back_shoulders_legs_4x,Chest+Tri / Back+Bi / Shoulders / Legs,4,intermediate,3 of 4,lose,lose,2,shoulders,Shoulders,6,Seated calf raise,Calves,calves,"Gastrocnemius, Soleus",5,10–15,90 sec,machines
chest_back_shoulders_legs_4x,Chest+Tri / Back+Bi / Shoulders / Legs,4,intermediate,3 of 4,lose,lose,3,legs,Legs,0,Barbell back squat,Quads — Squat Pattern,squat_pattern,"Quads, Glutes, Hamstrings",4,6–10,2–3 min,barbell
chest_back_shoulders_legs_4x,Chest+Tri / Back+Bi / Shoulders / Legs,4,intermediate,3 of 4,lose,lose,3,legs,Legs,1,Romanian deadlift (barbell),Hamstrings and Glutes — Hip Hinge,hip_hinge,"Hamstrings, Glutes, Lower back",5,6–10,2–3 min,barbell
chest_back_shoulders_legs_4x,Chest+Tri / Back+Bi / Shoulders / Legs,4,intermediate,3 of 4,lose,lose,3,legs,Legs,2,45° leg press,Quads — Squat Pattern,squat_pattern,"Quads, Glutes, Hamstrings",4,6–10,2–3 min,machines
chest_back_shoulders_legs_4x,Chest+Tri / Back+Bi / Shoulders / Legs,4,intermediate,3 of 4,lose,lose,3,legs,Legs,3,Walking lunge (long stride),Glutes — Compound and Isolation,glute_focused,"Glutes, Glute medius, Adductors",4,10–15,90 sec,bodyweight+dumbbells
chest_back_shoulders_legs_4x,Chest+Tri / Back+Bi / Shoulders / Legs,4,intermediate,3 of 4,lose,lose,3,legs,Legs,4,Cable pull-through,Glutes — Compound and Isolation,glute_focused,"Glutes, Glute medius, Adductors",4,10–15,90 sec,cables
chest_back_shoulders_legs_4x,Chest+Tri / Back+Bi / Shoulders / Legs,4,intermediate,3 of 4,lose,lose,3,legs,Legs,5,Leg extensions,Quads — Isolation,quad_isolation,Quads,4,12–20,90 sec,machines
chest_back_shoulders_legs_4x,Chest+Tri / Back+Bi / Shoulders / Legs,4,intermediate,3 of 4,lose,lose,3,legs,Legs,6,Seated leg curl,Hamstrings — Isolation,hamstring_isolation,Hamstrings,5,12–15,90 sec,machines
chest_back_shoulders_legs_4x,Chest+Tri / Back+Bi / Shoulders / Legs,4,intermediate,4 of 4,endurance,endurance,0,chest_triceps,Chest + Triceps,0,Barbell bench press,Chest — Horizontal Push,chest_horizontal_push,"Chest, Shoulders, Triceps",3,12–20,60 sec,barbell
chest_back_shoulders_legs_4x,Chest+Tri / Back+Bi / Shoulders / Legs,4,intermediate,4 of 4,endurance,endurance,0,chest_triceps,Chest + Triceps,1,Incline barbell press,Chest — Incline Push (Upper Chest),chest_incline_push,"Upper chest, Shoulders, Triceps",3,12–20,60 sec,barbell
chest_back_shoulders_legs_4x,Chest+Tri / Back+Bi / Shoulders / Legs,4,intermediate,4 of 4,endurance,endurance,0,chest_triceps,Chest + Triceps,2,Cable crossover (lower chest),Chest — Decline / Lower Chest,chest_decline,"Lower chest, Mid chest, Triceps",3,15–25,30–45 sec,cables
chest_back_shoulders_legs_4x,Chest+Tri / Back+Bi / Shoulders / Legs,4,intermediate,4 of 4,endurance,endurance,0,chest_triceps,Chest + Triceps,3,Cable fly (seated or standing),Chest — Isolation (Fly / Stretch),chest_isolation,Chest,3,15–25,30–45 sec,cables
chest_back_shoulders_legs_4x,Chest+Tri / Back+Bi / Shoulders / Legs,4,intermediate,4 of 4,endurance,endurance,0,chest_triceps,Chest + Triceps,4,Overhead tricep extension,Triceps,triceps,Triceps,4,15–25,30–45 sec,cables
chest_back_shoulders_legs_4x,Chest+Tri / Back+Bi / Shoulders / Legs,4,intermediate,4 of 4,endurance,endurance,0,chest_triceps,Chest + Triceps,5,Cable tricep pushdown (rope or bar),Triceps,triceps,Triceps,4,15–25,30–45 sec,cables
chest_back_shoulders_legs_4x,Chest+Tri / Back+Bi / Shoulders / Legs,4,intermediate,4 of 4,endurance,endurance,0,chest_triceps,Chest + Triceps,6,Cable crunch,Core — Weighted Ab Training,core,"Rectus abdominis, Obliques",4,12–20,30–45 sec,cables
chest_back_shoulders_legs_4x,Chest+Tri / Back+Bi / Shoulders / Legs,4,intermediate,4 of 4,endurance,endurance,1,back_biceps,Back + Biceps,0,Pull-up (overhand),Back — Vertical Pull (Lat Width),back_vertical_pull,"Lats, Biceps, Rear delts",3,6–10,60 sec,pullup_bar
chest_back_shoulders_legs_4x,Chest+Tri / Back+Bi / Shoulders / Legs,4,intermediate,4 of 4,endurance,endurance,1,back_biceps,Back + Biceps,1,Barbell row,Back — Horizontal Pull (Back Thickness + Inner Back),back_horizontal_pull,"Lats, Rhomboids, Mid-traps, Rear delts, Biceps",3,12–20,60 sec,barbell
chest_back_shoulders_legs_4x,Chest+Tri / Back+Bi / Shoulders / Legs,4,intermediate,4 of 4,endurance,endurance,1,back_biceps,Back + Biceps,2,Cable row (wide grip / flared elbows),Back — Inner Back / Rhomboids,back_inner,"Rhomboids, Mid-traps, Rear delts",3,10–15,30–45 sec,cables
chest_back_shoulders_legs_4x,Chest+Tri / Back+Bi / Shoulders / Legs,4,intermediate,4 of 4,endurance,endurance,1,back_biceps,Back + Biceps,3,Cable lat pullover (rope or bar),Back — Isolation / Lat Stretch,back_isolation,Lats,3,15–25,30–45 sec,cables
chest_back_shoulders_legs_4x,Chest+Tri / Back+Bi / Shoulders / Legs,4,intermediate,4 of 4,endurance,endurance,1,back_biceps,Back + Biceps,4,Bayesian cable curl,Biceps,biceps,"Biceps, Brachialis",4,15–25,30–45 sec,cables
chest_back_shoulders_legs_4x,Chest+Tri / Back+Bi / Shoulders / Legs,4,intermediate,4 of 4,endurance,endurance,1,back_biceps,Back + Biceps,5,Preacher curl,Biceps,biceps,"Biceps, Brachialis",4,15–25,30–45 sec,barbell
chest_back_shoulders_legs_4x,Chest+Tri / Back+Bi / Shoulders / Legs,4,intermediate,4 of 4,endurance,endurance,1,back_biceps,Back + Biceps,6,Cable crunch,Core — Weighted Ab Training,core,"Rectus abdominis, Obliques",4,12–20,30–45 sec,cables
chest_back_shoulders_legs_4x,Chest+Tri / Back+Bi / Shoulders / Legs,4,intermediate,4 of 4,endurance,endurance,2,shoulders,Shoulders,0,Barbell overhead press,Shoulders — Vertical Push,shoulders_vertical_push,"Shoulders, Triceps, Upper chest",3,12–20,60 sec,barbell
chest_back_shoulders_legs_4x,Chest+Tri / Back+Bi / Shoulders / Legs,4,intermediate,4 of 4,endurance,endurance,2,shoulders,Shoulders,1,Cable lateral raise,Shoulders — Side Delt Isolation,shoulders_side_delt,Side deltoids,5,12–20,30–45 sec,cables
chest_back_shoulders_legs_4x,Chest+Tri / Back+Bi / Shoulders / Legs,4,intermediate,4 of 4,endurance,endurance,2,shoulders,Shoulders,2,Dumbbell lateral raise,Shoulders — Side Delt Isolation,shoulders_side_delt,Side deltoids,5,12–20,1–2 min,dumbbells
chest_back_shoulders_legs_4x,Chest+Tri / Back+Bi / Shoulders / Legs,4,intermediate,4 of 4,endurance,endurance,2,shoulders,Shoulders,3,Face pull (cable),Rear Delt and Upper Back,rear_delt,"Rear deltoids, External rotators, Upper traps",4,15–20,30–45 sec,cables
chest_back_shoulders_legs_4x,Chest+Tri / Back+Bi / Shoulders / Legs,4,intermediate,4 of 4,endurance,endurance,2,shoulders,Shoulders,4,Reverse pec deck,Rear Delt and Upper Back,rear_delt,"Rear deltoids, External rotators, Upper traps",4,15–20,1–2 min,machines
chest_back_shoulders_legs_4x,Chest+Tri / Back+Bi / Shoulders / Legs,4,intermediate,4 of 4,endurance,endurance,2,shoulders,Shoulders,5,Standing calf raise,Calves,calves,"Gastrocnemius, Soleus",5,10–15,30–45 sec,machines
chest_back_shoulders_legs_4x,Chest+Tri / Back+Bi / Shoulders / Legs,4,intermediate,4 of 4,endurance,endurance,2,shoulders,Shoulders,6,Seated calf raise,Calves,calves,"Gastrocnemius, Soleus",5,10–15,30–45 sec,machines
chest_back_shoulders_legs_4x,Chest+Tri / Back+Bi / Shoulders / Legs,4,intermediate,4 of 4,endurance,endurance,3,legs,Legs,0,Barbell back squat,Quads — Squat Pattern,squat_pattern,"Quads, Glutes, Hamstrings",4,12–20,60 sec,barbell
chest_back_shoulders_legs_4x,Chest+Tri / Back+Bi / Shoulders / Legs,4,intermediate,4 of 4,endurance,endurance,3,legs,Legs,1,Romanian deadlift (barbell),Hamstrings and Glutes — Hip Hinge,hip_hinge,"Hamstrings, Glutes, Lower back",5,12–20,60 sec,barbell
chest_back_shoulders_legs_4x,Chest+Tri / Back+Bi / Shoulders / Legs,4,intermediate,4 of 4,endurance,endurance,3,legs,Legs,2,45° leg press,Quads — Squat Pattern,squat_pattern,"Quads, Glutes, Hamstrings",4,12–20,60 sec,machines
chest_back_shoulders_legs_4x,Chest+Tri / Back+Bi / Shoulders / Legs,4,intermediate,4 of 4,endurance,endurance,3,legs,Legs,3,Walking lunge (long stride),Glutes — Compound and Isolation,glute_focused,"Glutes, Glute medius, Adductors",4,10–15,30–45 sec,bodyweight+dumbbells
chest_back_shoulders_legs_4x,Chest+Tri / Back+Bi / Shoulders / Legs,4,intermediate,4 of 4,endurance,endurance,3,legs,Legs,4,Cable pull-through,Glutes — Compound and Isolation,glute_focused,"Glutes, Glute medius, Adductors",4,10–15,30–45 sec,cables
chest_back_shoulders_legs_4x,Chest+Tri / Back+Bi / Shoulders / Legs,4,intermediate,4 of 4,endurance,endurance,3,legs,Legs,5,Leg extensions,Quads — Isolation,quad_isolation,Quads,4,12–20,30–45 sec,machines
chest_back_shoulders_legs_4x,Chest+Tri / Back+Bi / Shoulders / Legs,4,intermediate,4 of 4,endurance,endurance,3,legs,Legs,6,Seated leg curl,Hamstrings — Isolation,hamstring_isolation,Hamstrings,5,15–25,30–45 sec,machines
chest_back_shoulders_legs_4x,Chest+Tri / Back+Bi / Shoulders / Legs,4,advanced,1 of 4,muscle,muscle | maintain | default | recomp | cut_strength | cut_endurance | powerbuilding | hybrid_muscle | hybrid_strength | powerbuilding_cut | athletic_recomp | athletic_cut | athletic_bulk,0,chest_triceps,Chest + Triceps,0,Barbell bench press,Chest — Horizontal Push,chest_horizontal_push,"Chest, Shoulders, Triceps",4,10–15,90 sec,barbell
chest_back_shoulders_legs_4x,Chest+Tri / Back+Bi / Shoulders / Legs,4,advanced,1 of 4,muscle,muscle | maintain | default | recomp | cut_strength | cut_endurance | powerbuilding | hybrid_muscle | hybrid_strength | powerbuilding_cut | athletic_recomp | athletic_cut | athletic_bulk,0,chest_triceps,Chest + Triceps,1,Incline barbell press,Chest — Incline Push (Upper Chest),chest_incline_push,"Upper chest, Shoulders, Triceps",4,10–15,90 sec,barbell
chest_back_shoulders_legs_4x,Chest+Tri / Back+Bi / Shoulders / Legs,4,advanced,1 of 4,muscle,muscle | maintain | default | recomp | cut_strength | cut_endurance | powerbuilding | hybrid_muscle | hybrid_strength | powerbuilding_cut | athletic_recomp | athletic_cut | athletic_bulk,0,chest_triceps,Chest + Triceps,2,Cable crossover (lower chest),Chest — Decline / Lower Chest,chest_decline,"Lower chest, Mid chest, Triceps",3,12–15,60 sec,cables
chest_back_shoulders_legs_4x,Chest+Tri / Back+Bi / Shoulders / Legs,4,advanced,1 of 4,muscle,muscle | maintain | default | recomp | cut_strength | cut_endurance | powerbuilding | hybrid_muscle | hybrid_strength | powerbuilding_cut | athletic_recomp | athletic_cut | athletic_bulk,0,chest_triceps,Chest + Triceps,3,Cable fly (seated or standing),Chest — Isolation (Fly / Stretch),chest_isolation,Chest,3,12–15,60 sec,cables
chest_back_shoulders_legs_4x,Chest+Tri / Back+Bi / Shoulders / Legs,4,advanced,1 of 4,muscle,muscle | maintain | default | recomp | cut_strength | cut_endurance | powerbuilding | hybrid_muscle | hybrid_strength | powerbuilding_cut | athletic_recomp | athletic_cut | athletic_bulk,0,chest_triceps,Chest + Triceps,4,Overhead tricep extension,Triceps,triceps,Triceps,5,12–15,60 sec,cables
chest_back_shoulders_legs_4x,Chest+Tri / Back+Bi / Shoulders / Legs,4,advanced,1 of 4,muscle,muscle | maintain | default | recomp | cut_strength | cut_endurance | powerbuilding | hybrid_muscle | hybrid_strength | powerbuilding_cut | athletic_recomp | athletic_cut | athletic_bulk,0,chest_triceps,Chest + Triceps,5,Cable tricep pushdown (rope or bar),Triceps,triceps,Triceps,5,12–15,60 sec,cables
chest_back_shoulders_legs_4x,Chest+Tri / Back+Bi / Shoulders / Legs,4,advanced,1 of 4,muscle,muscle | maintain | default | recomp | cut_strength | cut_endurance | powerbuilding | hybrid_muscle | hybrid_strength | powerbuilding_cut | athletic_recomp | athletic_cut | athletic_bulk,0,chest_triceps,Chest + Triceps,6,Cable crunch,Core — Weighted Ab Training,core,"Rectus abdominis, Obliques",4,12–20,60 sec,cables
chest_back_shoulders_legs_4x,Chest+Tri / Back+Bi / Shoulders / Legs,4,advanced,1 of 4,muscle,muscle | maintain | default | recomp | cut_strength | cut_endurance | powerbuilding | hybrid_muscle | hybrid_strength | powerbuilding_cut | athletic_recomp | athletic_cut | athletic_bulk,1,back_biceps,Back + Biceps,0,Pull-up (overhand),Back — Vertical Pull (Lat Width),back_vertical_pull,"Lats, Biceps, Rear delts",4,6–10,90 sec,pullup_bar
chest_back_shoulders_legs_4x,Chest+Tri / Back+Bi / Shoulders / Legs,4,advanced,1 of 4,muscle,muscle | maintain | default | recomp | cut_strength | cut_endurance | powerbuilding | hybrid_muscle | hybrid_strength | powerbuilding_cut | athletic_recomp | athletic_cut | athletic_bulk,1,back_biceps,Back + Biceps,1,Barbell row,Back — Horizontal Pull (Back Thickness + Inner Back),back_horizontal_pull,"Lats, Rhomboids, Mid-traps, Rear delts, Biceps",4,10–15,90 sec,barbell
chest_back_shoulders_legs_4x,Chest+Tri / Back+Bi / Shoulders / Legs,4,advanced,1 of 4,muscle,muscle | maintain | default | recomp | cut_strength | cut_endurance | powerbuilding | hybrid_muscle | hybrid_strength | powerbuilding_cut | athletic_recomp | athletic_cut | athletic_bulk,1,back_biceps,Back + Biceps,2,Cable row (wide grip / flared elbows),Back — Inner Back / Rhomboids,back_inner,"Rhomboids, Mid-traps, Rear delts",4,10–15,60 sec,cables
chest_back_shoulders_legs_4x,Chest+Tri / Back+Bi / Shoulders / Legs,4,advanced,1 of 4,muscle,muscle | maintain | default | recomp | cut_strength | cut_endurance | powerbuilding | hybrid_muscle | hybrid_strength | powerbuilding_cut | athletic_recomp | athletic_cut | athletic_bulk,1,back_biceps,Back + Biceps,3,Cable lat pullover (rope or bar),Back — Isolation / Lat Stretch,back_isolation,Lats,4,12–15,60 sec,cables
chest_back_shoulders_legs_4x,Chest+Tri / Back+Bi / Shoulders / Legs,4,advanced,1 of 4,muscle,muscle | maintain | default | recomp | cut_strength | cut_endurance | powerbuilding | hybrid_muscle | hybrid_strength | powerbuilding_cut | athletic_recomp | athletic_cut | athletic_bulk,1,back_biceps,Back + Biceps,4,Bayesian cable curl,Biceps,biceps,"Biceps, Brachialis",4,12–15,60 sec,cables
chest_back_shoulders_legs_4x,Chest+Tri / Back+Bi / Shoulders / Legs,4,advanced,1 of 4,muscle,muscle | maintain | default | recomp | cut_strength | cut_endurance | powerbuilding | hybrid_muscle | hybrid_strength | powerbuilding_cut | athletic_recomp | athletic_cut | athletic_bulk,1,back_biceps,Back + Biceps,5,Preacher curl,Biceps,biceps,"Biceps, Brachialis",4,12–15,60 sec,barbell
chest_back_shoulders_legs_4x,Chest+Tri / Back+Bi / Shoulders / Legs,4,advanced,1 of 4,muscle,muscle | maintain | default | recomp | cut_strength | cut_endurance | powerbuilding | hybrid_muscle | hybrid_strength | powerbuilding_cut | athletic_recomp | athletic_cut | athletic_bulk,1,back_biceps,Back + Biceps,6,Cable crunch,Core — Weighted Ab Training,core,"Rectus abdominis, Obliques",4,12–20,60 sec,cables
chest_back_shoulders_legs_4x,Chest+Tri / Back+Bi / Shoulders / Legs,4,advanced,1 of 4,muscle,muscle | maintain | default | recomp | cut_strength | cut_endurance | powerbuilding | hybrid_muscle | hybrid_strength | powerbuilding_cut | athletic_recomp | athletic_cut | athletic_bulk,2,shoulders,Shoulders,0,Barbell overhead press,Shoulders — Vertical Push,shoulders_vertical_push,"Shoulders, Triceps, Upper chest",3,10–15,90 sec,barbell
chest_back_shoulders_legs_4x,Chest+Tri / Back+Bi / Shoulders / Legs,4,advanced,1 of 4,muscle,muscle | maintain | default | recomp | cut_strength | cut_endurance | powerbuilding | hybrid_muscle | hybrid_strength | powerbuilding_cut | athletic_recomp | athletic_cut | athletic_bulk,2,shoulders,Shoulders,1,Cable lateral raise,Shoulders — Side Delt Isolation,shoulders_side_delt,Side deltoids,6,12–20,60 sec,cables
chest_back_shoulders_legs_4x,Chest+Tri / Back+Bi / Shoulders / Legs,4,advanced,1 of 4,muscle,muscle | maintain | default | recomp | cut_strength | cut_endurance | powerbuilding | hybrid_muscle | hybrid_strength | powerbuilding_cut | athletic_recomp | athletic_cut | athletic_bulk,2,shoulders,Shoulders,2,Dumbbell lateral raise,Shoulders — Side Delt Isolation,shoulders_side_delt,Side deltoids,6,12–20,1–2 min,dumbbells
chest_back_shoulders_legs_4x,Chest+Tri / Back+Bi / Shoulders / Legs,4,advanced,1 of 4,muscle,muscle | maintain | default | recomp | cut_strength | cut_endurance | powerbuilding | hybrid_muscle | hybrid_strength | powerbuilding_cut | athletic_recomp | athletic_cut | athletic_bulk,2,shoulders,Shoulders,3,Face pull (cable),Rear Delt and Upper Back,rear_delt,"Rear deltoids, External rotators, Upper traps",5,15–20,60 sec,cables
chest_back_shoulders_legs_4x,Chest+Tri / Back+Bi / Shoulders / Legs,4,advanced,1 of 4,muscle,muscle | maintain | default | recomp | cut_strength | cut_endurance | powerbuilding | hybrid_muscle | hybrid_strength | powerbuilding_cut | athletic_recomp | athletic_cut | athletic_bulk,2,shoulders,Shoulders,4,Reverse pec deck,Rear Delt and Upper Back,rear_delt,"Rear deltoids, External rotators, Upper traps",5,15–20,1–2 min,machines
chest_back_shoulders_legs_4x,Chest+Tri / Back+Bi / Shoulders / Legs,4,advanced,1 of 4,muscle,muscle | maintain | default | recomp | cut_strength | cut_endurance | powerbuilding | hybrid_muscle | hybrid_strength | powerbuilding_cut | athletic_recomp | athletic_cut | athletic_bulk,2,shoulders,Shoulders,5,Standing calf raise,Calves,calves,"Gastrocnemius, Soleus",5,10–15,60 sec,machines
chest_back_shoulders_legs_4x,Chest+Tri / Back+Bi / Shoulders / Legs,4,advanced,1 of 4,muscle,muscle | maintain | default | recomp | cut_strength | cut_endurance | powerbuilding | hybrid_muscle | hybrid_strength | powerbuilding_cut | athletic_recomp | athletic_cut | athletic_bulk,2,shoulders,Shoulders,6,Seated calf raise,Calves,calves,"Gastrocnemius, Soleus",5,10–15,60 sec,machines
chest_back_shoulders_legs_4x,Chest+Tri / Back+Bi / Shoulders / Legs,4,advanced,1 of 4,muscle,muscle | maintain | default | recomp | cut_strength | cut_endurance | powerbuilding | hybrid_muscle | hybrid_strength | powerbuilding_cut | athletic_recomp | athletic_cut | athletic_bulk,3,legs,Legs,0,Barbell back squat,Quads — Squat Pattern,squat_pattern,"Quads, Glutes, Hamstrings",5,10–15,90 sec,barbell
chest_back_shoulders_legs_4x,Chest+Tri / Back+Bi / Shoulders / Legs,4,advanced,1 of 4,muscle,muscle | maintain | default | recomp | cut_strength | cut_endurance | powerbuilding | hybrid_muscle | hybrid_strength | powerbuilding_cut | athletic_recomp | athletic_cut | athletic_bulk,3,legs,Legs,1,Romanian deadlift (barbell),Hamstrings and Glutes — Hip Hinge,hip_hinge,"Hamstrings, Glutes, Lower back",5,10–15,90 sec,barbell
chest_back_shoulders_legs_4x,Chest+Tri / Back+Bi / Shoulders / Legs,4,advanced,1 of 4,muscle,muscle | maintain | default | recomp | cut_strength | cut_endurance | powerbuilding | hybrid_muscle | hybrid_strength | powerbuilding_cut | athletic_recomp | athletic_cut | athletic_bulk,3,legs,Legs,2,45° leg press,Quads — Squat Pattern,squat_pattern,"Quads, Glutes, Hamstrings",5,10–15,90 sec,machines
chest_back_shoulders_legs_4x,Chest+Tri / Back+Bi / Shoulders / Legs,4,advanced,1 of 4,muscle,muscle | maintain | default | recomp | cut_strength | cut_endurance | powerbuilding | hybrid_muscle | hybrid_strength | powerbuilding_cut | athletic_recomp | athletic_cut | athletic_bulk,3,legs,Legs,3,Walking lunge (long stride),Glutes — Compound and Isolation,glute_focused,"Glutes, Glute medius, Adductors",6,10–15,60 sec,bodyweight+dumbbells
chest_back_shoulders_legs_4x,Chest+Tri / Back+Bi / Shoulders / Legs,4,advanced,1 of 4,muscle,muscle | maintain | default | recomp | cut_strength | cut_endurance | powerbuilding | hybrid_muscle | hybrid_strength | powerbuilding_cut | athletic_recomp | athletic_cut | athletic_bulk,3,legs,Legs,4,Cable pull-through,Glutes — Compound and Isolation,glute_focused,"Glutes, Glute medius, Adductors",6,10–15,60 sec,cables
chest_back_shoulders_legs_4x,Chest+Tri / Back+Bi / Shoulders / Legs,4,advanced,1 of 4,muscle,muscle | maintain | default | recomp | cut_strength | cut_endurance | powerbuilding | hybrid_muscle | hybrid_strength | powerbuilding_cut | athletic_recomp | athletic_cut | athletic_bulk,3,legs,Legs,5,Leg extensions,Quads — Isolation,quad_isolation,Quads,4,12–20,60 sec,machines
chest_back_shoulders_legs_4x,Chest+Tri / Back+Bi / Shoulders / Legs,4,advanced,1 of 4,muscle,muscle | maintain | default | recomp | cut_strength | cut_endurance | powerbuilding | hybrid_muscle | hybrid_strength | powerbuilding_cut | athletic_recomp | athletic_cut | athletic_bulk,3,legs,Legs,6,Seated leg curl,Hamstrings — Isolation,hamstring_isolation,Hamstrings,5,12–15,60 sec,machines
chest_back_shoulders_legs_4x,Chest+Tri / Back+Bi / Shoulders / Legs,4,advanced,2 of 4,strength,strength,0,chest_triceps,Chest + Triceps,0,Barbell bench press,Chest — Horizontal Push,chest_horizontal_push,"Chest, Shoulders, Triceps",5,3–6,3–5 min,barbell
chest_back_shoulders_legs_4x,Chest+Tri / Back+Bi / Shoulders / Legs,4,advanced,2 of 4,strength,strength,0,chest_triceps,Chest + Triceps,1,Incline barbell press,Chest — Incline Push (Upper Chest),chest_incline_push,"Upper chest, Shoulders, Triceps",4,3–6,3–5 min,barbell
chest_back_shoulders_legs_4x,Chest+Tri / Back+Bi / Shoulders / Legs,4,advanced,2 of 4,strength,strength,0,chest_triceps,Chest + Triceps,2,Cable crossover (lower chest),Chest — Decline / Lower Chest,chest_decline,"Lower chest, Mid chest, Triceps",3,8–12,2 min,cables
chest_back_shoulders_legs_4x,Chest+Tri / Back+Bi / Shoulders / Legs,4,advanced,2 of 4,strength,strength,0,chest_triceps,Chest + Triceps,3,Cable fly (seated or standing),Chest — Isolation (Fly / Stretch),chest_isolation,Chest,2,8–12,2 min,cables
chest_back_shoulders_legs_4x,Chest+Tri / Back+Bi / Shoulders / Legs,4,advanced,2 of 4,strength,strength,0,chest_triceps,Chest + Triceps,4,Overhead tricep extension,Triceps,triceps,Triceps,5,8–12,2 min,cables
chest_back_shoulders_legs_4x,Chest+Tri / Back+Bi / Shoulders / Legs,4,advanced,2 of 4,strength,strength,0,chest_triceps,Chest + Triceps,5,Cable tricep pushdown (rope or bar),Triceps,triceps,Triceps,5,8–12,2 min,cables
chest_back_shoulders_legs_4x,Chest+Tri / Back+Bi / Shoulders / Legs,4,advanced,2 of 4,strength,strength,0,chest_triceps,Chest + Triceps,6,Cable crunch,Core — Weighted Ab Training,core,"Rectus abdominis, Obliques",4,12–20,2 min,cables
chest_back_shoulders_legs_4x,Chest+Tri / Back+Bi / Shoulders / Legs,4,advanced,2 of 4,strength,strength,1,back_biceps,Back + Biceps,0,Pull-up (overhand),Back — Vertical Pull (Lat Width),back_vertical_pull,"Lats, Biceps, Rear delts",5,6–10,3–5 min,pullup_bar
chest_back_shoulders_legs_4x,Chest+Tri / Back+Bi / Shoulders / Legs,4,advanced,2 of 4,strength,strength,1,back_biceps,Back + Biceps,1,Barbell row,Back — Horizontal Pull (Back Thickness + Inner Back),back_horizontal_pull,"Lats, Rhomboids, Mid-traps, Rear delts, Biceps",5,3–6,3–5 min,barbell
chest_back_shoulders_legs_4x,Chest+Tri / Back+Bi / Shoulders / Legs,4,advanced,2 of 4,strength,strength,1,back_biceps,Back + Biceps,2,Cable row (wide grip / flared elbows),Back — Inner Back / Rhomboids,back_inner,"Rhomboids, Mid-traps, Rear delts",2,10–15,2 min,cables
chest_back_shoulders_legs_4x,Chest+Tri / Back+Bi / Shoulders / Legs,4,advanced,2 of 4,strength,strength,1,back_biceps,Back + Biceps,3,Cable lat pullover (rope or bar),Back — Isolation / Lat Stretch,back_isolation,Lats,4,8–12,2 min,cables
chest_back_shoulders_legs_4x,Chest+Tri / Back+Bi / Shoulders / Legs,4,advanced,2 of 4,strength,strength,1,back_biceps,Back + Biceps,4,Bayesian cable curl,Biceps,biceps,"Biceps, Brachialis",4,8–12,2 min,cables
chest_back_shoulders_legs_4x,Chest+Tri / Back+Bi / Shoulders / Legs,4,advanced,2 of 4,strength,strength,1,back_biceps,Back + Biceps,5,Preacher curl,Biceps,biceps,"Biceps, Brachialis",4,8–12,2 min,barbell
chest_back_shoulders_legs_4x,Chest+Tri / Back+Bi / Shoulders / Legs,4,advanced,2 of 4,strength,strength,1,back_biceps,Back + Biceps,6,Cable crunch,Core — Weighted Ab Training,core,"Rectus abdominis, Obliques",4,12–20,2 min,cables
chest_back_shoulders_legs_4x,Chest+Tri / Back+Bi / Shoulders / Legs,4,advanced,2 of 4,strength,strength,2,shoulders,Shoulders,0,Barbell overhead press,Shoulders — Vertical Push,shoulders_vertical_push,"Shoulders, Triceps, Upper chest",3,3–6,3–5 min,barbell
chest_back_shoulders_legs_4x,Chest+Tri / Back+Bi / Shoulders / Legs,4,advanced,2 of 4,strength,strength,2,shoulders,Shoulders,1,Cable lateral raise,Shoulders — Side Delt Isolation,shoulders_side_delt,Side deltoids,6,12–20,2 min,cables
chest_back_shoulders_legs_4x,Chest+Tri / Back+Bi / Shoulders / Legs,4,advanced,2 of 4,strength,strength,2,shoulders,Shoulders,2,Dumbbell lateral raise,Shoulders — Side Delt Isolation,shoulders_side_delt,Side deltoids,6,12–20,1–2 min,dumbbells
chest_back_shoulders_legs_4x,Chest+Tri / Back+Bi / Shoulders / Legs,4,advanced,2 of 4,strength,strength,2,shoulders,Shoulders,3,Face pull (cable),Rear Delt and Upper Back,rear_delt,"Rear deltoids, External rotators, Upper traps",5,15–20,2 min,cables
chest_back_shoulders_legs_4x,Chest+Tri / Back+Bi / Shoulders / Legs,4,advanced,2 of 4,strength,strength,2,shoulders,Shoulders,4,Reverse pec deck,Rear Delt and Upper Back,rear_delt,"Rear deltoids, External rotators, Upper traps",5,15–20,1–2 min,machines
chest_back_shoulders_legs_4x,Chest+Tri / Back+Bi / Shoulders / Legs,4,advanced,2 of 4,strength,strength,2,shoulders,Shoulders,5,Standing calf raise,Calves,calves,"Gastrocnemius, Soleus",5,10–15,2 min,machines
chest_back_shoulders_legs_4x,Chest+Tri / Back+Bi / Shoulders / Legs,4,advanced,2 of 4,strength,strength,2,shoulders,Shoulders,6,Seated calf raise,Calves,calves,"Gastrocnemius, Soleus",5,10–15,2 min,machines
chest_back_shoulders_legs_4x,Chest+Tri / Back+Bi / Shoulders / Legs,4,advanced,2 of 4,strength,strength,3,legs,Legs,0,Barbell back squat,Quads — Squat Pattern,squat_pattern,"Quads, Glutes, Hamstrings",6,3–6,3–5 min,barbell
chest_back_shoulders_legs_4x,Chest+Tri / Back+Bi / Shoulders / Legs,4,advanced,2 of 4,strength,strength,3,legs,Legs,1,Romanian deadlift (barbell),Hamstrings and Glutes — Hip Hinge,hip_hinge,"Hamstrings, Glutes, Lower back",6,3–6,3–5 min,barbell
chest_back_shoulders_legs_4x,Chest+Tri / Back+Bi / Shoulders / Legs,4,advanced,2 of 4,strength,strength,3,legs,Legs,2,45° leg press,Quads — Squat Pattern,squat_pattern,"Quads, Glutes, Hamstrings",6,3–6,3–5 min,machines
chest_back_shoulders_legs_4x,Chest+Tri / Back+Bi / Shoulders / Legs,4,advanced,2 of 4,strength,strength,3,legs,Legs,3,Walking lunge (long stride),Glutes — Compound and Isolation,glute_focused,"Glutes, Glute medius, Adductors",6,10–15,2 min,bodyweight+dumbbells
chest_back_shoulders_legs_4x,Chest+Tri / Back+Bi / Shoulders / Legs,4,advanced,2 of 4,strength,strength,3,legs,Legs,4,Cable pull-through,Glutes — Compound and Isolation,glute_focused,"Glutes, Glute medius, Adductors",6,10–15,2 min,cables
chest_back_shoulders_legs_4x,Chest+Tri / Back+Bi / Shoulders / Legs,4,advanced,2 of 4,strength,strength,3,legs,Legs,5,Leg extensions,Quads — Isolation,quad_isolation,Quads,2,12–20,2 min,machines
chest_back_shoulders_legs_4x,Chest+Tri / Back+Bi / Shoulders / Legs,4,advanced,2 of 4,strength,strength,3,legs,Legs,6,Seated leg curl,Hamstrings — Isolation,hamstring_isolation,Hamstrings,4,8–12,2 min,machines
chest_back_shoulders_legs_4x,Chest+Tri / Back+Bi / Shoulders / Legs,4,advanced,3 of 4,lose,lose,0,chest_triceps,Chest + Triceps,0,Barbell bench press,Chest — Horizontal Push,chest_horizontal_push,"Chest, Shoulders, Triceps",4,6–10,2–3 min,barbell
chest_back_shoulders_legs_4x,Chest+Tri / Back+Bi / Shoulders / Legs,4,advanced,3 of 4,lose,lose,0,chest_triceps,Chest + Triceps,1,Incline barbell press,Chest — Incline Push (Upper Chest),chest_incline_push,"Upper chest, Shoulders, Triceps",4,6–10,2–3 min,barbell
chest_back_shoulders_legs_4x,Chest+Tri / Back+Bi / Shoulders / Legs,4,advanced,3 of 4,lose,lose,0,chest_triceps,Chest + Triceps,2,Cable crossover (lower chest),Chest — Decline / Lower Chest,chest_decline,"Lower chest, Mid chest, Triceps",3,12–15,90 sec,cables
chest_back_shoulders_legs_4x,Chest+Tri / Back+Bi / Shoulders / Legs,4,advanced,3 of 4,lose,lose,0,chest_triceps,Chest + Triceps,3,Cable fly (seated or standing),Chest — Isolation (Fly / Stretch),chest_isolation,Chest,3,12–15,90 sec,cables
chest_back_shoulders_legs_4x,Chest+Tri / Back+Bi / Shoulders / Legs,4,advanced,3 of 4,lose,lose,0,chest_triceps,Chest + Triceps,4,Overhead tricep extension,Triceps,triceps,Triceps,5,12–15,90 sec,cables
chest_back_shoulders_legs_4x,Chest+Tri / Back+Bi / Shoulders / Legs,4,advanced,3 of 4,lose,lose,0,chest_triceps,Chest + Triceps,5,Cable tricep pushdown (rope or bar),Triceps,triceps,Triceps,5,12–15,90 sec,cables
chest_back_shoulders_legs_4x,Chest+Tri / Back+Bi / Shoulders / Legs,4,advanced,3 of 4,lose,lose,0,chest_triceps,Chest + Triceps,6,Cable crunch,Core — Weighted Ab Training,core,"Rectus abdominis, Obliques",4,12–20,90 sec,cables
chest_back_shoulders_legs_4x,Chest+Tri / Back+Bi / Shoulders / Legs,4,advanced,3 of 4,lose,lose,1,back_biceps,Back + Biceps,0,Pull-up (overhand),Back — Vertical Pull (Lat Width),back_vertical_pull,"Lats, Biceps, Rear delts",4,6–10,2–3 min,pullup_bar
chest_back_shoulders_legs_4x,Chest+Tri / Back+Bi / Shoulders / Legs,4,advanced,3 of 4,lose,lose,1,back_biceps,Back + Biceps,1,Barbell row,Back — Horizontal Pull (Back Thickness + Inner Back),back_horizontal_pull,"Lats, Rhomboids, Mid-traps, Rear delts, Biceps",4,6–10,2–3 min,barbell
chest_back_shoulders_legs_4x,Chest+Tri / Back+Bi / Shoulders / Legs,4,advanced,3 of 4,lose,lose,1,back_biceps,Back + Biceps,2,Cable row (wide grip / flared elbows),Back — Inner Back / Rhomboids,back_inner,"Rhomboids, Mid-traps, Rear delts",4,10–15,90 sec,cables
chest_back_shoulders_legs_4x,Chest+Tri / Back+Bi / Shoulders / Legs,4,advanced,3 of 4,lose,lose,1,back_biceps,Back + Biceps,3,Cable lat pullover (rope or bar),Back — Isolation / Lat Stretch,back_isolation,Lats,4,12–15,90 sec,cables
chest_back_shoulders_legs_4x,Chest+Tri / Back+Bi / Shoulders / Legs,4,advanced,3 of 4,lose,lose,1,back_biceps,Back + Biceps,4,Bayesian cable curl,Biceps,biceps,"Biceps, Brachialis",4,12–15,90 sec,cables
chest_back_shoulders_legs_4x,Chest+Tri / Back+Bi / Shoulders / Legs,4,advanced,3 of 4,lose,lose,1,back_biceps,Back + Biceps,5,Preacher curl,Biceps,biceps,"Biceps, Brachialis",4,12–15,90 sec,barbell
chest_back_shoulders_legs_4x,Chest+Tri / Back+Bi / Shoulders / Legs,4,advanced,3 of 4,lose,lose,1,back_biceps,Back + Biceps,6,Cable crunch,Core — Weighted Ab Training,core,"Rectus abdominis, Obliques",4,12–20,90 sec,cables
chest_back_shoulders_legs_4x,Chest+Tri / Back+Bi / Shoulders / Legs,4,advanced,3 of 4,lose,lose,2,shoulders,Shoulders,0,Barbell overhead press,Shoulders — Vertical Push,shoulders_vertical_push,"Shoulders, Triceps, Upper chest",3,6–10,2–3 min,barbell
chest_back_shoulders_legs_4x,Chest+Tri / Back+Bi / Shoulders / Legs,4,advanced,3 of 4,lose,lose,2,shoulders,Shoulders,1,Cable lateral raise,Shoulders — Side Delt Isolation,shoulders_side_delt,Side deltoids,6,12–20,90 sec,cables
chest_back_shoulders_legs_4x,Chest+Tri / Back+Bi / Shoulders / Legs,4,advanced,3 of 4,lose,lose,2,shoulders,Shoulders,2,Dumbbell lateral raise,Shoulders — Side Delt Isolation,shoulders_side_delt,Side deltoids,6,12–20,1–2 min,dumbbells
chest_back_shoulders_legs_4x,Chest+Tri / Back+Bi / Shoulders / Legs,4,advanced,3 of 4,lose,lose,2,shoulders,Shoulders,3,Face pull (cable),Rear Delt and Upper Back,rear_delt,"Rear deltoids, External rotators, Upper traps",5,15–20,90 sec,cables
chest_back_shoulders_legs_4x,Chest+Tri / Back+Bi / Shoulders / Legs,4,advanced,3 of 4,lose,lose,2,shoulders,Shoulders,4,Reverse pec deck,Rear Delt and Upper Back,rear_delt,"Rear deltoids, External rotators, Upper traps",5,15–20,1–2 min,machines
chest_back_shoulders_legs_4x,Chest+Tri / Back+Bi / Shoulders / Legs,4,advanced,3 of 4,lose,lose,2,shoulders,Shoulders,5,Standing calf raise,Calves,calves,"Gastrocnemius, Soleus",5,10–15,90 sec,machines
chest_back_shoulders_legs_4x,Chest+Tri / Back+Bi / Shoulders / Legs,4,advanced,3 of 4,lose,lose,2,shoulders,Shoulders,6,Seated calf raise,Calves,calves,"Gastrocnemius, Soleus",5,10–15,90 sec,machines
chest_back_shoulders_legs_4x,Chest+Tri / Back+Bi / Shoulders / Legs,4,advanced,3 of 4,lose,lose,3,legs,Legs,0,Barbell back squat,Quads — Squat Pattern,squat_pattern,"Quads, Glutes, Hamstrings",5,6–10,2–3 min,barbell
chest_back_shoulders_legs_4x,Chest+Tri / Back+Bi / Shoulders / Legs,4,advanced,3 of 4,lose,lose,3,legs,Legs,1,Romanian deadlift (barbell),Hamstrings and Glutes — Hip Hinge,hip_hinge,"Hamstrings, Glutes, Lower back",5,6–10,2–3 min,barbell
chest_back_shoulders_legs_4x,Chest+Tri / Back+Bi / Shoulders / Legs,4,advanced,3 of 4,lose,lose,3,legs,Legs,2,45° leg press,Quads — Squat Pattern,squat_pattern,"Quads, Glutes, Hamstrings",5,6–10,2–3 min,machines
chest_back_shoulders_legs_4x,Chest+Tri / Back+Bi / Shoulders / Legs,4,advanced,3 of 4,lose,lose,3,legs,Legs,3,Walking lunge (long stride),Glutes — Compound and Isolation,glute_focused,"Glutes, Glute medius, Adductors",6,10–15,90 sec,bodyweight+dumbbells
chest_back_shoulders_legs_4x,Chest+Tri / Back+Bi / Shoulders / Legs,4,advanced,3 of 4,lose,lose,3,legs,Legs,4,Cable pull-through,Glutes — Compound and Isolation,glute_focused,"Glutes, Glute medius, Adductors",6,10–15,90 sec,cables
chest_back_shoulders_legs_4x,Chest+Tri / Back+Bi / Shoulders / Legs,4,advanced,3 of 4,lose,lose,3,legs,Legs,5,Leg extensions,Quads — Isolation,quad_isolation,Quads,4,12–20,90 sec,machines
chest_back_shoulders_legs_4x,Chest+Tri / Back+Bi / Shoulders / Legs,4,advanced,3 of 4,lose,lose,3,legs,Legs,6,Seated leg curl,Hamstrings — Isolation,hamstring_isolation,Hamstrings,5,12–15,90 sec,machines
chest_back_shoulders_legs_4x,Chest+Tri / Back+Bi / Shoulders / Legs,4,advanced,4 of 4,endurance,endurance,0,chest_triceps,Chest + Triceps,0,Barbell bench press,Chest — Horizontal Push,chest_horizontal_push,"Chest, Shoulders, Triceps",4,12–20,60 sec,barbell
chest_back_shoulders_legs_4x,Chest+Tri / Back+Bi / Shoulders / Legs,4,advanced,4 of 4,endurance,endurance,0,chest_triceps,Chest + Triceps,1,Incline barbell press,Chest — Incline Push (Upper Chest),chest_incline_push,"Upper chest, Shoulders, Triceps",4,12–20,60 sec,barbell
chest_back_shoulders_legs_4x,Chest+Tri / Back+Bi / Shoulders / Legs,4,advanced,4 of 4,endurance,endurance,0,chest_triceps,Chest + Triceps,2,Cable crossover (lower chest),Chest — Decline / Lower Chest,chest_decline,"Lower chest, Mid chest, Triceps",3,15–25,30–45 sec,cables
chest_back_shoulders_legs_4x,Chest+Tri / Back+Bi / Shoulders / Legs,4,advanced,4 of 4,endurance,endurance,0,chest_triceps,Chest + Triceps,3,Cable fly (seated or standing),Chest — Isolation (Fly / Stretch),chest_isolation,Chest,3,15–25,30–45 sec,cables
chest_back_shoulders_legs_4x,Chest+Tri / Back+Bi / Shoulders / Legs,4,advanced,4 of 4,endurance,endurance,0,chest_triceps,Chest + Triceps,4,Overhead tricep extension,Triceps,triceps,Triceps,5,15–25,30–45 sec,cables
chest_back_shoulders_legs_4x,Chest+Tri / Back+Bi / Shoulders / Legs,4,advanced,4 of 4,endurance,endurance,0,chest_triceps,Chest + Triceps,5,Cable tricep pushdown (rope or bar),Triceps,triceps,Triceps,5,15–25,30–45 sec,cables
chest_back_shoulders_legs_4x,Chest+Tri / Back+Bi / Shoulders / Legs,4,advanced,4 of 4,endurance,endurance,0,chest_triceps,Chest + Triceps,6,Cable crunch,Core — Weighted Ab Training,core,"Rectus abdominis, Obliques",4,12–20,30–45 sec,cables
chest_back_shoulders_legs_4x,Chest+Tri / Back+Bi / Shoulders / Legs,4,advanced,4 of 4,endurance,endurance,1,back_biceps,Back + Biceps,0,Pull-up (overhand),Back — Vertical Pull (Lat Width),back_vertical_pull,"Lats, Biceps, Rear delts",4,6–10,60 sec,pullup_bar
chest_back_shoulders_legs_4x,Chest+Tri / Back+Bi / Shoulders / Legs,4,advanced,4 of 4,endurance,endurance,1,back_biceps,Back + Biceps,1,Barbell row,Back — Horizontal Pull (Back Thickness + Inner Back),back_horizontal_pull,"Lats, Rhomboids, Mid-traps, Rear delts, Biceps",4,12–20,60 sec,barbell
chest_back_shoulders_legs_4x,Chest+Tri / Back+Bi / Shoulders / Legs,4,advanced,4 of 4,endurance,endurance,1,back_biceps,Back + Biceps,2,Cable row (wide grip / flared elbows),Back — Inner Back / Rhomboids,back_inner,"Rhomboids, Mid-traps, Rear delts",4,10–15,30–45 sec,cables
chest_back_shoulders_legs_4x,Chest+Tri / Back+Bi / Shoulders / Legs,4,advanced,4 of 4,endurance,endurance,1,back_biceps,Back + Biceps,3,Cable lat pullover (rope or bar),Back — Isolation / Lat Stretch,back_isolation,Lats,4,15–25,30–45 sec,cables
chest_back_shoulders_legs_4x,Chest+Tri / Back+Bi / Shoulders / Legs,4,advanced,4 of 4,endurance,endurance,1,back_biceps,Back + Biceps,4,Bayesian cable curl,Biceps,biceps,"Biceps, Brachialis",4,15–25,30–45 sec,cables
chest_back_shoulders_legs_4x,Chest+Tri / Back+Bi / Shoulders / Legs,4,advanced,4 of 4,endurance,endurance,1,back_biceps,Back + Biceps,5,Preacher curl,Biceps,biceps,"Biceps, Brachialis",4,15–25,30–45 sec,barbell
chest_back_shoulders_legs_4x,Chest+Tri / Back+Bi / Shoulders / Legs,4,advanced,4 of 4,endurance,endurance,1,back_biceps,Back + Biceps,6,Cable crunch,Core — Weighted Ab Training,core,"Rectus abdominis, Obliques",4,12–20,30–45 sec,cables
chest_back_shoulders_legs_4x,Chest+Tri / Back+Bi / Shoulders / Legs,4,advanced,4 of 4,endurance,endurance,2,shoulders,Shoulders,0,Barbell overhead press,Shoulders — Vertical Push,shoulders_vertical_push,"Shoulders, Triceps, Upper chest",3,12–20,60 sec,barbell
chest_back_shoulders_legs_4x,Chest+Tri / Back+Bi / Shoulders / Legs,4,advanced,4 of 4,endurance,endurance,2,shoulders,Shoulders,1,Cable lateral raise,Shoulders — Side Delt Isolation,shoulders_side_delt,Side deltoids,6,12–20,30–45 sec,cables
chest_back_shoulders_legs_4x,Chest+Tri / Back+Bi / Shoulders / Legs,4,advanced,4 of 4,endurance,endurance,2,shoulders,Shoulders,2,Dumbbell lateral raise,Shoulders — Side Delt Isolation,shoulders_side_delt,Side deltoids,6,12–20,1–2 min,dumbbells
chest_back_shoulders_legs_4x,Chest+Tri / Back+Bi / Shoulders / Legs,4,advanced,4 of 4,endurance,endurance,2,shoulders,Shoulders,3,Face pull (cable),Rear Delt and Upper Back,rear_delt,"Rear deltoids, External rotators, Upper traps",5,15–20,30–45 sec,cables
chest_back_shoulders_legs_4x,Chest+Tri / Back+Bi / Shoulders / Legs,4,advanced,4 of 4,endurance,endurance,2,shoulders,Shoulders,4,Reverse pec deck,Rear Delt and Upper Back,rear_delt,"Rear deltoids, External rotators, Upper traps",5,15–20,1–2 min,machines
chest_back_shoulders_legs_4x,Chest+Tri / Back+Bi / Shoulders / Legs,4,advanced,4 of 4,endurance,endurance,2,shoulders,Shoulders,5,Standing calf raise,Calves,calves,"Gastrocnemius, Soleus",5,10–15,30–45 sec,machines
chest_back_shoulders_legs_4x,Chest+Tri / Back+Bi / Shoulders / Legs,4,advanced,4 of 4,endurance,endurance,2,shoulders,Shoulders,6,Seated calf raise,Calves,calves,"Gastrocnemius, Soleus",5,10–15,30–45 sec,machines
chest_back_shoulders_legs_4x,Chest+Tri / Back+Bi / Shoulders / Legs,4,advanced,4 of 4,endurance,endurance,3,legs,Legs,0,Barbell back squat,Quads — Squat Pattern,squat_pattern,"Quads, Glutes, Hamstrings",5,12–20,60 sec,barbell
chest_back_shoulders_legs_4x,Chest+Tri / Back+Bi / Shoulders / Legs,4,advanced,4 of 4,endurance,endurance,3,legs,Legs,1,Romanian deadlift (barbell),Hamstrings and Glutes — Hip Hinge,hip_hinge,"Hamstrings, Glutes, Lower back",5,12–20,60 sec,barbell
chest_back_shoulders_legs_4x,Chest+Tri / Back+Bi / Shoulders / Legs,4,advanced,4 of 4,endurance,endurance,3,legs,Legs,2,45° leg press,Quads — Squat Pattern,squat_pattern,"Quads, Glutes, Hamstrings",5,12–20,60 sec,machines
chest_back_shoulders_legs_4x,Chest+Tri / Back+Bi / Shoulders / Legs,4,advanced,4 of 4,endurance,endurance,3,legs,Legs,3,Walking lunge (long stride),Glutes — Compound and Isolation,glute_focused,"Glutes, Glute medius, Adductors",6,10–15,30–45 sec,bodyweight+dumbbells
chest_back_shoulders_legs_4x,Chest+Tri / Back+Bi / Shoulders / Legs,4,advanced,4 of 4,endurance,endurance,3,legs,Legs,4,Cable pull-through,Glutes — Compound and Isolation,glute_focused,"Glutes, Glute medius, Adductors",6,10–15,30–45 sec,cables
chest_back_shoulders_legs_4x,Chest+Tri / Back+Bi / Shoulders / Legs,4,advanced,4 of 4,endurance,endurance,3,legs,Legs,5,Leg extensions,Quads — Isolation,quad_isolation,Quads,4,12–20,30–45 sec,machines
chest_back_shoulders_legs_4x,Chest+Tri / Back+Bi / Shoulders / Legs,4,advanced,4 of 4,endurance,endurance,3,legs,Legs,6,Seated leg curl,Hamstrings — Isolation,hamstring_isolation,Hamstrings,5,15–25,30–45 sec,machines
ul_ppl_hybrid_5x,PPL / Upper / Lower 5×/week,5,beginner,1 of 4,muscle,muscle | maintain | default | recomp | cut_strength | cut_endurance | powerbuilding | hybrid_muscle | hybrid_strength | powerbuilding_cut | athletic_recomp | athletic_cut | athletic_bulk,0,push,Push,0,Barbell bench press,Chest — Horizontal Push,chest_horizontal_push,"Chest, Shoulders, Triceps",2,10–15,90 sec,barbell
ul_ppl_hybrid_5x,PPL / Upper / Lower 5×/week,5,beginner,1 of 4,muscle,muscle | maintain | default | recomp | cut_strength | cut_endurance | powerbuilding | hybrid_muscle | hybrid_strength | powerbuilding_cut | athletic_recomp | athletic_cut | athletic_bulk,0,push,Push,1,Incline barbell press,Chest — Incline Push (Upper Chest),chest_incline_push,"Upper chest, Shoulders, Triceps",2,10–15,90 sec,barbell
ul_ppl_hybrid_5x,PPL / Upper / Lower 5×/week,5,beginner,1 of 4,muscle,muscle | maintain | default | recomp | cut_strength | cut_endurance | powerbuilding | hybrid_muscle | hybrid_strength | powerbuilding_cut | athletic_recomp | athletic_cut | athletic_bulk,0,push,Push,2,Barbell overhead press,Shoulders — Vertical Push,shoulders_vertical_push,"Shoulders, Triceps, Upper chest",3,10–15,90 sec,barbell
ul_ppl_hybrid_5x,PPL / Upper / Lower 5×/week,5,beginner,1 of 4,muscle,muscle | maintain | default | recomp | cut_strength | cut_endurance | powerbuilding | hybrid_muscle | hybrid_strength | powerbuilding_cut | athletic_recomp | athletic_cut | athletic_bulk,0,push,Push,3,Cable lateral raise,Shoulders — Side Delt Isolation,shoulders_side_delt,Side deltoids,3,12–20,60 sec,cables
ul_ppl_hybrid_5x,PPL / Upper / Lower 5×/week,5,beginner,1 of 4,muscle,muscle | maintain | default | recomp | cut_strength | cut_endurance | powerbuilding | hybrid_muscle | hybrid_strength | powerbuilding_cut | athletic_recomp | athletic_cut | athletic_bulk,0,push,Push,4,Overhead tricep extension,Triceps,triceps,Triceps,2,12–15,60 sec,cables
ul_ppl_hybrid_5x,PPL / Upper / Lower 5×/week,5,beginner,1 of 4,muscle,muscle | maintain | default | recomp | cut_strength | cut_endurance | powerbuilding | hybrid_muscle | hybrid_strength | powerbuilding_cut | athletic_recomp | athletic_cut | athletic_bulk,0,push,Push,5,Cable tricep pushdown (rope or bar),Triceps,triceps,Triceps,2,12–15,60 sec,cables
ul_ppl_hybrid_5x,PPL / Upper / Lower 5×/week,5,beginner,1 of 4,muscle,muscle | maintain | default | recomp | cut_strength | cut_endurance | powerbuilding | hybrid_muscle | hybrid_strength | powerbuilding_cut | athletic_recomp | athletic_cut | athletic_bulk,1,pull,Pull,0,Pull-up (overhand),Back — Vertical Pull (Lat Width),back_vertical_pull,"Lats, Biceps, Rear delts",2,6–10,90 sec,pullup_bar
ul_ppl_hybrid_5x,PPL / Upper / Lower 5×/week,5,beginner,1 of 4,muscle,muscle | maintain | default | recomp | cut_strength | cut_endurance | powerbuilding | hybrid_muscle | hybrid_strength | powerbuilding_cut | athletic_recomp | athletic_cut | athletic_bulk,1,pull,Pull,1,Barbell row,Back — Horizontal Pull (Back Thickness + Inner Back),back_horizontal_pull,"Lats, Rhomboids, Mid-traps, Rear delts, Biceps",2,10–15,90 sec,barbell
ul_ppl_hybrid_5x,PPL / Upper / Lower 5×/week,5,beginner,1 of 4,muscle,muscle | maintain | default | recomp | cut_strength | cut_endurance | powerbuilding | hybrid_muscle | hybrid_strength | powerbuilding_cut | athletic_recomp | athletic_cut | athletic_bulk,1,pull,Pull,2,Face pull (cable),Rear Delt and Upper Back,rear_delt,"Rear deltoids, External rotators, Upper traps",2,15–20,60 sec,cables
ul_ppl_hybrid_5x,PPL / Upper / Lower 5×/week,5,beginner,1 of 4,muscle,muscle | maintain | default | recomp | cut_strength | cut_endurance | powerbuilding | hybrid_muscle | hybrid_strength | powerbuilding_cut | athletic_recomp | athletic_cut | athletic_bulk,1,pull,Pull,3,Bayesian cable curl,Biceps,biceps,"Biceps, Brachialis",2,12–15,60 sec,cables
ul_ppl_hybrid_5x,PPL / Upper / Lower 5×/week,5,beginner,1 of 4,muscle,muscle | maintain | default | recomp | cut_strength | cut_endurance | powerbuilding | hybrid_muscle | hybrid_strength | powerbuilding_cut | athletic_recomp | athletic_cut | athletic_bulk,1,pull,Pull,4,Barbell shrug,Upper Traps,upper_traps,"Upper trapezius, Levator scapulae",2,10–15,60 sec,barbell
ul_ppl_hybrid_5x,PPL / Upper / Lower 5×/week,5,beginner,1 of 4,muscle,muscle | maintain | default | recomp | cut_strength | cut_endurance | powerbuilding | hybrid_muscle | hybrid_strength | powerbuilding_cut | athletic_recomp | athletic_cut | athletic_bulk,1,pull,Pull,5,Cable crunch,Core — Weighted Ab Training,core,"Rectus abdominis, Obliques",2,12–20,60 sec,cables
ul_ppl_hybrid_5x,PPL / Upper / Lower 5×/week,5,beginner,1 of 4,muscle,muscle | maintain | default | recomp | cut_strength | cut_endurance | powerbuilding | hybrid_muscle | hybrid_strength | powerbuilding_cut | athletic_recomp | athletic_cut | athletic_bulk,2,legs,Legs,0,Barbell back squat,Quads — Squat Pattern,squat_pattern,"Quads, Glutes, Hamstrings",2,10–15,90 sec,barbell
ul_ppl_hybrid_5x,PPL / Upper / Lower 5×/week,5,beginner,1 of 4,muscle,muscle | maintain | default | recomp | cut_strength | cut_endurance | powerbuilding | hybrid_muscle | hybrid_strength | powerbuilding_cut | athletic_recomp | athletic_cut | athletic_bulk,2,legs,Legs,1,Romanian deadlift (barbell),Hamstrings and Glutes — Hip Hinge,hip_hinge,"Hamstrings, Glutes, Lower back",2,10–15,90 sec,barbell
ul_ppl_hybrid_5x,PPL / Upper / Lower 5×/week,5,beginner,1 of 4,muscle,muscle | maintain | default | recomp | cut_strength | cut_endurance | powerbuilding | hybrid_muscle | hybrid_strength | powerbuilding_cut | athletic_recomp | athletic_cut | athletic_bulk,2,legs,Legs,2,Walking lunge (long stride),Glutes — Compound and Isolation,glute_focused,"Glutes, Glute medius, Adductors",3,10–15,60 sec,bodyweight+dumbbells
ul_ppl_hybrid_5x,PPL / Upper / Lower 5×/week,5,beginner,1 of 4,muscle,muscle | maintain | default | recomp | cut_strength | cut_endurance | powerbuilding | hybrid_muscle | hybrid_strength | powerbuilding_cut | athletic_recomp | athletic_cut | athletic_bulk,2,legs,Legs,3,Leg extensions,Quads — Isolation,quad_isolation,Quads,2,12–20,60 sec,machines
ul_ppl_hybrid_5x,PPL / Upper / Lower 5×/week,5,beginner,1 of 4,muscle,muscle | maintain | default | recomp | cut_strength | cut_endurance | powerbuilding | hybrid_muscle | hybrid_strength | powerbuilding_cut | athletic_recomp | athletic_cut | athletic_bulk,2,legs,Legs,4,Standing calf raise,Calves,calves,"Gastrocnemius, Soleus",2,10–15,60 sec,machines
ul_ppl_hybrid_5x,PPL / Upper / Lower 5×/week,5,beginner,1 of 4,muscle,muscle | maintain | default | recomp | cut_strength | cut_endurance | powerbuilding | hybrid_muscle | hybrid_strength | powerbuilding_cut | athletic_recomp | athletic_cut | athletic_bulk,2,legs,Legs,5,Seated calf raise,Calves,calves,"Gastrocnemius, Soleus",2,10–15,60 sec,machines
ul_ppl_hybrid_5x,PPL / Upper / Lower 5×/week,5,beginner,1 of 4,muscle,muscle | maintain | default | recomp | cut_strength | cut_endurance | powerbuilding | hybrid_muscle | hybrid_strength | powerbuilding_cut | athletic_recomp | athletic_cut | athletic_bulk,2,legs,Legs,6,Cable crunch,Core — Weighted Ab Training,core,"Rectus abdominis, Obliques",2,12–20,60 sec,cables
ul_ppl_hybrid_5x,PPL / Upper / Lower 5×/week,5,beginner,1 of 4,muscle,muscle | maintain | default | recomp | cut_strength | cut_endurance | powerbuilding | hybrid_muscle | hybrid_strength | powerbuilding_cut | athletic_recomp | athletic_cut | athletic_bulk,3,upper,Upper,0,Cable crossover (lower chest),Chest — Decline / Lower Chest,chest_decline,"Lower chest, Mid chest, Triceps",2,12–15,60 sec,cables
ul_ppl_hybrid_5x,PPL / Upper / Lower 5×/week,5,beginner,1 of 4,muscle,muscle | maintain | default | recomp | cut_strength | cut_endurance | powerbuilding | hybrid_muscle | hybrid_strength | powerbuilding_cut | athletic_recomp | athletic_cut | athletic_bulk,3,upper,Upper,1,Cable fly (seated or standing),Chest — Isolation (Fly / Stretch),chest_isolation,Chest,2,12–15,60 sec,cables
ul_ppl_hybrid_5x,PPL / Upper / Lower 5×/week,5,beginner,1 of 4,muscle,muscle | maintain | default | recomp | cut_strength | cut_endurance | powerbuilding | hybrid_muscle | hybrid_strength | powerbuilding_cut | athletic_recomp | athletic_cut | athletic_bulk,3,upper,Upper,2,Cable row (wide grip / flared elbows),Back — Inner Back / Rhomboids,back_inner,"Rhomboids, Mid-traps, Rear delts",2,10–15,60 sec,cables
ul_ppl_hybrid_5x,PPL / Upper / Lower 5×/week,5,beginner,1 of 4,muscle,muscle | maintain | default | recomp | cut_strength | cut_endurance | powerbuilding | hybrid_muscle | hybrid_strength | powerbuilding_cut | athletic_recomp | athletic_cut | athletic_bulk,3,upper,Upper,3,Cable lateral raise,Shoulders — Side Delt Isolation,shoulders_side_delt,Side deltoids,2,12–20,60 sec,cables
ul_ppl_hybrid_5x,PPL / Upper / Lower 5×/week,5,beginner,1 of 4,muscle,muscle | maintain | default | recomp | cut_strength | cut_endurance | powerbuilding | hybrid_muscle | hybrid_strength | powerbuilding_cut | athletic_recomp | athletic_cut | athletic_bulk,3,upper,Upper,4,Face pull (cable),Rear Delt and Upper Back,rear_delt,"Rear deltoids, External rotators, Upper traps",2,15–20,60 sec,cables
ul_ppl_hybrid_5x,PPL / Upper / Lower 5×/week,5,beginner,1 of 4,muscle,muscle | maintain | default | recomp | cut_strength | cut_endurance | powerbuilding | hybrid_muscle | hybrid_strength | powerbuilding_cut | athletic_recomp | athletic_cut | athletic_bulk,3,upper,Upper,5,Preacher curl,Biceps,biceps,"Biceps, Brachialis",2,12–15,60 sec,barbell
ul_ppl_hybrid_5x,PPL / Upper / Lower 5×/week,5,beginner,1 of 4,muscle,muscle | maintain | default | recomp | cut_strength | cut_endurance | powerbuilding | hybrid_muscle | hybrid_strength | powerbuilding_cut | athletic_recomp | athletic_cut | athletic_bulk,4,lower,Lower,0,45° leg press,Quads — Squat Pattern,squat_pattern,"Quads, Glutes, Hamstrings",2,10–15,90 sec,machines
ul_ppl_hybrid_5x,PPL / Upper / Lower 5×/week,5,beginner,1 of 4,muscle,muscle | maintain | default | recomp | cut_strength | cut_endurance | powerbuilding | hybrid_muscle | hybrid_strength | powerbuilding_cut | athletic_recomp | athletic_cut | athletic_bulk,4,lower,Lower,1,Romanian deadlift (barbell),Hamstrings and Glutes — Hip Hinge,hip_hinge,"Hamstrings, Glutes, Lower back",2,10–15,90 sec,barbell
ul_ppl_hybrid_5x,PPL / Upper / Lower 5×/week,5,beginner,1 of 4,muscle,muscle | maintain | default | recomp | cut_strength | cut_endurance | powerbuilding | hybrid_muscle | hybrid_strength | powerbuilding_cut | athletic_recomp | athletic_cut | athletic_bulk,4,lower,Lower,2,Cable pull-through,Glutes — Compound and Isolation,glute_focused,"Glutes, Glute medius, Adductors",3,10–15,60 sec,cables
ul_ppl_hybrid_5x,PPL / Upper / Lower 5×/week,5,beginner,1 of 4,muscle,muscle | maintain | default | recomp | cut_strength | cut_endurance | powerbuilding | hybrid_muscle | hybrid_strength | powerbuilding_cut | athletic_recomp | athletic_cut | athletic_bulk,4,lower,Lower,3,Seated leg curl,Hamstrings — Isolation,hamstring_isolation,Hamstrings,2,12–15,60 sec,machines
ul_ppl_hybrid_5x,PPL / Upper / Lower 5×/week,5,beginner,1 of 4,muscle,muscle | maintain | default | recomp | cut_strength | cut_endurance | powerbuilding | hybrid_muscle | hybrid_strength | powerbuilding_cut | athletic_recomp | athletic_cut | athletic_bulk,4,lower,Lower,4,Seated calf raise,Calves,calves,"Gastrocnemius, Soleus",2,10–15,60 sec,machines
ul_ppl_hybrid_5x,PPL / Upper / Lower 5×/week,5,beginner,1 of 4,muscle,muscle | maintain | default | recomp | cut_strength | cut_endurance | powerbuilding | hybrid_muscle | hybrid_strength | powerbuilding_cut | athletic_recomp | athletic_cut | athletic_bulk,4,lower,Lower,5,Cable crunch,Core — Weighted Ab Training,core,"Rectus abdominis, Obliques",2,12–20,60 sec,cables
ul_ppl_hybrid_5x,PPL / Upper / Lower 5×/week,5,beginner,2 of 4,strength,strength,0,push,Push,0,Barbell bench press,Chest — Horizontal Push,chest_horizontal_push,"Chest, Shoulders, Triceps",2,3–6,3–5 min,barbell
ul_ppl_hybrid_5x,PPL / Upper / Lower 5×/week,5,beginner,2 of 4,strength,strength,0,push,Push,1,Incline barbell press,Chest — Incline Push (Upper Chest),chest_incline_push,"Upper chest, Shoulders, Triceps",2,3–6,3–5 min,barbell
ul_ppl_hybrid_5x,PPL / Upper / Lower 5×/week,5,beginner,2 of 4,strength,strength,0,push,Push,2,Barbell overhead press,Shoulders — Vertical Push,shoulders_vertical_push,"Shoulders, Triceps, Upper chest",3,3–6,3–5 min,barbell
ul_ppl_hybrid_5x,PPL / Upper / Lower 5×/week,5,beginner,2 of 4,strength,strength,0,push,Push,3,Cable lateral raise,Shoulders — Side Delt Isolation,shoulders_side_delt,Side deltoids,3,12–20,2 min,cables
ul_ppl_hybrid_5x,PPL / Upper / Lower 5×/week,5,beginner,2 of 4,strength,strength,0,push,Push,4,Overhead tricep extension,Triceps,triceps,Triceps,2,8–12,2 min,cables
ul_ppl_hybrid_5x,PPL / Upper / Lower 5×/week,5,beginner,2 of 4,strength,strength,0,push,Push,5,Cable tricep pushdown (rope or bar),Triceps,triceps,Triceps,2,8–12,2 min,cables
ul_ppl_hybrid_5x,PPL / Upper / Lower 5×/week,5,beginner,2 of 4,strength,strength,1,pull,Pull,0,Pull-up (overhand),Back — Vertical Pull (Lat Width),back_vertical_pull,"Lats, Biceps, Rear delts",2,6–10,3–5 min,pullup_bar
ul_ppl_hybrid_5x,PPL / Upper / Lower 5×/week,5,beginner,2 of 4,strength,strength,1,pull,Pull,1,Barbell row,Back — Horizontal Pull (Back Thickness + Inner Back),back_horizontal_pull,"Lats, Rhomboids, Mid-traps, Rear delts, Biceps",2,3–6,3–5 min,barbell
ul_ppl_hybrid_5x,PPL / Upper / Lower 5×/week,5,beginner,2 of 4,strength,strength,1,pull,Pull,2,Face pull (cable),Rear Delt and Upper Back,rear_delt,"Rear deltoids, External rotators, Upper traps",2,15–20,2 min,cables
ul_ppl_hybrid_5x,PPL / Upper / Lower 5×/week,5,beginner,2 of 4,strength,strength,1,pull,Pull,3,Bayesian cable curl,Biceps,biceps,"Biceps, Brachialis",2,8–12,2 min,cables
ul_ppl_hybrid_5x,PPL / Upper / Lower 5×/week,5,beginner,2 of 4,strength,strength,1,pull,Pull,4,Barbell shrug,Upper Traps,upper_traps,"Upper trapezius, Levator scapulae",2,10–15,2 min,barbell
ul_ppl_hybrid_5x,PPL / Upper / Lower 5×/week,5,beginner,2 of 4,strength,strength,1,pull,Pull,5,Cable crunch,Core — Weighted Ab Training,core,"Rectus abdominis, Obliques",2,12–20,2 min,cables
ul_ppl_hybrid_5x,PPL / Upper / Lower 5×/week,5,beginner,2 of 4,strength,strength,2,legs,Legs,0,Barbell back squat,Quads — Squat Pattern,squat_pattern,"Quads, Glutes, Hamstrings",2,3–6,3–5 min,barbell
ul_ppl_hybrid_5x,PPL / Upper / Lower 5×/week,5,beginner,2 of 4,strength,strength,2,legs,Legs,1,Romanian deadlift (barbell),Hamstrings and Glutes — Hip Hinge,hip_hinge,"Hamstrings, Glutes, Lower back",2,3–6,3–5 min,barbell
ul_ppl_hybrid_5x,PPL / Upper / Lower 5×/week,5,beginner,2 of 4,strength,strength,2,legs,Legs,2,Walking lunge (long stride),Glutes — Compound and Isolation,glute_focused,"Glutes, Glute medius, Adductors",3,10–15,2 min,bodyweight+dumbbells
ul_ppl_hybrid_5x,PPL / Upper / Lower 5×/week,5,beginner,2 of 4,strength,strength,2,legs,Legs,3,Leg extensions,Quads — Isolation,quad_isolation,Quads,2,12–20,2 min,machines
ul_ppl_hybrid_5x,PPL / Upper / Lower 5×/week,5,beginner,2 of 4,strength,strength,2,legs,Legs,4,Standing calf raise,Calves,calves,"Gastrocnemius, Soleus",2,10–15,2 min,machines
ul_ppl_hybrid_5x,PPL / Upper / Lower 5×/week,5,beginner,2 of 4,strength,strength,2,legs,Legs,5,Seated calf raise,Calves,calves,"Gastrocnemius, Soleus",2,10–15,2 min,machines
ul_ppl_hybrid_5x,PPL / Upper / Lower 5×/week,5,beginner,2 of 4,strength,strength,2,legs,Legs,6,Cable crunch,Core — Weighted Ab Training,core,"Rectus abdominis, Obliques",2,12–20,2 min,cables
ul_ppl_hybrid_5x,PPL / Upper / Lower 5×/week,5,beginner,2 of 4,strength,strength,3,upper,Upper,0,Cable crossover (lower chest),Chest — Decline / Lower Chest,chest_decline,"Lower chest, Mid chest, Triceps",2,8–12,2 min,cables
ul_ppl_hybrid_5x,PPL / Upper / Lower 5×/week,5,beginner,2 of 4,strength,strength,3,upper,Upper,1,Cable fly (seated or standing),Chest — Isolation (Fly / Stretch),chest_isolation,Chest,2,8–12,2 min,cables
ul_ppl_hybrid_5x,PPL / Upper / Lower 5×/week,5,beginner,2 of 4,strength,strength,3,upper,Upper,2,Cable row (wide grip / flared elbows),Back — Inner Back / Rhomboids,back_inner,"Rhomboids, Mid-traps, Rear delts",2,10–15,2 min,cables
ul_ppl_hybrid_5x,PPL / Upper / Lower 5×/week,5,beginner,2 of 4,strength,strength,3,upper,Upper,3,Cable lateral raise,Shoulders — Side Delt Isolation,shoulders_side_delt,Side deltoids,2,12–20,2 min,cables
ul_ppl_hybrid_5x,PPL / Upper / Lower 5×/week,5,beginner,2 of 4,strength,strength,3,upper,Upper,4,Face pull (cable),Rear Delt and Upper Back,rear_delt,"Rear deltoids, External rotators, Upper traps",2,15–20,2 min,cables
ul_ppl_hybrid_5x,PPL / Upper / Lower 5×/week,5,beginner,2 of 4,strength,strength,3,upper,Upper,5,Preacher curl,Biceps,biceps,"Biceps, Brachialis",2,8–12,2 min,barbell
ul_ppl_hybrid_5x,PPL / Upper / Lower 5×/week,5,beginner,2 of 4,strength,strength,4,lower,Lower,0,45° leg press,Quads — Squat Pattern,squat_pattern,"Quads, Glutes, Hamstrings",2,3–6,3–5 min,machines
ul_ppl_hybrid_5x,PPL / Upper / Lower 5×/week,5,beginner,2 of 4,strength,strength,4,lower,Lower,1,Romanian deadlift (barbell),Hamstrings and Glutes — Hip Hinge,hip_hinge,"Hamstrings, Glutes, Lower back",2,3–6,3–5 min,barbell
ul_ppl_hybrid_5x,PPL / Upper / Lower 5×/week,5,beginner,2 of 4,strength,strength,4,lower,Lower,2,Cable pull-through,Glutes — Compound and Isolation,glute_focused,"Glutes, Glute medius, Adductors",3,10–15,2 min,cables
ul_ppl_hybrid_5x,PPL / Upper / Lower 5×/week,5,beginner,2 of 4,strength,strength,4,lower,Lower,3,Seated leg curl,Hamstrings — Isolation,hamstring_isolation,Hamstrings,2,8–12,2 min,machines
ul_ppl_hybrid_5x,PPL / Upper / Lower 5×/week,5,beginner,2 of 4,strength,strength,4,lower,Lower,4,Seated calf raise,Calves,calves,"Gastrocnemius, Soleus",2,10–15,2 min,machines
ul_ppl_hybrid_5x,PPL / Upper / Lower 5×/week,5,beginner,2 of 4,strength,strength,4,lower,Lower,5,Cable crunch,Core — Weighted Ab Training,core,"Rectus abdominis, Obliques",2,12–20,2 min,cables
ul_ppl_hybrid_5x,PPL / Upper / Lower 5×/week,5,beginner,3 of 4,lose,lose,0,push,Push,0,Barbell bench press,Chest — Horizontal Push,chest_horizontal_push,"Chest, Shoulders, Triceps",2,6–10,2–3 min,barbell
ul_ppl_hybrid_5x,PPL / Upper / Lower 5×/week,5,beginner,3 of 4,lose,lose,0,push,Push,1,Incline barbell press,Chest — Incline Push (Upper Chest),chest_incline_push,"Upper chest, Shoulders, Triceps",2,6–10,2–3 min,barbell
ul_ppl_hybrid_5x,PPL / Upper / Lower 5×/week,5,beginner,3 of 4,lose,lose,0,push,Push,2,Barbell overhead press,Shoulders — Vertical Push,shoulders_vertical_push,"Shoulders, Triceps, Upper chest",3,6–10,2–3 min,barbell
ul_ppl_hybrid_5x,PPL / Upper / Lower 5×/week,5,beginner,3 of 4,lose,lose,0,push,Push,3,Cable lateral raise,Shoulders — Side Delt Isolation,shoulders_side_delt,Side deltoids,3,12–20,90 sec,cables
ul_ppl_hybrid_5x,PPL / Upper / Lower 5×/week,5,beginner,3 of 4,lose,lose,0,push,Push,4,Overhead tricep extension,Triceps,triceps,Triceps,2,12–15,90 sec,cables
ul_ppl_hybrid_5x,PPL / Upper / Lower 5×/week,5,beginner,3 of 4,lose,lose,0,push,Push,5,Cable tricep pushdown (rope or bar),Triceps,triceps,Triceps,2,12–15,90 sec,cables
ul_ppl_hybrid_5x,PPL / Upper / Lower 5×/week,5,beginner,3 of 4,lose,lose,1,pull,Pull,0,Pull-up (overhand),Back — Vertical Pull (Lat Width),back_vertical_pull,"Lats, Biceps, Rear delts",2,6–10,2–3 min,pullup_bar
ul_ppl_hybrid_5x,PPL / Upper / Lower 5×/week,5,beginner,3 of 4,lose,lose,1,pull,Pull,1,Barbell row,Back — Horizontal Pull (Back Thickness + Inner Back),back_horizontal_pull,"Lats, Rhomboids, Mid-traps, Rear delts, Biceps",2,6–10,2–3 min,barbell
ul_ppl_hybrid_5x,PPL / Upper / Lower 5×/week,5,beginner,3 of 4,lose,lose,1,pull,Pull,2,Face pull (cable),Rear Delt and Upper Back,rear_delt,"Rear deltoids, External rotators, Upper traps",2,15–20,90 sec,cables
ul_ppl_hybrid_5x,PPL / Upper / Lower 5×/week,5,beginner,3 of 4,lose,lose,1,pull,Pull,3,Bayesian cable curl,Biceps,biceps,"Biceps, Brachialis",2,12–15,90 sec,cables
ul_ppl_hybrid_5x,PPL / Upper / Lower 5×/week,5,beginner,3 of 4,lose,lose,1,pull,Pull,4,Barbell shrug,Upper Traps,upper_traps,"Upper trapezius, Levator scapulae",2,10–15,90 sec,barbell
ul_ppl_hybrid_5x,PPL / Upper / Lower 5×/week,5,beginner,3 of 4,lose,lose,1,pull,Pull,5,Cable crunch,Core — Weighted Ab Training,core,"Rectus abdominis, Obliques",2,12–20,90 sec,cables
ul_ppl_hybrid_5x,PPL / Upper / Lower 5×/week,5,beginner,3 of 4,lose,lose,2,legs,Legs,0,Barbell back squat,Quads — Squat Pattern,squat_pattern,"Quads, Glutes, Hamstrings",2,6–10,2–3 min,barbell
ul_ppl_hybrid_5x,PPL / Upper / Lower 5×/week,5,beginner,3 of 4,lose,lose,2,legs,Legs,1,Romanian deadlift (barbell),Hamstrings and Glutes — Hip Hinge,hip_hinge,"Hamstrings, Glutes, Lower back",2,6–10,2–3 min,barbell
ul_ppl_hybrid_5x,PPL / Upper / Lower 5×/week,5,beginner,3 of 4,lose,lose,2,legs,Legs,2,Walking lunge (long stride),Glutes — Compound and Isolation,glute_focused,"Glutes, Glute medius, Adductors",3,10–15,90 sec,bodyweight+dumbbells
ul_ppl_hybrid_5x,PPL / Upper / Lower 5×/week,5,beginner,3 of 4,lose,lose,2,legs,Legs,3,Leg extensions,Quads — Isolation,quad_isolation,Quads,2,12–20,90 sec,machines
ul_ppl_hybrid_5x,PPL / Upper / Lower 5×/week,5,beginner,3 of 4,lose,lose,2,legs,Legs,4,Standing calf raise,Calves,calves,"Gastrocnemius, Soleus",2,10–15,90 sec,machines
ul_ppl_hybrid_5x,PPL / Upper / Lower 5×/week,5,beginner,3 of 4,lose,lose,2,legs,Legs,5,Seated calf raise,Calves,calves,"Gastrocnemius, Soleus",2,10–15,90 sec,machines
ul_ppl_hybrid_5x,PPL / Upper / Lower 5×/week,5,beginner,3 of 4,lose,lose,2,legs,Legs,6,Cable crunch,Core — Weighted Ab Training,core,"Rectus abdominis, Obliques",2,12–20,90 sec,cables
ul_ppl_hybrid_5x,PPL / Upper / Lower 5×/week,5,beginner,3 of 4,lose,lose,3,upper,Upper,0,Cable crossover (lower chest),Chest — Decline / Lower Chest,chest_decline,"Lower chest, Mid chest, Triceps",2,12–15,90 sec,cables
ul_ppl_hybrid_5x,PPL / Upper / Lower 5×/week,5,beginner,3 of 4,lose,lose,3,upper,Upper,1,Cable fly (seated or standing),Chest — Isolation (Fly / Stretch),chest_isolation,Chest,2,12–15,90 sec,cables
ul_ppl_hybrid_5x,PPL / Upper / Lower 5×/week,5,beginner,3 of 4,lose,lose,3,upper,Upper,2,Cable row (wide grip / flared elbows),Back — Inner Back / Rhomboids,back_inner,"Rhomboids, Mid-traps, Rear delts",2,10–15,90 sec,cables
ul_ppl_hybrid_5x,PPL / Upper / Lower 5×/week,5,beginner,3 of 4,lose,lose,3,upper,Upper,3,Cable lateral raise,Shoulders — Side Delt Isolation,shoulders_side_delt,Side deltoids,2,12–20,90 sec,cables
ul_ppl_hybrid_5x,PPL / Upper / Lower 5×/week,5,beginner,3 of 4,lose,lose,3,upper,Upper,4,Face pull (cable),Rear Delt and Upper Back,rear_delt,"Rear deltoids, External rotators, Upper traps",2,15–20,90 sec,cables
ul_ppl_hybrid_5x,PPL / Upper / Lower 5×/week,5,beginner,3 of 4,lose,lose,3,upper,Upper,5,Preacher curl,Biceps,biceps,"Biceps, Brachialis",2,12–15,90 sec,barbell
ul_ppl_hybrid_5x,PPL / Upper / Lower 5×/week,5,beginner,3 of 4,lose,lose,4,lower,Lower,0,45° leg press,Quads — Squat Pattern,squat_pattern,"Quads, Glutes, Hamstrings",2,6–10,2–3 min,machines
ul_ppl_hybrid_5x,PPL / Upper / Lower 5×/week,5,beginner,3 of 4,lose,lose,4,lower,Lower,1,Romanian deadlift (barbell),Hamstrings and Glutes — Hip Hinge,hip_hinge,"Hamstrings, Glutes, Lower back",2,6–10,2–3 min,barbell
ul_ppl_hybrid_5x,PPL / Upper / Lower 5×/week,5,beginner,3 of 4,lose,lose,4,lower,Lower,2,Cable pull-through,Glutes — Compound and Isolation,glute_focused,"Glutes, Glute medius, Adductors",3,10–15,90 sec,cables
ul_ppl_hybrid_5x,PPL / Upper / Lower 5×/week,5,beginner,3 of 4,lose,lose,4,lower,Lower,3,Seated leg curl,Hamstrings — Isolation,hamstring_isolation,Hamstrings,2,12–15,90 sec,machines
ul_ppl_hybrid_5x,PPL / Upper / Lower 5×/week,5,beginner,3 of 4,lose,lose,4,lower,Lower,4,Seated calf raise,Calves,calves,"Gastrocnemius, Soleus",2,10–15,90 sec,machines
ul_ppl_hybrid_5x,PPL / Upper / Lower 5×/week,5,beginner,3 of 4,lose,lose,4,lower,Lower,5,Cable crunch,Core — Weighted Ab Training,core,"Rectus abdominis, Obliques",2,12–20,90 sec,cables
ul_ppl_hybrid_5x,PPL / Upper / Lower 5×/week,5,beginner,4 of 4,endurance,endurance,0,push,Push,0,Barbell bench press,Chest — Horizontal Push,chest_horizontal_push,"Chest, Shoulders, Triceps",2,12–20,60 sec,barbell
ul_ppl_hybrid_5x,PPL / Upper / Lower 5×/week,5,beginner,4 of 4,endurance,endurance,0,push,Push,1,Incline barbell press,Chest — Incline Push (Upper Chest),chest_incline_push,"Upper chest, Shoulders, Triceps",2,12–20,60 sec,barbell
ul_ppl_hybrid_5x,PPL / Upper / Lower 5×/week,5,beginner,4 of 4,endurance,endurance,0,push,Push,2,Barbell overhead press,Shoulders — Vertical Push,shoulders_vertical_push,"Shoulders, Triceps, Upper chest",3,12–20,60 sec,barbell
ul_ppl_hybrid_5x,PPL / Upper / Lower 5×/week,5,beginner,4 of 4,endurance,endurance,0,push,Push,3,Cable lateral raise,Shoulders — Side Delt Isolation,shoulders_side_delt,Side deltoids,3,12–20,30–45 sec,cables
ul_ppl_hybrid_5x,PPL / Upper / Lower 5×/week,5,beginner,4 of 4,endurance,endurance,0,push,Push,4,Overhead tricep extension,Triceps,triceps,Triceps,2,15–25,30–45 sec,cables
ul_ppl_hybrid_5x,PPL / Upper / Lower 5×/week,5,beginner,4 of 4,endurance,endurance,0,push,Push,5,Cable tricep pushdown (rope or bar),Triceps,triceps,Triceps,2,15–25,30–45 sec,cables
ul_ppl_hybrid_5x,PPL / Upper / Lower 5×/week,5,beginner,4 of 4,endurance,endurance,1,pull,Pull,0,Pull-up (overhand),Back — Vertical Pull (Lat Width),back_vertical_pull,"Lats, Biceps, Rear delts",2,6–10,60 sec,pullup_bar
ul_ppl_hybrid_5x,PPL / Upper / Lower 5×/week,5,beginner,4 of 4,endurance,endurance,1,pull,Pull,1,Barbell row,Back — Horizontal Pull (Back Thickness + Inner Back),back_horizontal_pull,"Lats, Rhomboids, Mid-traps, Rear delts, Biceps",2,12–20,60 sec,barbell
ul_ppl_hybrid_5x,PPL / Upper / Lower 5×/week,5,beginner,4 of 4,endurance,endurance,1,pull,Pull,2,Face pull (cable),Rear Delt and Upper Back,rear_delt,"Rear deltoids, External rotators, Upper traps",2,15–20,30–45 sec,cables
ul_ppl_hybrid_5x,PPL / Upper / Lower 5×/week,5,beginner,4 of 4,endurance,endurance,1,pull,Pull,3,Bayesian cable curl,Biceps,biceps,"Biceps, Brachialis",2,15–25,30–45 sec,cables
ul_ppl_hybrid_5x,PPL / Upper / Lower 5×/week,5,beginner,4 of 4,endurance,endurance,1,pull,Pull,4,Barbell shrug,Upper Traps,upper_traps,"Upper trapezius, Levator scapulae",2,10–15,30–45 sec,barbell
ul_ppl_hybrid_5x,PPL / Upper / Lower 5×/week,5,beginner,4 of 4,endurance,endurance,1,pull,Pull,5,Cable crunch,Core — Weighted Ab Training,core,"Rectus abdominis, Obliques",2,12–20,30–45 sec,cables
ul_ppl_hybrid_5x,PPL / Upper / Lower 5×/week,5,beginner,4 of 4,endurance,endurance,2,legs,Legs,0,Barbell back squat,Quads — Squat Pattern,squat_pattern,"Quads, Glutes, Hamstrings",2,12–20,60 sec,barbell
ul_ppl_hybrid_5x,PPL / Upper / Lower 5×/week,5,beginner,4 of 4,endurance,endurance,2,legs,Legs,1,Romanian deadlift (barbell),Hamstrings and Glutes — Hip Hinge,hip_hinge,"Hamstrings, Glutes, Lower back",2,12–20,60 sec,barbell
ul_ppl_hybrid_5x,PPL / Upper / Lower 5×/week,5,beginner,4 of 4,endurance,endurance,2,legs,Legs,2,Walking lunge (long stride),Glutes — Compound and Isolation,glute_focused,"Glutes, Glute medius, Adductors",3,10–15,30–45 sec,bodyweight+dumbbells
ul_ppl_hybrid_5x,PPL / Upper / Lower 5×/week,5,beginner,4 of 4,endurance,endurance,2,legs,Legs,3,Leg extensions,Quads — Isolation,quad_isolation,Quads,2,12–20,30–45 sec,machines
ul_ppl_hybrid_5x,PPL / Upper / Lower 5×/week,5,beginner,4 of 4,endurance,endurance,2,legs,Legs,4,Standing calf raise,Calves,calves,"Gastrocnemius, Soleus",2,10–15,30–45 sec,machines
ul_ppl_hybrid_5x,PPL / Upper / Lower 5×/week,5,beginner,4 of 4,endurance,endurance,2,legs,Legs,5,Seated calf raise,Calves,calves,"Gastrocnemius, Soleus",2,10–15,30–45 sec,machines
ul_ppl_hybrid_5x,PPL / Upper / Lower 5×/week,5,beginner,4 of 4,endurance,endurance,2,legs,Legs,6,Cable crunch,Core — Weighted Ab Training,core,"Rectus abdominis, Obliques",2,12–20,30–45 sec,cables
ul_ppl_hybrid_5x,PPL / Upper / Lower 5×/week,5,beginner,4 of 4,endurance,endurance,3,upper,Upper,0,Cable crossover (lower chest),Chest — Decline / Lower Chest,chest_decline,"Lower chest, Mid chest, Triceps",2,15–25,30–45 sec,cables
ul_ppl_hybrid_5x,PPL / Upper / Lower 5×/week,5,beginner,4 of 4,endurance,endurance,3,upper,Upper,1,Cable fly (seated or standing),Chest — Isolation (Fly / Stretch),chest_isolation,Chest,2,15–25,30–45 sec,cables
ul_ppl_hybrid_5x,PPL / Upper / Lower 5×/week,5,beginner,4 of 4,endurance,endurance,3,upper,Upper,2,Cable row (wide grip / flared elbows),Back — Inner Back / Rhomboids,back_inner,"Rhomboids, Mid-traps, Rear delts",2,10–15,30–45 sec,cables
ul_ppl_hybrid_5x,PPL / Upper / Lower 5×/week,5,beginner,4 of 4,endurance,endurance,3,upper,Upper,3,Cable lateral raise,Shoulders — Side Delt Isolation,shoulders_side_delt,Side deltoids,2,12–20,30–45 sec,cables
ul_ppl_hybrid_5x,PPL / Upper / Lower 5×/week,5,beginner,4 of 4,endurance,endurance,3,upper,Upper,4,Face pull (cable),Rear Delt and Upper Back,rear_delt,"Rear deltoids, External rotators, Upper traps",2,15–20,30–45 sec,cables
ul_ppl_hybrid_5x,PPL / Upper / Lower 5×/week,5,beginner,4 of 4,endurance,endurance,3,upper,Upper,5,Preacher curl,Biceps,biceps,"Biceps, Brachialis",2,15–25,30–45 sec,barbell
ul_ppl_hybrid_5x,PPL / Upper / Lower 5×/week,5,beginner,4 of 4,endurance,endurance,4,lower,Lower,0,45° leg press,Quads — Squat Pattern,squat_pattern,"Quads, Glutes, Hamstrings",2,12–20,60 sec,machines
ul_ppl_hybrid_5x,PPL / Upper / Lower 5×/week,5,beginner,4 of 4,endurance,endurance,4,lower,Lower,1,Romanian deadlift (barbell),Hamstrings and Glutes — Hip Hinge,hip_hinge,"Hamstrings, Glutes, Lower back",2,12–20,60 sec,barbell
ul_ppl_hybrid_5x,PPL / Upper / Lower 5×/week,5,beginner,4 of 4,endurance,endurance,4,lower,Lower,2,Cable pull-through,Glutes — Compound and Isolation,glute_focused,"Glutes, Glute medius, Adductors",3,10–15,30–45 sec,cables
ul_ppl_hybrid_5x,PPL / Upper / Lower 5×/week,5,beginner,4 of 4,endurance,endurance,4,lower,Lower,3,Seated leg curl,Hamstrings — Isolation,hamstring_isolation,Hamstrings,2,15–25,30–45 sec,machines
ul_ppl_hybrid_5x,PPL / Upper / Lower 5×/week,5,beginner,4 of 4,endurance,endurance,4,lower,Lower,4,Seated calf raise,Calves,calves,"Gastrocnemius, Soleus",2,10–15,30–45 sec,machines
ul_ppl_hybrid_5x,PPL / Upper / Lower 5×/week,5,beginner,4 of 4,endurance,endurance,4,lower,Lower,5,Cable crunch,Core — Weighted Ab Training,core,"Rectus abdominis, Obliques",2,12–20,30–45 sec,cables
ul_ppl_hybrid_5x,PPL / Upper / Lower 5×/week,5,intermediate,1 of 4,muscle,muscle | maintain | default | recomp | cut_strength | cut_endurance | powerbuilding | hybrid_muscle | hybrid_strength | powerbuilding_cut | athletic_recomp | athletic_cut | athletic_bulk,0,push,Push,0,Barbell bench press,Chest — Horizontal Push,chest_horizontal_push,"Chest, Shoulders, Triceps",3,10–15,90 sec,barbell
ul_ppl_hybrid_5x,PPL / Upper / Lower 5×/week,5,intermediate,1 of 4,muscle,muscle | maintain | default | recomp | cut_strength | cut_endurance | powerbuilding | hybrid_muscle | hybrid_strength | powerbuilding_cut | athletic_recomp | athletic_cut | athletic_bulk,0,push,Push,1,Incline barbell press,Chest — Incline Push (Upper Chest),chest_incline_push,"Upper chest, Shoulders, Triceps",3,10–15,90 sec,barbell
ul_ppl_hybrid_5x,PPL / Upper / Lower 5×/week,5,intermediate,1 of 4,muscle,muscle | maintain | default | recomp | cut_strength | cut_endurance | powerbuilding | hybrid_muscle | hybrid_strength | powerbuilding_cut | athletic_recomp | athletic_cut | athletic_bulk,0,push,Push,2,Barbell overhead press,Shoulders — Vertical Push,shoulders_vertical_push,"Shoulders, Triceps, Upper chest",3,10–15,90 sec,barbell
ul_ppl_hybrid_5x,PPL / Upper / Lower 5×/week,5,intermediate,1 of 4,muscle,muscle | maintain | default | recomp | cut_strength | cut_endurance | powerbuilding | hybrid_muscle | hybrid_strength | powerbuilding_cut | athletic_recomp | athletic_cut | athletic_bulk,0,push,Push,3,Cable lateral raise,Shoulders — Side Delt Isolation,shoulders_side_delt,Side deltoids,5,12–20,60 sec,cables
ul_ppl_hybrid_5x,PPL / Upper / Lower 5×/week,5,intermediate,1 of 4,muscle,muscle | maintain | default | recomp | cut_strength | cut_endurance | powerbuilding | hybrid_muscle | hybrid_strength | powerbuilding_cut | athletic_recomp | athletic_cut | athletic_bulk,0,push,Push,4,Overhead tricep extension,Triceps,triceps,Triceps,4,12–15,60 sec,cables
ul_ppl_hybrid_5x,PPL / Upper / Lower 5×/week,5,intermediate,1 of 4,muscle,muscle | maintain | default | recomp | cut_strength | cut_endurance | powerbuilding | hybrid_muscle | hybrid_strength | powerbuilding_cut | athletic_recomp | athletic_cut | athletic_bulk,0,push,Push,5,Cable tricep pushdown (rope or bar),Triceps,triceps,Triceps,4,12–15,60 sec,cables
ul_ppl_hybrid_5x,PPL / Upper / Lower 5×/week,5,intermediate,1 of 4,muscle,muscle | maintain | default | recomp | cut_strength | cut_endurance | powerbuilding | hybrid_muscle | hybrid_strength | powerbuilding_cut | athletic_recomp | athletic_cut | athletic_bulk,1,pull,Pull,0,Pull-up (overhand),Back — Vertical Pull (Lat Width),back_vertical_pull,"Lats, Biceps, Rear delts",3,6–10,90 sec,pullup_bar
ul_ppl_hybrid_5x,PPL / Upper / Lower 5×/week,5,intermediate,1 of 4,muscle,muscle | maintain | default | recomp | cut_strength | cut_endurance | powerbuilding | hybrid_muscle | hybrid_strength | powerbuilding_cut | athletic_recomp | athletic_cut | athletic_bulk,1,pull,Pull,1,Barbell row,Back — Horizontal Pull (Back Thickness + Inner Back),back_horizontal_pull,"Lats, Rhomboids, Mid-traps, Rear delts, Biceps",3,10–15,90 sec,barbell
ul_ppl_hybrid_5x,PPL / Upper / Lower 5×/week,5,intermediate,1 of 4,muscle,muscle | maintain | default | recomp | cut_strength | cut_endurance | powerbuilding | hybrid_muscle | hybrid_strength | powerbuilding_cut | athletic_recomp | athletic_cut | athletic_bulk,1,pull,Pull,2,Face pull (cable),Rear Delt and Upper Back,rear_delt,"Rear deltoids, External rotators, Upper traps",4,15–20,60 sec,cables
ul_ppl_hybrid_5x,PPL / Upper / Lower 5×/week,5,intermediate,1 of 4,muscle,muscle | maintain | default | recomp | cut_strength | cut_endurance | powerbuilding | hybrid_muscle | hybrid_strength | powerbuilding_cut | athletic_recomp | athletic_cut | athletic_bulk,1,pull,Pull,3,Bayesian cable curl,Biceps,biceps,"Biceps, Brachialis",4,12–15,60 sec,cables
ul_ppl_hybrid_5x,PPL / Upper / Lower 5×/week,5,intermediate,1 of 4,muscle,muscle | maintain | default | recomp | cut_strength | cut_endurance | powerbuilding | hybrid_muscle | hybrid_strength | powerbuilding_cut | athletic_recomp | athletic_cut | athletic_bulk,1,pull,Pull,4,Barbell shrug,Upper Traps,upper_traps,"Upper trapezius, Levator scapulae",3,10–15,60 sec,barbell
ul_ppl_hybrid_5x,PPL / Upper / Lower 5×/week,5,intermediate,1 of 4,muscle,muscle | maintain | default | recomp | cut_strength | cut_endurance | powerbuilding | hybrid_muscle | hybrid_strength | powerbuilding_cut | athletic_recomp | athletic_cut | athletic_bulk,1,pull,Pull,5,Cable crunch,Core — Weighted Ab Training,core,"Rectus abdominis, Obliques",3,12–20,60 sec,cables
ul_ppl_hybrid_5x,PPL / Upper / Lower 5×/week,5,intermediate,1 of 4,muscle,muscle | maintain | default | recomp | cut_strength | cut_endurance | powerbuilding | hybrid_muscle | hybrid_strength | powerbuilding_cut | athletic_recomp | athletic_cut | athletic_bulk,2,legs,Legs,0,Barbell back squat,Quads — Squat Pattern,squat_pattern,"Quads, Glutes, Hamstrings",4,10–15,90 sec,barbell
ul_ppl_hybrid_5x,PPL / Upper / Lower 5×/week,5,intermediate,1 of 4,muscle,muscle | maintain | default | recomp | cut_strength | cut_endurance | powerbuilding | hybrid_muscle | hybrid_strength | powerbuilding_cut | athletic_recomp | athletic_cut | athletic_bulk,2,legs,Legs,1,Romanian deadlift (barbell),Hamstrings and Glutes — Hip Hinge,hip_hinge,"Hamstrings, Glutes, Lower back",4,10–15,90 sec,barbell
ul_ppl_hybrid_5x,PPL / Upper / Lower 5×/week,5,intermediate,1 of 4,muscle,muscle | maintain | default | recomp | cut_strength | cut_endurance | powerbuilding | hybrid_muscle | hybrid_strength | powerbuilding_cut | athletic_recomp | athletic_cut | athletic_bulk,2,legs,Legs,2,Walking lunge (long stride),Glutes — Compound and Isolation,glute_focused,"Glutes, Glute medius, Adductors",4,10–15,60 sec,bodyweight+dumbbells
ul_ppl_hybrid_5x,PPL / Upper / Lower 5×/week,5,intermediate,1 of 4,muscle,muscle | maintain | default | recomp | cut_strength | cut_endurance | powerbuilding | hybrid_muscle | hybrid_strength | powerbuilding_cut | athletic_recomp | athletic_cut | athletic_bulk,2,legs,Legs,3,Leg extensions,Quads — Isolation,quad_isolation,Quads,4,12–20,60 sec,machines
ul_ppl_hybrid_5x,PPL / Upper / Lower 5×/week,5,intermediate,1 of 4,muscle,muscle | maintain | default | recomp | cut_strength | cut_endurance | powerbuilding | hybrid_muscle | hybrid_strength | powerbuilding_cut | athletic_recomp | athletic_cut | athletic_bulk,2,legs,Legs,4,Standing calf raise,Calves,calves,"Gastrocnemius, Soleus",4,10–15,60 sec,machines
ul_ppl_hybrid_5x,PPL / Upper / Lower 5×/week,5,intermediate,1 of 4,muscle,muscle | maintain | default | recomp | cut_strength | cut_endurance | powerbuilding | hybrid_muscle | hybrid_strength | powerbuilding_cut | athletic_recomp | athletic_cut | athletic_bulk,2,legs,Legs,5,Seated calf raise,Calves,calves,"Gastrocnemius, Soleus",3,10–15,60 sec,machines
ul_ppl_hybrid_5x,PPL / Upper / Lower 5×/week,5,intermediate,1 of 4,muscle,muscle | maintain | default | recomp | cut_strength | cut_endurance | powerbuilding | hybrid_muscle | hybrid_strength | powerbuilding_cut | athletic_recomp | athletic_cut | athletic_bulk,2,legs,Legs,6,Cable crunch,Core — Weighted Ab Training,core,"Rectus abdominis, Obliques",3,12–20,60 sec,cables
ul_ppl_hybrid_5x,PPL / Upper / Lower 5×/week,5,intermediate,1 of 4,muscle,muscle | maintain | default | recomp | cut_strength | cut_endurance | powerbuilding | hybrid_muscle | hybrid_strength | powerbuilding_cut | athletic_recomp | athletic_cut | athletic_bulk,3,upper,Upper,0,Cable crossover (lower chest),Chest — Decline / Lower Chest,chest_decline,"Lower chest, Mid chest, Triceps",3,12–15,60 sec,cables
ul_ppl_hybrid_5x,PPL / Upper / Lower 5×/week,5,intermediate,1 of 4,muscle,muscle | maintain | default | recomp | cut_strength | cut_endurance | powerbuilding | hybrid_muscle | hybrid_strength | powerbuilding_cut | athletic_recomp | athletic_cut | athletic_bulk,3,upper,Upper,1,Cable fly (seated or standing),Chest — Isolation (Fly / Stretch),chest_isolation,Chest,3,12–15,60 sec,cables
ul_ppl_hybrid_5x,PPL / Upper / Lower 5×/week,5,intermediate,1 of 4,muscle,muscle | maintain | default | recomp | cut_strength | cut_endurance | powerbuilding | hybrid_muscle | hybrid_strength | powerbuilding_cut | athletic_recomp | athletic_cut | athletic_bulk,3,upper,Upper,2,Cable row (wide grip / flared elbows),Back — Inner Back / Rhomboids,back_inner,"Rhomboids, Mid-traps, Rear delts",3,10–15,60 sec,cables
ul_ppl_hybrid_5x,PPL / Upper / Lower 5×/week,5,intermediate,1 of 4,muscle,muscle | maintain | default | recomp | cut_strength | cut_endurance | powerbuilding | hybrid_muscle | hybrid_strength | powerbuilding_cut | athletic_recomp | athletic_cut | athletic_bulk,3,upper,Upper,3,Cable lateral raise,Shoulders — Side Delt Isolation,shoulders_side_delt,Side deltoids,5,12–20,60 sec,cables
ul_ppl_hybrid_5x,PPL / Upper / Lower 5×/week,5,intermediate,1 of 4,muscle,muscle | maintain | default | recomp | cut_strength | cut_endurance | powerbuilding | hybrid_muscle | hybrid_strength | powerbuilding_cut | athletic_recomp | athletic_cut | athletic_bulk,3,upper,Upper,4,Face pull (cable),Rear Delt and Upper Back,rear_delt,"Rear deltoids, External rotators, Upper traps",4,15–20,60 sec,cables
ul_ppl_hybrid_5x,PPL / Upper / Lower 5×/week,5,intermediate,1 of 4,muscle,muscle | maintain | default | recomp | cut_strength | cut_endurance | powerbuilding | hybrid_muscle | hybrid_strength | powerbuilding_cut | athletic_recomp | athletic_cut | athletic_bulk,3,upper,Upper,5,Preacher curl,Biceps,biceps,"Biceps, Brachialis",4,12–15,60 sec,barbell
ul_ppl_hybrid_5x,PPL / Upper / Lower 5×/week,5,intermediate,1 of 4,muscle,muscle | maintain | default | recomp | cut_strength | cut_endurance | powerbuilding | hybrid_muscle | hybrid_strength | powerbuilding_cut | athletic_recomp | athletic_cut | athletic_bulk,4,lower,Lower,0,45° leg press,Quads — Squat Pattern,squat_pattern,"Quads, Glutes, Hamstrings",4,10–15,90 sec,machines
ul_ppl_hybrid_5x,PPL / Upper / Lower 5×/week,5,intermediate,1 of 4,muscle,muscle | maintain | default | recomp | cut_strength | cut_endurance | powerbuilding | hybrid_muscle | hybrid_strength | powerbuilding_cut | athletic_recomp | athletic_cut | athletic_bulk,4,lower,Lower,1,Conventional deadlift,Hamstrings and Glutes — Hip Hinge,hip_hinge,"Hamstrings, Glutes, Lower back",3,10–15,90 sec,barbell
ul_ppl_hybrid_5x,PPL / Upper / Lower 5×/week,5,intermediate,1 of 4,muscle,muscle | maintain | default | recomp | cut_strength | cut_endurance | powerbuilding | hybrid_muscle | hybrid_strength | powerbuilding_cut | athletic_recomp | athletic_cut | athletic_bulk,4,lower,Lower,2,Cable pull-through,Glutes — Compound and Isolation,glute_focused,"Glutes, Glute medius, Adductors",4,10–15,60 sec,cables
ul_ppl_hybrid_5x,PPL / Upper / Lower 5×/week,5,intermediate,1 of 4,muscle,muscle | maintain | default | recomp | cut_strength | cut_endurance | powerbuilding | hybrid_muscle | hybrid_strength | powerbuilding_cut | athletic_recomp | athletic_cut | athletic_bulk,4,lower,Lower,3,Seated leg curl,Hamstrings — Isolation,hamstring_isolation,Hamstrings,3,12–15,60 sec,machines
ul_ppl_hybrid_5x,PPL / Upper / Lower 5×/week,5,intermediate,1 of 4,muscle,muscle | maintain | default | recomp | cut_strength | cut_endurance | powerbuilding | hybrid_muscle | hybrid_strength | powerbuilding_cut | athletic_recomp | athletic_cut | athletic_bulk,4,lower,Lower,4,Seated calf raise,Calves,calves,"Gastrocnemius, Soleus",3,10–15,60 sec,machines
ul_ppl_hybrid_5x,PPL / Upper / Lower 5×/week,5,intermediate,1 of 4,muscle,muscle | maintain | default | recomp | cut_strength | cut_endurance | powerbuilding | hybrid_muscle | hybrid_strength | powerbuilding_cut | athletic_recomp | athletic_cut | athletic_bulk,4,lower,Lower,5,Cable crunch,Core — Weighted Ab Training,core,"Rectus abdominis, Obliques",2,12–20,60 sec,cables
ul_ppl_hybrid_5x,PPL / Upper / Lower 5×/week,5,intermediate,2 of 4,strength,strength,0,push,Push,0,Barbell bench press,Chest — Horizontal Push,chest_horizontal_push,"Chest, Shoulders, Triceps",3,3–6,3–5 min,barbell
ul_ppl_hybrid_5x,PPL / Upper / Lower 5×/week,5,intermediate,2 of 4,strength,strength,0,push,Push,1,Incline barbell press,Chest — Incline Push (Upper Chest),chest_incline_push,"Upper chest, Shoulders, Triceps",3,3–6,3–5 min,barbell
ul_ppl_hybrid_5x,PPL / Upper / Lower 5×/week,5,intermediate,2 of 4,strength,strength,0,push,Push,2,Barbell overhead press,Shoulders — Vertical Push,shoulders_vertical_push,"Shoulders, Triceps, Upper chest",3,3–6,3–5 min,barbell
ul_ppl_hybrid_5x,PPL / Upper / Lower 5×/week,5,intermediate,2 of 4,strength,strength,0,push,Push,3,Cable lateral raise,Shoulders — Side Delt Isolation,shoulders_side_delt,Side deltoids,5,12–20,2 min,cables
ul_ppl_hybrid_5x,PPL / Upper / Lower 5×/week,5,intermediate,2 of 4,strength,strength,0,push,Push,4,Overhead tricep extension,Triceps,triceps,Triceps,4,8–12,2 min,cables
ul_ppl_hybrid_5x,PPL / Upper / Lower 5×/week,5,intermediate,2 of 4,strength,strength,0,push,Push,5,Cable tricep pushdown (rope or bar),Triceps,triceps,Triceps,4,8–12,2 min,cables
ul_ppl_hybrid_5x,PPL / Upper / Lower 5×/week,5,intermediate,2 of 4,strength,strength,1,pull,Pull,0,Pull-up (overhand),Back — Vertical Pull (Lat Width),back_vertical_pull,"Lats, Biceps, Rear delts",3,6–10,3–5 min,pullup_bar
ul_ppl_hybrid_5x,PPL / Upper / Lower 5×/week,5,intermediate,2 of 4,strength,strength,1,pull,Pull,1,Barbell row,Back — Horizontal Pull (Back Thickness + Inner Back),back_horizontal_pull,"Lats, Rhomboids, Mid-traps, Rear delts, Biceps",3,3–6,3–5 min,barbell
ul_ppl_hybrid_5x,PPL / Upper / Lower 5×/week,5,intermediate,2 of 4,strength,strength,1,pull,Pull,2,Face pull (cable),Rear Delt and Upper Back,rear_delt,"Rear deltoids, External rotators, Upper traps",4,15–20,2 min,cables
ul_ppl_hybrid_5x,PPL / Upper / Lower 5×/week,5,intermediate,2 of 4,strength,strength,1,pull,Pull,3,Bayesian cable curl,Biceps,biceps,"Biceps, Brachialis",4,8–12,2 min,cables
ul_ppl_hybrid_5x,PPL / Upper / Lower 5×/week,5,intermediate,2 of 4,strength,strength,1,pull,Pull,4,Barbell shrug,Upper Traps,upper_traps,"Upper trapezius, Levator scapulae",3,10–15,2 min,barbell
ul_ppl_hybrid_5x,PPL / Upper / Lower 5×/week,5,intermediate,2 of 4,strength,strength,1,pull,Pull,5,Cable crunch,Core — Weighted Ab Training,core,"Rectus abdominis, Obliques",3,12–20,2 min,cables
ul_ppl_hybrid_5x,PPL / Upper / Lower 5×/week,5,intermediate,2 of 4,strength,strength,2,legs,Legs,0,Barbell back squat,Quads — Squat Pattern,squat_pattern,"Quads, Glutes, Hamstrings",5,3–6,3–5 min,barbell
ul_ppl_hybrid_5x,PPL / Upper / Lower 5×/week,5,intermediate,2 of 4,strength,strength,2,legs,Legs,1,Romanian deadlift (barbell),Hamstrings and Glutes — Hip Hinge,hip_hinge,"Hamstrings, Glutes, Lower back",4,3–6,3–5 min,barbell
ul_ppl_hybrid_5x,PPL / Upper / Lower 5×/week,5,intermediate,2 of 4,strength,strength,2,legs,Legs,2,Walking lunge (long stride),Glutes — Compound and Isolation,glute_focused,"Glutes, Glute medius, Adductors",4,10–15,2 min,bodyweight+dumbbells
ul_ppl_hybrid_5x,PPL / Upper / Lower 5×/week,5,intermediate,2 of 4,strength,strength,2,legs,Legs,3,Leg extensions,Quads — Isolation,quad_isolation,Quads,3,12–20,2 min,machines
ul_ppl_hybrid_5x,PPL / Upper / Lower 5×/week,5,intermediate,2 of 4,strength,strength,2,legs,Legs,4,Standing calf raise,Calves,calves,"Gastrocnemius, Soleus",4,10–15,2 min,machines
ul_ppl_hybrid_5x,PPL / Upper / Lower 5×/week,5,intermediate,2 of 4,strength,strength,2,legs,Legs,5,Seated calf raise,Calves,calves,"Gastrocnemius, Soleus",3,10–15,2 min,machines
ul_ppl_hybrid_5x,PPL / Upper / Lower 5×/week,5,intermediate,2 of 4,strength,strength,2,legs,Legs,6,Cable crunch,Core — Weighted Ab Training,core,"Rectus abdominis, Obliques",3,12–20,2 min,cables
ul_ppl_hybrid_5x,PPL / Upper / Lower 5×/week,5,intermediate,2 of 4,strength,strength,3,upper,Upper,0,Cable crossover (lower chest),Chest — Decline / Lower Chest,chest_decline,"Lower chest, Mid chest, Triceps",3,8–12,2 min,cables
ul_ppl_hybrid_5x,PPL / Upper / Lower 5×/week,5,intermediate,2 of 4,strength,strength,3,upper,Upper,1,Cable fly (seated or standing),Chest — Isolation (Fly / Stretch),chest_isolation,Chest,3,8–12,2 min,cables
ul_ppl_hybrid_5x,PPL / Upper / Lower 5×/week,5,intermediate,2 of 4,strength,strength,3,upper,Upper,2,Cable row (wide grip / flared elbows),Back — Inner Back / Rhomboids,back_inner,"Rhomboids, Mid-traps, Rear delts",3,10–15,2 min,cables
ul_ppl_hybrid_5x,PPL / Upper / Lower 5×/week,5,intermediate,2 of 4,strength,strength,3,upper,Upper,3,Cable lateral raise,Shoulders — Side Delt Isolation,shoulders_side_delt,Side deltoids,5,12–20,2 min,cables
ul_ppl_hybrid_5x,PPL / Upper / Lower 5×/week,5,intermediate,2 of 4,strength,strength,3,upper,Upper,4,Face pull (cable),Rear Delt and Upper Back,rear_delt,"Rear deltoids, External rotators, Upper traps",4,15–20,2 min,cables
ul_ppl_hybrid_5x,PPL / Upper / Lower 5×/week,5,intermediate,2 of 4,strength,strength,3,upper,Upper,5,Preacher curl,Biceps,biceps,"Biceps, Brachialis",4,8–12,2 min,barbell
ul_ppl_hybrid_5x,PPL / Upper / Lower 5×/week,5,intermediate,2 of 4,strength,strength,4,lower,Lower,0,45° leg press,Quads — Squat Pattern,squat_pattern,"Quads, Glutes, Hamstrings",4,3–6,3–5 min,machines
ul_ppl_hybrid_5x,PPL / Upper / Lower 5×/week,5,intermediate,2 of 4,strength,strength,4,lower,Lower,1,Conventional deadlift,Hamstrings and Glutes — Hip Hinge,hip_hinge,"Hamstrings, Glutes, Lower back",4,3–6,3–5 min,barbell
ul_ppl_hybrid_5x,PPL / Upper / Lower 5×/week,5,intermediate,2 of 4,strength,strength,4,lower,Lower,2,Cable pull-through,Glutes — Compound and Isolation,glute_focused,"Glutes, Glute medius, Adductors",4,10–15,2 min,cables
ul_ppl_hybrid_5x,PPL / Upper / Lower 5×/week,5,intermediate,2 of 4,strength,strength,4,lower,Lower,3,Seated leg curl,Hamstrings — Isolation,hamstring_isolation,Hamstrings,2,8–12,2 min,machines
ul_ppl_hybrid_5x,PPL / Upper / Lower 5×/week,5,intermediate,2 of 4,strength,strength,4,lower,Lower,4,Seated calf raise,Calves,calves,"Gastrocnemius, Soleus",3,10–15,2 min,machines
ul_ppl_hybrid_5x,PPL / Upper / Lower 5×/week,5,intermediate,2 of 4,strength,strength,4,lower,Lower,5,Cable crunch,Core — Weighted Ab Training,core,"Rectus abdominis, Obliques",2,12–20,2 min,cables
ul_ppl_hybrid_5x,PPL / Upper / Lower 5×/week,5,intermediate,3 of 4,lose,lose,0,push,Push,0,Barbell bench press,Chest — Horizontal Push,chest_horizontal_push,"Chest, Shoulders, Triceps",3,6–10,2–3 min,barbell
ul_ppl_hybrid_5x,PPL / Upper / Lower 5×/week,5,intermediate,3 of 4,lose,lose,0,push,Push,1,Incline barbell press,Chest — Incline Push (Upper Chest),chest_incline_push,"Upper chest, Shoulders, Triceps",3,6–10,2–3 min,barbell
ul_ppl_hybrid_5x,PPL / Upper / Lower 5×/week,5,intermediate,3 of 4,lose,lose,0,push,Push,2,Barbell overhead press,Shoulders — Vertical Push,shoulders_vertical_push,"Shoulders, Triceps, Upper chest",3,6–10,2–3 min,barbell
ul_ppl_hybrid_5x,PPL / Upper / Lower 5×/week,5,intermediate,3 of 4,lose,lose,0,push,Push,3,Cable lateral raise,Shoulders — Side Delt Isolation,shoulders_side_delt,Side deltoids,5,12–20,90 sec,cables
ul_ppl_hybrid_5x,PPL / Upper / Lower 5×/week,5,intermediate,3 of 4,lose,lose,0,push,Push,4,Overhead tricep extension,Triceps,triceps,Triceps,4,12–15,90 sec,cables
ul_ppl_hybrid_5x,PPL / Upper / Lower 5×/week,5,intermediate,3 of 4,lose,lose,0,push,Push,5,Cable tricep pushdown (rope or bar),Triceps,triceps,Triceps,4,12–15,90 sec,cables
ul_ppl_hybrid_5x,PPL / Upper / Lower 5×/week,5,intermediate,3 of 4,lose,lose,1,pull,Pull,0,Pull-up (overhand),Back — Vertical Pull (Lat Width),back_vertical_pull,"Lats, Biceps, Rear delts",3,6–10,2–3 min,pullup_bar
ul_ppl_hybrid_5x,PPL / Upper / Lower 5×/week,5,intermediate,3 of 4,lose,lose,1,pull,Pull,1,Barbell row,Back — Horizontal Pull (Back Thickness + Inner Back),back_horizontal_pull,"Lats, Rhomboids, Mid-traps, Rear delts, Biceps",3,6–10,2–3 min,barbell
ul_ppl_hybrid_5x,PPL / Upper / Lower 5×/week,5,intermediate,3 of 4,lose,lose,1,pull,Pull,2,Face pull (cable),Rear Delt and Upper Back,rear_delt,"Rear deltoids, External rotators, Upper traps",4,15–20,90 sec,cables
ul_ppl_hybrid_5x,PPL / Upper / Lower 5×/week,5,intermediate,3 of 4,lose,lose,1,pull,Pull,3,Bayesian cable curl,Biceps,biceps,"Biceps, Brachialis",4,12–15,90 sec,cables
ul_ppl_hybrid_5x,PPL / Upper / Lower 5×/week,5,intermediate,3 of 4,lose,lose,1,pull,Pull,4,Barbell shrug,Upper Traps,upper_traps,"Upper trapezius, Levator scapulae",3,10–15,90 sec,barbell
ul_ppl_hybrid_5x,PPL / Upper / Lower 5×/week,5,intermediate,3 of 4,lose,lose,1,pull,Pull,5,Cable crunch,Core — Weighted Ab Training,core,"Rectus abdominis, Obliques",3,12–20,90 sec,cables
ul_ppl_hybrid_5x,PPL / Upper / Lower 5×/week,5,intermediate,3 of 4,lose,lose,2,legs,Legs,0,Barbell back squat,Quads — Squat Pattern,squat_pattern,"Quads, Glutes, Hamstrings",4,6–10,2–3 min,barbell
ul_ppl_hybrid_5x,PPL / Upper / Lower 5×/week,5,intermediate,3 of 4,lose,lose,2,legs,Legs,1,Romanian deadlift (barbell),Hamstrings and Glutes — Hip Hinge,hip_hinge,"Hamstrings, Glutes, Lower back",4,6–10,2–3 min,barbell
ul_ppl_hybrid_5x,PPL / Upper / Lower 5×/week,5,intermediate,3 of 4,lose,lose,2,legs,Legs,2,Walking lunge (long stride),Glutes — Compound and Isolation,glute_focused,"Glutes, Glute medius, Adductors",4,10–15,90 sec,bodyweight+dumbbells
ul_ppl_hybrid_5x,PPL / Upper / Lower 5×/week,5,intermediate,3 of 4,lose,lose,2,legs,Legs,3,Leg extensions,Quads — Isolation,quad_isolation,Quads,4,12–20,90 sec,machines
ul_ppl_hybrid_5x,PPL / Upper / Lower 5×/week,5,intermediate,3 of 4,lose,lose,2,legs,Legs,4,Standing calf raise,Calves,calves,"Gastrocnemius, Soleus",4,10–15,90 sec,machines
ul_ppl_hybrid_5x,PPL / Upper / Lower 5×/week,5,intermediate,3 of 4,lose,lose,2,legs,Legs,5,Seated calf raise,Calves,calves,"Gastrocnemius, Soleus",3,10–15,90 sec,machines
ul_ppl_hybrid_5x,PPL / Upper / Lower 5×/week,5,intermediate,3 of 4,lose,lose,2,legs,Legs,6,Cable crunch,Core — Weighted Ab Training,core,"Rectus abdominis, Obliques",3,12–20,90 sec,cables
ul_ppl_hybrid_5x,PPL / Upper / Lower 5×/week,5,intermediate,3 of 4,lose,lose,3,upper,Upper,0,Cable crossover (lower chest),Chest — Decline / Lower Chest,chest_decline,"Lower chest, Mid chest, Triceps",3,12–15,90 sec,cables
ul_ppl_hybrid_5x,PPL / Upper / Lower 5×/week,5,intermediate,3 of 4,lose,lose,3,upper,Upper,1,Cable fly (seated or standing),Chest — Isolation (Fly / Stretch),chest_isolation,Chest,3,12–15,90 sec,cables
ul_ppl_hybrid_5x,PPL / Upper / Lower 5×/week,5,intermediate,3 of 4,lose,lose,3,upper,Upper,2,Cable row (wide grip / flared elbows),Back — Inner Back / Rhomboids,back_inner,"Rhomboids, Mid-traps, Rear delts",3,10–15,90 sec,cables
ul_ppl_hybrid_5x,PPL / Upper / Lower 5×/week,5,intermediate,3 of 4,lose,lose,3,upper,Upper,3,Cable lateral raise,Shoulders — Side Delt Isolation,shoulders_side_delt,Side deltoids,5,12–20,90 sec,cables
ul_ppl_hybrid_5x,PPL / Upper / Lower 5×/week,5,intermediate,3 of 4,lose,lose,3,upper,Upper,4,Face pull (cable),Rear Delt and Upper Back,rear_delt,"Rear deltoids, External rotators, Upper traps",4,15–20,90 sec,cables
ul_ppl_hybrid_5x,PPL / Upper / Lower 5×/week,5,intermediate,3 of 4,lose,lose,3,upper,Upper,5,Preacher curl,Biceps,biceps,"Biceps, Brachialis",4,12–15,90 sec,barbell
ul_ppl_hybrid_5x,PPL / Upper / Lower 5×/week,5,intermediate,3 of 4,lose,lose,4,lower,Lower,0,45° leg press,Quads — Squat Pattern,squat_pattern,"Quads, Glutes, Hamstrings",4,6–10,2–3 min,machines
ul_ppl_hybrid_5x,PPL / Upper / Lower 5×/week,5,intermediate,3 of 4,lose,lose,4,lower,Lower,1,Conventional deadlift,Hamstrings and Glutes — Hip Hinge,hip_hinge,"Hamstrings, Glutes, Lower back",3,6–10,2–3 min,barbell
ul_ppl_hybrid_5x,PPL / Upper / Lower 5×/week,5,intermediate,3 of 4,lose,lose,4,lower,Lower,2,Cable pull-through,Glutes — Compound and Isolation,glute_focused,"Glutes, Glute medius, Adductors",4,10–15,90 sec,cables
ul_ppl_hybrid_5x,PPL / Upper / Lower 5×/week,5,intermediate,3 of 4,lose,lose,4,lower,Lower,3,Seated leg curl,Hamstrings — Isolation,hamstring_isolation,Hamstrings,3,12–15,90 sec,machines
ul_ppl_hybrid_5x,PPL / Upper / Lower 5×/week,5,intermediate,3 of 4,lose,lose,4,lower,Lower,4,Seated calf raise,Calves,calves,"Gastrocnemius, Soleus",3,10–15,90 sec,machines
ul_ppl_hybrid_5x,PPL / Upper / Lower 5×/week,5,intermediate,3 of 4,lose,lose,4,lower,Lower,5,Cable crunch,Core — Weighted Ab Training,core,"Rectus abdominis, Obliques",2,12–20,90 sec,cables
ul_ppl_hybrid_5x,PPL / Upper / Lower 5×/week,5,intermediate,4 of 4,endurance,endurance,0,push,Push,0,Barbell bench press,Chest — Horizontal Push,chest_horizontal_push,"Chest, Shoulders, Triceps",3,12–20,60 sec,barbell
ul_ppl_hybrid_5x,PPL / Upper / Lower 5×/week,5,intermediate,4 of 4,endurance,endurance,0,push,Push,1,Incline barbell press,Chest — Incline Push (Upper Chest),chest_incline_push,"Upper chest, Shoulders, Triceps",3,12–20,60 sec,barbell
ul_ppl_hybrid_5x,PPL / Upper / Lower 5×/week,5,intermediate,4 of 4,endurance,endurance,0,push,Push,2,Barbell overhead press,Shoulders — Vertical Push,shoulders_vertical_push,"Shoulders, Triceps, Upper chest",3,12–20,60 sec,barbell
ul_ppl_hybrid_5x,PPL / Upper / Lower 5×/week,5,intermediate,4 of 4,endurance,endurance,0,push,Push,3,Cable lateral raise,Shoulders — Side Delt Isolation,shoulders_side_delt,Side deltoids,5,12–20,30–45 sec,cables
ul_ppl_hybrid_5x,PPL / Upper / Lower 5×/week,5,intermediate,4 of 4,endurance,endurance,0,push,Push,4,Overhead tricep extension,Triceps,triceps,Triceps,4,15–25,30–45 sec,cables
ul_ppl_hybrid_5x,PPL / Upper / Lower 5×/week,5,intermediate,4 of 4,endurance,endurance,0,push,Push,5,Cable tricep pushdown (rope or bar),Triceps,triceps,Triceps,4,15–25,30–45 sec,cables
ul_ppl_hybrid_5x,PPL / Upper / Lower 5×/week,5,intermediate,4 of 4,endurance,endurance,1,pull,Pull,0,Pull-up (overhand),Back — Vertical Pull (Lat Width),back_vertical_pull,"Lats, Biceps, Rear delts",3,6–10,60 sec,pullup_bar
ul_ppl_hybrid_5x,PPL / Upper / Lower 5×/week,5,intermediate,4 of 4,endurance,endurance,1,pull,Pull,1,Barbell row,Back — Horizontal Pull (Back Thickness + Inner Back),back_horizontal_pull,"Lats, Rhomboids, Mid-traps, Rear delts, Biceps",3,12–20,60 sec,barbell
ul_ppl_hybrid_5x,PPL / Upper / Lower 5×/week,5,intermediate,4 of 4,endurance,endurance,1,pull,Pull,2,Face pull (cable),Rear Delt and Upper Back,rear_delt,"Rear deltoids, External rotators, Upper traps",4,15–20,30–45 sec,cables
ul_ppl_hybrid_5x,PPL / Upper / Lower 5×/week,5,intermediate,4 of 4,endurance,endurance,1,pull,Pull,3,Bayesian cable curl,Biceps,biceps,"Biceps, Brachialis",4,15–25,30–45 sec,cables
ul_ppl_hybrid_5x,PPL / Upper / Lower 5×/week,5,intermediate,4 of 4,endurance,endurance,1,pull,Pull,4,Barbell shrug,Upper Traps,upper_traps,"Upper trapezius, Levator scapulae",3,10–15,30–45 sec,barbell
ul_ppl_hybrid_5x,PPL / Upper / Lower 5×/week,5,intermediate,4 of 4,endurance,endurance,1,pull,Pull,5,Cable crunch,Core — Weighted Ab Training,core,"Rectus abdominis, Obliques",3,12–20,30–45 sec,cables
ul_ppl_hybrid_5x,PPL / Upper / Lower 5×/week,5,intermediate,4 of 4,endurance,endurance,2,legs,Legs,0,Barbell back squat,Quads — Squat Pattern,squat_pattern,"Quads, Glutes, Hamstrings",4,12–20,60 sec,barbell
ul_ppl_hybrid_5x,PPL / Upper / Lower 5×/week,5,intermediate,4 of 4,endurance,endurance,2,legs,Legs,1,Romanian deadlift (barbell),Hamstrings and Glutes — Hip Hinge,hip_hinge,"Hamstrings, Glutes, Lower back",4,12–20,60 sec,barbell
ul_ppl_hybrid_5x,PPL / Upper / Lower 5×/week,5,intermediate,4 of 4,endurance,endurance,2,legs,Legs,2,Walking lunge (long stride),Glutes — Compound and Isolation,glute_focused,"Glutes, Glute medius, Adductors",4,10–15,30–45 sec,bodyweight+dumbbells
ul_ppl_hybrid_5x,PPL / Upper / Lower 5×/week,5,intermediate,4 of 4,endurance,endurance,2,legs,Legs,3,Leg extensions,Quads — Isolation,quad_isolation,Quads,4,12–20,30–45 sec,machines
ul_ppl_hybrid_5x,PPL / Upper / Lower 5×/week,5,intermediate,4 of 4,endurance,endurance,2,legs,Legs,4,Standing calf raise,Calves,calves,"Gastrocnemius, Soleus",4,10–15,30–45 sec,machines
ul_ppl_hybrid_5x,PPL / Upper / Lower 5×/week,5,intermediate,4 of 4,endurance,endurance,2,legs,Legs,5,Seated calf raise,Calves,calves,"Gastrocnemius, Soleus",3,10–15,30–45 sec,machines
ul_ppl_hybrid_5x,PPL / Upper / Lower 5×/week,5,intermediate,4 of 4,endurance,endurance,2,legs,Legs,6,Cable crunch,Core — Weighted Ab Training,core,"Rectus abdominis, Obliques",3,12–20,30–45 sec,cables
ul_ppl_hybrid_5x,PPL / Upper / Lower 5×/week,5,intermediate,4 of 4,endurance,endurance,3,upper,Upper,0,Cable crossover (lower chest),Chest — Decline / Lower Chest,chest_decline,"Lower chest, Mid chest, Triceps",3,15–25,30–45 sec,cables
ul_ppl_hybrid_5x,PPL / Upper / Lower 5×/week,5,intermediate,4 of 4,endurance,endurance,3,upper,Upper,1,Cable fly (seated or standing),Chest — Isolation (Fly / Stretch),chest_isolation,Chest,3,15–25,30–45 sec,cables
ul_ppl_hybrid_5x,PPL / Upper / Lower 5×/week,5,intermediate,4 of 4,endurance,endurance,3,upper,Upper,2,Cable row (wide grip / flared elbows),Back — Inner Back / Rhomboids,back_inner,"Rhomboids, Mid-traps, Rear delts",3,10–15,30–45 sec,cables
ul_ppl_hybrid_5x,PPL / Upper / Lower 5×/week,5,intermediate,4 of 4,endurance,endurance,3,upper,Upper,3,Cable lateral raise,Shoulders — Side Delt Isolation,shoulders_side_delt,Side deltoids,5,12–20,30–45 sec,cables
ul_ppl_hybrid_5x,PPL / Upper / Lower 5×/week,5,intermediate,4 of 4,endurance,endurance,3,upper,Upper,4,Face pull (cable),Rear Delt and Upper Back,rear_delt,"Rear deltoids, External rotators, Upper traps",4,15–20,30–45 sec,cables
ul_ppl_hybrid_5x,PPL / Upper / Lower 5×/week,5,intermediate,4 of 4,endurance,endurance,3,upper,Upper,5,Preacher curl,Biceps,biceps,"Biceps, Brachialis",4,15–25,30–45 sec,barbell
ul_ppl_hybrid_5x,PPL / Upper / Lower 5×/week,5,intermediate,4 of 4,endurance,endurance,4,lower,Lower,0,45° leg press,Quads — Squat Pattern,squat_pattern,"Quads, Glutes, Hamstrings",4,12–20,60 sec,machines
ul_ppl_hybrid_5x,PPL / Upper / Lower 5×/week,5,intermediate,4 of 4,endurance,endurance,4,lower,Lower,1,Conventional deadlift,Hamstrings and Glutes — Hip Hinge,hip_hinge,"Hamstrings, Glutes, Lower back",3,12–20,60 sec,barbell
ul_ppl_hybrid_5x,PPL / Upper / Lower 5×/week,5,intermediate,4 of 4,endurance,endurance,4,lower,Lower,2,Cable pull-through,Glutes — Compound and Isolation,glute_focused,"Glutes, Glute medius, Adductors",4,10–15,30–45 sec,cables
ul_ppl_hybrid_5x,PPL / Upper / Lower 5×/week,5,intermediate,4 of 4,endurance,endurance,4,lower,Lower,3,Seated leg curl,Hamstrings — Isolation,hamstring_isolation,Hamstrings,3,15–25,30–45 sec,machines
ul_ppl_hybrid_5x,PPL / Upper / Lower 5×/week,5,intermediate,4 of 4,endurance,endurance,4,lower,Lower,4,Seated calf raise,Calves,calves,"Gastrocnemius, Soleus",3,10–15,30–45 sec,machines
ul_ppl_hybrid_5x,PPL / Upper / Lower 5×/week,5,intermediate,4 of 4,endurance,endurance,4,lower,Lower,5,Cable crunch,Core — Weighted Ab Training,core,"Rectus abdominis, Obliques",2,12–20,30–45 sec,cables
ul_ppl_hybrid_5x,PPL / Upper / Lower 5×/week,5,advanced,1 of 4,muscle,muscle | maintain | default | recomp | cut_strength | cut_endurance | powerbuilding | hybrid_muscle | hybrid_strength | powerbuilding_cut | athletic_recomp | athletic_cut | athletic_bulk,0,push,Push,0,Barbell bench press,Chest — Horizontal Push,chest_horizontal_push,"Chest, Shoulders, Triceps",4,10–15,90 sec,barbell
ul_ppl_hybrid_5x,PPL / Upper / Lower 5×/week,5,advanced,1 of 4,muscle,muscle | maintain | default | recomp | cut_strength | cut_endurance | powerbuilding | hybrid_muscle | hybrid_strength | powerbuilding_cut | athletic_recomp | athletic_cut | athletic_bulk,0,push,Push,1,Incline barbell press,Chest — Incline Push (Upper Chest),chest_incline_push,"Upper chest, Shoulders, Triceps",4,10–15,90 sec,barbell
ul_ppl_hybrid_5x,PPL / Upper / Lower 5×/week,5,advanced,1 of 4,muscle,muscle | maintain | default | recomp | cut_strength | cut_endurance | powerbuilding | hybrid_muscle | hybrid_strength | powerbuilding_cut | athletic_recomp | athletic_cut | athletic_bulk,0,push,Push,2,Barbell overhead press,Shoulders — Vertical Push,shoulders_vertical_push,"Shoulders, Triceps, Upper chest",3,10–15,90 sec,barbell
ul_ppl_hybrid_5x,PPL / Upper / Lower 5×/week,5,advanced,1 of 4,muscle,muscle | maintain | default | recomp | cut_strength | cut_endurance | powerbuilding | hybrid_muscle | hybrid_strength | powerbuilding_cut | athletic_recomp | athletic_cut | athletic_bulk,0,push,Push,3,Cable lateral raise,Shoulders — Side Delt Isolation,shoulders_side_delt,Side deltoids,6,12–20,60 sec,cables
ul_ppl_hybrid_5x,PPL / Upper / Lower 5×/week,5,advanced,1 of 4,muscle,muscle | maintain | default | recomp | cut_strength | cut_endurance | powerbuilding | hybrid_muscle | hybrid_strength | powerbuilding_cut | athletic_recomp | athletic_cut | athletic_bulk,0,push,Push,4,Overhead tricep extension,Triceps,triceps,Triceps,5,12–15,60 sec,cables
ul_ppl_hybrid_5x,PPL / Upper / Lower 5×/week,5,advanced,1 of 4,muscle,muscle | maintain | default | recomp | cut_strength | cut_endurance | powerbuilding | hybrid_muscle | hybrid_strength | powerbuilding_cut | athletic_recomp | athletic_cut | athletic_bulk,0,push,Push,5,Cable tricep pushdown (rope or bar),Triceps,triceps,Triceps,5,12–15,60 sec,cables
ul_ppl_hybrid_5x,PPL / Upper / Lower 5×/week,5,advanced,1 of 4,muscle,muscle | maintain | default | recomp | cut_strength | cut_endurance | powerbuilding | hybrid_muscle | hybrid_strength | powerbuilding_cut | athletic_recomp | athletic_cut | athletic_bulk,1,pull,Pull,0,Pull-up (overhand),Back — Vertical Pull (Lat Width),back_vertical_pull,"Lats, Biceps, Rear delts",4,6–10,90 sec,pullup_bar
ul_ppl_hybrid_5x,PPL / Upper / Lower 5×/week,5,advanced,1 of 4,muscle,muscle | maintain | default | recomp | cut_strength | cut_endurance | powerbuilding | hybrid_muscle | hybrid_strength | powerbuilding_cut | athletic_recomp | athletic_cut | athletic_bulk,1,pull,Pull,1,Barbell row,Back — Horizontal Pull (Back Thickness + Inner Back),back_horizontal_pull,"Lats, Rhomboids, Mid-traps, Rear delts, Biceps",4,10–15,90 sec,barbell
ul_ppl_hybrid_5x,PPL / Upper / Lower 5×/week,5,advanced,1 of 4,muscle,muscle | maintain | default | recomp | cut_strength | cut_endurance | powerbuilding | hybrid_muscle | hybrid_strength | powerbuilding_cut | athletic_recomp | athletic_cut | athletic_bulk,1,pull,Pull,2,Face pull (cable),Rear Delt and Upper Back,rear_delt,"Rear deltoids, External rotators, Upper traps",5,15–20,60 sec,cables
ul_ppl_hybrid_5x,PPL / Upper / Lower 5×/week,5,advanced,1 of 4,muscle,muscle | maintain | default | recomp | cut_strength | cut_endurance | powerbuilding | hybrid_muscle | hybrid_strength | powerbuilding_cut | athletic_recomp | athletic_cut | athletic_bulk,1,pull,Pull,3,Bayesian cable curl,Biceps,biceps,"Biceps, Brachialis",4,12–15,60 sec,cables
ul_ppl_hybrid_5x,PPL / Upper / Lower 5×/week,5,advanced,1 of 4,muscle,muscle | maintain | default | recomp | cut_strength | cut_endurance | powerbuilding | hybrid_muscle | hybrid_strength | powerbuilding_cut | athletic_recomp | athletic_cut | athletic_bulk,1,pull,Pull,4,Barbell shrug,Upper Traps,upper_traps,"Upper trapezius, Levator scapulae",4,10–15,60 sec,barbell
ul_ppl_hybrid_5x,PPL / Upper / Lower 5×/week,5,advanced,1 of 4,muscle,muscle | maintain | default | recomp | cut_strength | cut_endurance | powerbuilding | hybrid_muscle | hybrid_strength | powerbuilding_cut | athletic_recomp | athletic_cut | athletic_bulk,1,pull,Pull,5,Cable crunch,Core — Weighted Ab Training,core,"Rectus abdominis, Obliques",3,12–20,60 sec,cables
ul_ppl_hybrid_5x,PPL / Upper / Lower 5×/week,5,advanced,1 of 4,muscle,muscle | maintain | default | recomp | cut_strength | cut_endurance | powerbuilding | hybrid_muscle | hybrid_strength | powerbuilding_cut | athletic_recomp | athletic_cut | athletic_bulk,2,legs,Legs,0,Barbell back squat,Quads — Squat Pattern,squat_pattern,"Quads, Glutes, Hamstrings",5,10–15,90 sec,barbell
ul_ppl_hybrid_5x,PPL / Upper / Lower 5×/week,5,advanced,1 of 4,muscle,muscle | maintain | default | recomp | cut_strength | cut_endurance | powerbuilding | hybrid_muscle | hybrid_strength | powerbuilding_cut | athletic_recomp | athletic_cut | athletic_bulk,2,legs,Legs,1,Romanian deadlift (barbell),Hamstrings and Glutes — Hip Hinge,hip_hinge,"Hamstrings, Glutes, Lower back",4,10–15,90 sec,barbell
ul_ppl_hybrid_5x,PPL / Upper / Lower 5×/week,5,advanced,1 of 4,muscle,muscle | maintain | default | recomp | cut_strength | cut_endurance | powerbuilding | hybrid_muscle | hybrid_strength | powerbuilding_cut | athletic_recomp | athletic_cut | athletic_bulk,2,legs,Legs,2,Walking lunge (long stride),Glutes — Compound and Isolation,glute_focused,"Glutes, Glute medius, Adductors",6,10–15,60 sec,bodyweight+dumbbells
ul_ppl_hybrid_5x,PPL / Upper / Lower 5×/week,5,advanced,1 of 4,muscle,muscle | maintain | default | recomp | cut_strength | cut_endurance | powerbuilding | hybrid_muscle | hybrid_strength | powerbuilding_cut | athletic_recomp | athletic_cut | athletic_bulk,2,legs,Legs,3,Leg extensions,Quads — Isolation,quad_isolation,Quads,5,12–20,60 sec,machines
ul_ppl_hybrid_5x,PPL / Upper / Lower 5×/week,5,advanced,1 of 4,muscle,muscle | maintain | default | recomp | cut_strength | cut_endurance | powerbuilding | hybrid_muscle | hybrid_strength | powerbuilding_cut | athletic_recomp | athletic_cut | athletic_bulk,2,legs,Legs,4,Standing calf raise,Calves,calves,"Gastrocnemius, Soleus",4,10–15,60 sec,machines
ul_ppl_hybrid_5x,PPL / Upper / Lower 5×/week,5,advanced,1 of 4,muscle,muscle | maintain | default | recomp | cut_strength | cut_endurance | powerbuilding | hybrid_muscle | hybrid_strength | powerbuilding_cut | athletic_recomp | athletic_cut | athletic_bulk,2,legs,Legs,5,Seated calf raise,Calves,calves,"Gastrocnemius, Soleus",3,10–15,60 sec,machines
ul_ppl_hybrid_5x,PPL / Upper / Lower 5×/week,5,advanced,1 of 4,muscle,muscle | maintain | default | recomp | cut_strength | cut_endurance | powerbuilding | hybrid_muscle | hybrid_strength | powerbuilding_cut | athletic_recomp | athletic_cut | athletic_bulk,2,legs,Legs,6,Cable crunch,Core — Weighted Ab Training,core,"Rectus abdominis, Obliques",3,12–20,60 sec,cables
ul_ppl_hybrid_5x,PPL / Upper / Lower 5×/week,5,advanced,1 of 4,muscle,muscle | maintain | default | recomp | cut_strength | cut_endurance | powerbuilding | hybrid_muscle | hybrid_strength | powerbuilding_cut | athletic_recomp | athletic_cut | athletic_bulk,3,upper,Upper,0,Cable crossover (lower chest),Chest — Decline / Lower Chest,chest_decline,"Lower chest, Mid chest, Triceps",3,12–15,60 sec,cables
ul_ppl_hybrid_5x,PPL / Upper / Lower 5×/week,5,advanced,1 of 4,muscle,muscle | maintain | default | recomp | cut_strength | cut_endurance | powerbuilding | hybrid_muscle | hybrid_strength | powerbuilding_cut | athletic_recomp | athletic_cut | athletic_bulk,3,upper,Upper,1,Cable fly (seated or standing),Chest — Isolation (Fly / Stretch),chest_isolation,Chest,3,12–15,60 sec,cables
ul_ppl_hybrid_5x,PPL / Upper / Lower 5×/week,5,advanced,1 of 4,muscle,muscle | maintain | default | recomp | cut_strength | cut_endurance | powerbuilding | hybrid_muscle | hybrid_strength | powerbuilding_cut | athletic_recomp | athletic_cut | athletic_bulk,3,upper,Upper,2,Cable row (wide grip / flared elbows),Back — Inner Back / Rhomboids,back_inner,"Rhomboids, Mid-traps, Rear delts",4,10–15,60 sec,cables
ul_ppl_hybrid_5x,PPL / Upper / Lower 5×/week,5,advanced,1 of 4,muscle,muscle | maintain | default | recomp | cut_strength | cut_endurance | powerbuilding | hybrid_muscle | hybrid_strength | powerbuilding_cut | athletic_recomp | athletic_cut | athletic_bulk,3,upper,Upper,3,Cable lateral raise,Shoulders — Side Delt Isolation,shoulders_side_delt,Side deltoids,6,12–20,60 sec,cables
ul_ppl_hybrid_5x,PPL / Upper / Lower 5×/week,5,advanced,1 of 4,muscle,muscle | maintain | default | recomp | cut_strength | cut_endurance | powerbuilding | hybrid_muscle | hybrid_strength | powerbuilding_cut | athletic_recomp | athletic_cut | athletic_bulk,3,upper,Upper,4,Face pull (cable),Rear Delt and Upper Back,rear_delt,"Rear deltoids, External rotators, Upper traps",5,15–20,60 sec,cables
ul_ppl_hybrid_5x,PPL / Upper / Lower 5×/week,5,advanced,1 of 4,muscle,muscle | maintain | default | recomp | cut_strength | cut_endurance | powerbuilding | hybrid_muscle | hybrid_strength | powerbuilding_cut | athletic_recomp | athletic_cut | athletic_bulk,3,upper,Upper,5,Preacher curl,Biceps,biceps,"Biceps, Brachialis",4,12–15,60 sec,barbell
ul_ppl_hybrid_5x,PPL / Upper / Lower 5×/week,5,advanced,1 of 4,muscle,muscle | maintain | default | recomp | cut_strength | cut_endurance | powerbuilding | hybrid_muscle | hybrid_strength | powerbuilding_cut | athletic_recomp | athletic_cut | athletic_bulk,4,lower,Lower,0,45° leg press,Quads — Squat Pattern,squat_pattern,"Quads, Glutes, Hamstrings",4,10–15,90 sec,machines
ul_ppl_hybrid_5x,PPL / Upper / Lower 5×/week,5,advanced,1 of 4,muscle,muscle | maintain | default | recomp | cut_strength | cut_endurance | powerbuilding | hybrid_muscle | hybrid_strength | powerbuilding_cut | athletic_recomp | athletic_cut | athletic_bulk,4,lower,Lower,1,Conventional deadlift,Hamstrings and Glutes — Hip Hinge,hip_hinge,"Hamstrings, Glutes, Lower back",3,10–15,90 sec,barbell
ul_ppl_hybrid_5x,PPL / Upper / Lower 5×/week,5,advanced,1 of 4,muscle,muscle | maintain | default | recomp | cut_strength | cut_endurance | powerbuilding | hybrid_muscle | hybrid_strength | powerbuilding_cut | athletic_recomp | athletic_cut | athletic_bulk,4,lower,Lower,2,Cable pull-through,Glutes — Compound and Isolation,glute_focused,"Glutes, Glute medius, Adductors",6,10–15,60 sec,cables
ul_ppl_hybrid_5x,PPL / Upper / Lower 5×/week,5,advanced,1 of 4,muscle,muscle | maintain | default | recomp | cut_strength | cut_endurance | powerbuilding | hybrid_muscle | hybrid_strength | powerbuilding_cut | athletic_recomp | athletic_cut | athletic_bulk,4,lower,Lower,3,Seated leg curl,Hamstrings — Isolation,hamstring_isolation,Hamstrings,3,12–15,60 sec,machines
ul_ppl_hybrid_5x,PPL / Upper / Lower 5×/week,5,advanced,1 of 4,muscle,muscle | maintain | default | recomp | cut_strength | cut_endurance | powerbuilding | hybrid_muscle | hybrid_strength | powerbuilding_cut | athletic_recomp | athletic_cut | athletic_bulk,4,lower,Lower,4,Seated calf raise,Calves,calves,"Gastrocnemius, Soleus",3,10–15,60 sec,machines
ul_ppl_hybrid_5x,PPL / Upper / Lower 5×/week,5,advanced,1 of 4,muscle,muscle | maintain | default | recomp | cut_strength | cut_endurance | powerbuilding | hybrid_muscle | hybrid_strength | powerbuilding_cut | athletic_recomp | athletic_cut | athletic_bulk,4,lower,Lower,5,Cable crunch,Core — Weighted Ab Training,core,"Rectus abdominis, Obliques",2,12–20,60 sec,cables
ul_ppl_hybrid_5x,PPL / Upper / Lower 5×/week,5,advanced,2 of 4,strength,strength,0,push,Push,0,Barbell bench press,Chest — Horizontal Push,chest_horizontal_push,"Chest, Shoulders, Triceps",4,3–6,3–5 min,barbell
ul_ppl_hybrid_5x,PPL / Upper / Lower 5×/week,5,advanced,2 of 4,strength,strength,0,push,Push,1,Incline barbell press,Chest — Incline Push (Upper Chest),chest_incline_push,"Upper chest, Shoulders, Triceps",4,3–6,3–5 min,barbell
ul_ppl_hybrid_5x,PPL / Upper / Lower 5×/week,5,advanced,2 of 4,strength,strength,0,push,Push,2,Barbell overhead press,Shoulders — Vertical Push,shoulders_vertical_push,"Shoulders, Triceps, Upper chest",3,3–6,3–5 min,barbell
ul_ppl_hybrid_5x,PPL / Upper / Lower 5×/week,5,advanced,2 of 4,strength,strength,0,push,Push,3,Cable lateral raise,Shoulders — Side Delt Isolation,shoulders_side_delt,Side deltoids,6,12–20,2 min,cables
ul_ppl_hybrid_5x,PPL / Upper / Lower 5×/week,5,advanced,2 of 4,strength,strength,0,push,Push,4,Overhead tricep extension,Triceps,triceps,Triceps,5,8–12,2 min,cables
ul_ppl_hybrid_5x,PPL / Upper / Lower 5×/week,5,advanced,2 of 4,strength,strength,0,push,Push,5,Cable tricep pushdown (rope or bar),Triceps,triceps,Triceps,5,8–12,2 min,cables
ul_ppl_hybrid_5x,PPL / Upper / Lower 5×/week,5,advanced,2 of 4,strength,strength,1,pull,Pull,0,Pull-up (overhand),Back — Vertical Pull (Lat Width),back_vertical_pull,"Lats, Biceps, Rear delts",4,6–10,3–5 min,pullup_bar
ul_ppl_hybrid_5x,PPL / Upper / Lower 5×/week,5,advanced,2 of 4,strength,strength,1,pull,Pull,1,Barbell row,Back — Horizontal Pull (Back Thickness + Inner Back),back_horizontal_pull,"Lats, Rhomboids, Mid-traps, Rear delts, Biceps",4,3–6,3–5 min,barbell
ul_ppl_hybrid_5x,PPL / Upper / Lower 5×/week,5,advanced,2 of 4,strength,strength,1,pull,Pull,2,Face pull (cable),Rear Delt and Upper Back,rear_delt,"Rear deltoids, External rotators, Upper traps",5,15–20,2 min,cables
ul_ppl_hybrid_5x,PPL / Upper / Lower 5×/week,5,advanced,2 of 4,strength,strength,1,pull,Pull,3,Bayesian cable curl,Biceps,biceps,"Biceps, Brachialis",4,8–12,2 min,cables
ul_ppl_hybrid_5x,PPL / Upper / Lower 5×/week,5,advanced,2 of 4,strength,strength,1,pull,Pull,4,Barbell shrug,Upper Traps,upper_traps,"Upper trapezius, Levator scapulae",4,10–15,2 min,barbell
ul_ppl_hybrid_5x,PPL / Upper / Lower 5×/week,5,advanced,2 of 4,strength,strength,1,pull,Pull,5,Cable crunch,Core — Weighted Ab Training,core,"Rectus abdominis, Obliques",3,12–20,2 min,cables
ul_ppl_hybrid_5x,PPL / Upper / Lower 5×/week,5,advanced,2 of 4,strength,strength,2,legs,Legs,0,Barbell back squat,Quads — Squat Pattern,squat_pattern,"Quads, Glutes, Hamstrings",6,3–6,3–5 min,barbell
ul_ppl_hybrid_5x,PPL / Upper / Lower 5×/week,5,advanced,2 of 4,strength,strength,2,legs,Legs,1,Romanian deadlift (barbell),Hamstrings and Glutes — Hip Hinge,hip_hinge,"Hamstrings, Glutes, Lower back",4,3–6,3–5 min,barbell
ul_ppl_hybrid_5x,PPL / Upper / Lower 5×/week,5,advanced,2 of 4,strength,strength,2,legs,Legs,2,Walking lunge (long stride),Glutes — Compound and Isolation,glute_focused,"Glutes, Glute medius, Adductors",6,10–15,2 min,bodyweight+dumbbells
ul_ppl_hybrid_5x,PPL / Upper / Lower 5×/week,5,advanced,2 of 4,strength,strength,2,legs,Legs,3,Leg extensions,Quads — Isolation,quad_isolation,Quads,4,12–20,2 min,machines
ul_ppl_hybrid_5x,PPL / Upper / Lower 5×/week,5,advanced,2 of 4,strength,strength,2,legs,Legs,4,Standing calf raise,Calves,calves,"Gastrocnemius, Soleus",4,10–15,2 min,machines
ul_ppl_hybrid_5x,PPL / Upper / Lower 5×/week,5,advanced,2 of 4,strength,strength,2,legs,Legs,5,Seated calf raise,Calves,calves,"Gastrocnemius, Soleus",3,10–15,2 min,machines
ul_ppl_hybrid_5x,PPL / Upper / Lower 5×/week,5,advanced,2 of 4,strength,strength,2,legs,Legs,6,Cable crunch,Core — Weighted Ab Training,core,"Rectus abdominis, Obliques",3,12–20,2 min,cables
ul_ppl_hybrid_5x,PPL / Upper / Lower 5×/week,5,advanced,2 of 4,strength,strength,3,upper,Upper,0,Cable crossover (lower chest),Chest — Decline / Lower Chest,chest_decline,"Lower chest, Mid chest, Triceps",3,8–12,2 min,cables
ul_ppl_hybrid_5x,PPL / Upper / Lower 5×/week,5,advanced,2 of 4,strength,strength,3,upper,Upper,1,Cable fly (seated or standing),Chest — Isolation (Fly / Stretch),chest_isolation,Chest,3,8–12,2 min,cables
ul_ppl_hybrid_5x,PPL / Upper / Lower 5×/week,5,advanced,2 of 4,strength,strength,3,upper,Upper,2,Cable row (wide grip / flared elbows),Back — Inner Back / Rhomboids,back_inner,"Rhomboids, Mid-traps, Rear delts",4,10–15,2 min,cables
ul_ppl_hybrid_5x,PPL / Upper / Lower 5×/week,5,advanced,2 of 4,strength,strength,3,upper,Upper,3,Cable lateral raise,Shoulders — Side Delt Isolation,shoulders_side_delt,Side deltoids,6,12–20,2 min,cables
ul_ppl_hybrid_5x,PPL / Upper / Lower 5×/week,5,advanced,2 of 4,strength,strength,3,upper,Upper,4,Face pull (cable),Rear Delt and Upper Back,rear_delt,"Rear deltoids, External rotators, Upper traps",5,15–20,2 min,cables
ul_ppl_hybrid_5x,PPL / Upper / Lower 5×/week,5,advanced,2 of 4,strength,strength,3,upper,Upper,5,Preacher curl,Biceps,biceps,"Biceps, Brachialis",4,8–12,2 min,barbell
ul_ppl_hybrid_5x,PPL / Upper / Lower 5×/week,5,advanced,2 of 4,strength,strength,4,lower,Lower,0,45° leg press,Quads — Squat Pattern,squat_pattern,"Quads, Glutes, Hamstrings",4,3–6,3–5 min,machines
ul_ppl_hybrid_5x,PPL / Upper / Lower 5×/week,5,advanced,2 of 4,strength,strength,4,lower,Lower,1,Conventional deadlift,Hamstrings and Glutes — Hip Hinge,hip_hinge,"Hamstrings, Glutes, Lower back",4,3–6,3–5 min,barbell
ul_ppl_hybrid_5x,PPL / Upper / Lower 5×/week,5,advanced,2 of 4,strength,strength,4,lower,Lower,2,Cable pull-through,Glutes — Compound and Isolation,glute_focused,"Glutes, Glute medius, Adductors",6,10–15,2 min,cables
ul_ppl_hybrid_5x,PPL / Upper / Lower 5×/week,5,advanced,2 of 4,strength,strength,4,lower,Lower,3,Seated leg curl,Hamstrings — Isolation,hamstring_isolation,Hamstrings,2,8–12,2 min,machines
ul_ppl_hybrid_5x,PPL / Upper / Lower 5×/week,5,advanced,2 of 4,strength,strength,4,lower,Lower,4,Seated calf raise,Calves,calves,"Gastrocnemius, Soleus",3,10–15,2 min,machines
ul_ppl_hybrid_5x,PPL / Upper / Lower 5×/week,5,advanced,2 of 4,strength,strength,4,lower,Lower,5,Cable crunch,Core — Weighted Ab Training,core,"Rectus abdominis, Obliques",2,12–20,2 min,cables
ul_ppl_hybrid_5x,PPL / Upper / Lower 5×/week,5,advanced,3 of 4,lose,lose,0,push,Push,0,Barbell bench press,Chest — Horizontal Push,chest_horizontal_push,"Chest, Shoulders, Triceps",4,6–10,2–3 min,barbell
ul_ppl_hybrid_5x,PPL / Upper / Lower 5×/week,5,advanced,3 of 4,lose,lose,0,push,Push,1,Incline barbell press,Chest — Incline Push (Upper Chest),chest_incline_push,"Upper chest, Shoulders, Triceps",4,6–10,2–3 min,barbell
ul_ppl_hybrid_5x,PPL / Upper / Lower 5×/week,5,advanced,3 of 4,lose,lose,0,push,Push,2,Barbell overhead press,Shoulders — Vertical Push,shoulders_vertical_push,"Shoulders, Triceps, Upper chest",3,6–10,2–3 min,barbell
ul_ppl_hybrid_5x,PPL / Upper / Lower 5×/week,5,advanced,3 of 4,lose,lose,0,push,Push,3,Cable lateral raise,Shoulders — Side Delt Isolation,shoulders_side_delt,Side deltoids,6,12–20,90 sec,cables
ul_ppl_hybrid_5x,PPL / Upper / Lower 5×/week,5,advanced,3 of 4,lose,lose,0,push,Push,4,Overhead tricep extension,Triceps,triceps,Triceps,5,12–15,90 sec,cables
ul_ppl_hybrid_5x,PPL / Upper / Lower 5×/week,5,advanced,3 of 4,lose,lose,0,push,Push,5,Cable tricep pushdown (rope or bar),Triceps,triceps,Triceps,5,12–15,90 sec,cables
ul_ppl_hybrid_5x,PPL / Upper / Lower 5×/week,5,advanced,3 of 4,lose,lose,1,pull,Pull,0,Pull-up (overhand),Back — Vertical Pull (Lat Width),back_vertical_pull,"Lats, Biceps, Rear delts",4,6–10,2–3 min,pullup_bar
ul_ppl_hybrid_5x,PPL / Upper / Lower 5×/week,5,advanced,3 of 4,lose,lose,1,pull,Pull,1,Barbell row,Back — Horizontal Pull (Back Thickness + Inner Back),back_horizontal_pull,"Lats, Rhomboids, Mid-traps, Rear delts, Biceps",4,6–10,2–3 min,barbell
ul_ppl_hybrid_5x,PPL / Upper / Lower 5×/week,5,advanced,3 of 4,lose,lose,1,pull,Pull,2,Face pull (cable),Rear Delt and Upper Back,rear_delt,"Rear deltoids, External rotators, Upper traps",5,15–20,90 sec,cables
ul_ppl_hybrid_5x,PPL / Upper / Lower 5×/week,5,advanced,3 of 4,lose,lose,1,pull,Pull,3,Bayesian cable curl,Biceps,biceps,"Biceps, Brachialis",4,12–15,90 sec,cables
ul_ppl_hybrid_5x,PPL / Upper / Lower 5×/week,5,advanced,3 of 4,lose,lose,1,pull,Pull,4,Barbell shrug,Upper Traps,upper_traps,"Upper trapezius, Levator scapulae",4,10–15,90 sec,barbell
ul_ppl_hybrid_5x,PPL / Upper / Lower 5×/week,5,advanced,3 of 4,lose,lose,1,pull,Pull,5,Cable crunch,Core — Weighted Ab Training,core,"Rectus abdominis, Obliques",3,12–20,90 sec,cables
ul_ppl_hybrid_5x,PPL / Upper / Lower 5×/week,5,advanced,3 of 4,lose,lose,2,legs,Legs,0,Barbell back squat,Quads — Squat Pattern,squat_pattern,"Quads, Glutes, Hamstrings",5,6–10,2–3 min,barbell
ul_ppl_hybrid_5x,PPL / Upper / Lower 5×/week,5,advanced,3 of 4,lose,lose,2,legs,Legs,1,Romanian deadlift (barbell),Hamstrings and Glutes — Hip Hinge,hip_hinge,"Hamstrings, Glutes, Lower back",4,6–10,2–3 min,barbell
ul_ppl_hybrid_5x,PPL / Upper / Lower 5×/week,5,advanced,3 of 4,lose,lose,2,legs,Legs,2,Walking lunge (long stride),Glutes — Compound and Isolation,glute_focused,"Glutes, Glute medius, Adductors",6,10–15,90 sec,bodyweight+dumbbells
ul_ppl_hybrid_5x,PPL / Upper / Lower 5×/week,5,advanced,3 of 4,lose,lose,2,legs,Legs,3,Leg extensions,Quads — Isolation,quad_isolation,Quads,5,12–20,90 sec,machines
ul_ppl_hybrid_5x,PPL / Upper / Lower 5×/week,5,advanced,3 of 4,lose,lose,2,legs,Legs,4,Standing calf raise,Calves,calves,"Gastrocnemius, Soleus",4,10–15,90 sec,machines
ul_ppl_hybrid_5x,PPL / Upper / Lower 5×/week,5,advanced,3 of 4,lose,lose,2,legs,Legs,5,Seated calf raise,Calves,calves,"Gastrocnemius, Soleus",3,10–15,90 sec,machines
ul_ppl_hybrid_5x,PPL / Upper / Lower 5×/week,5,advanced,3 of 4,lose,lose,2,legs,Legs,6,Cable crunch,Core — Weighted Ab Training,core,"Rectus abdominis, Obliques",3,12–20,90 sec,cables
ul_ppl_hybrid_5x,PPL / Upper / Lower 5×/week,5,advanced,3 of 4,lose,lose,3,upper,Upper,0,Cable crossover (lower chest),Chest — Decline / Lower Chest,chest_decline,"Lower chest, Mid chest, Triceps",3,12–15,90 sec,cables
ul_ppl_hybrid_5x,PPL / Upper / Lower 5×/week,5,advanced,3 of 4,lose,lose,3,upper,Upper,1,Cable fly (seated or standing),Chest — Isolation (Fly / Stretch),chest_isolation,Chest,3,12–15,90 sec,cables
ul_ppl_hybrid_5x,PPL / Upper / Lower 5×/week,5,advanced,3 of 4,lose,lose,3,upper,Upper,2,Cable row (wide grip / flared elbows),Back — Inner Back / Rhomboids,back_inner,"Rhomboids, Mid-traps, Rear delts",4,10–15,90 sec,cables
ul_ppl_hybrid_5x,PPL / Upper / Lower 5×/week,5,advanced,3 of 4,lose,lose,3,upper,Upper,3,Cable lateral raise,Shoulders — Side Delt Isolation,shoulders_side_delt,Side deltoids,6,12–20,90 sec,cables
ul_ppl_hybrid_5x,PPL / Upper / Lower 5×/week,5,advanced,3 of 4,lose,lose,3,upper,Upper,4,Face pull (cable),Rear Delt and Upper Back,rear_delt,"Rear deltoids, External rotators, Upper traps",5,15–20,90 sec,cables
ul_ppl_hybrid_5x,PPL / Upper / Lower 5×/week,5,advanced,3 of 4,lose,lose,3,upper,Upper,5,Preacher curl,Biceps,biceps,"Biceps, Brachialis",4,12–15,90 sec,barbell
ul_ppl_hybrid_5x,PPL / Upper / Lower 5×/week,5,advanced,3 of 4,lose,lose,4,lower,Lower,0,45° leg press,Quads — Squat Pattern,squat_pattern,"Quads, Glutes, Hamstrings",4,6–10,2–3 min,machines
ul_ppl_hybrid_5x,PPL / Upper / Lower 5×/week,5,advanced,3 of 4,lose,lose,4,lower,Lower,1,Conventional deadlift,Hamstrings and Glutes — Hip Hinge,hip_hinge,"Hamstrings, Glutes, Lower back",3,6–10,2–3 min,barbell
ul_ppl_hybrid_5x,PPL / Upper / Lower 5×/week,5,advanced,3 of 4,lose,lose,4,lower,Lower,2,Cable pull-through,Glutes — Compound and Isolation,glute_focused,"Glutes, Glute medius, Adductors",6,10–15,90 sec,cables
ul_ppl_hybrid_5x,PPL / Upper / Lower 5×/week,5,advanced,3 of 4,lose,lose,4,lower,Lower,3,Seated leg curl,Hamstrings — Isolation,hamstring_isolation,Hamstrings,3,12–15,90 sec,machines
ul_ppl_hybrid_5x,PPL / Upper / Lower 5×/week,5,advanced,3 of 4,lose,lose,4,lower,Lower,4,Seated calf raise,Calves,calves,"Gastrocnemius, Soleus",3,10–15,90 sec,machines
ul_ppl_hybrid_5x,PPL / Upper / Lower 5×/week,5,advanced,3 of 4,lose,lose,4,lower,Lower,5,Cable crunch,Core — Weighted Ab Training,core,"Rectus abdominis, Obliques",2,12–20,90 sec,cables
ul_ppl_hybrid_5x,PPL / Upper / Lower 5×/week,5,advanced,4 of 4,endurance,endurance,0,push,Push,0,Barbell bench press,Chest — Horizontal Push,chest_horizontal_push,"Chest, Shoulders, Triceps",4,12–20,60 sec,barbell
ul_ppl_hybrid_5x,PPL / Upper / Lower 5×/week,5,advanced,4 of 4,endurance,endurance,0,push,Push,1,Incline barbell press,Chest — Incline Push (Upper Chest),chest_incline_push,"Upper chest, Shoulders, Triceps",4,12–20,60 sec,barbell
ul_ppl_hybrid_5x,PPL / Upper / Lower 5×/week,5,advanced,4 of 4,endurance,endurance,0,push,Push,2,Barbell overhead press,Shoulders — Vertical Push,shoulders_vertical_push,"Shoulders, Triceps, Upper chest",3,12–20,60 sec,barbell
ul_ppl_hybrid_5x,PPL / Upper / Lower 5×/week,5,advanced,4 of 4,endurance,endurance,0,push,Push,3,Cable lateral raise,Shoulders — Side Delt Isolation,shoulders_side_delt,Side deltoids,6,12–20,30–45 sec,cables
ul_ppl_hybrid_5x,PPL / Upper / Lower 5×/week,5,advanced,4 of 4,endurance,endurance,0,push,Push,4,Overhead tricep extension,Triceps,triceps,Triceps,5,15–25,30–45 sec,cables
ul_ppl_hybrid_5x,PPL / Upper / Lower 5×/week,5,advanced,4 of 4,endurance,endurance,0,push,Push,5,Cable tricep pushdown (rope or bar),Triceps,triceps,Triceps,5,15–25,30–45 sec,cables
ul_ppl_hybrid_5x,PPL / Upper / Lower 5×/week,5,advanced,4 of 4,endurance,endurance,1,pull,Pull,0,Pull-up (overhand),Back — Vertical Pull (Lat Width),back_vertical_pull,"Lats, Biceps, Rear delts",4,6–10,60 sec,pullup_bar
ul_ppl_hybrid_5x,PPL / Upper / Lower 5×/week,5,advanced,4 of 4,endurance,endurance,1,pull,Pull,1,Barbell row,Back — Horizontal Pull (Back Thickness + Inner Back),back_horizontal_pull,"Lats, Rhomboids, Mid-traps, Rear delts, Biceps",4,12–20,60 sec,barbell
ul_ppl_hybrid_5x,PPL / Upper / Lower 5×/week,5,advanced,4 of 4,endurance,endurance,1,pull,Pull,2,Face pull (cable),Rear Delt and Upper Back,rear_delt,"Rear deltoids, External rotators, Upper traps",5,15–20,30–45 sec,cables
ul_ppl_hybrid_5x,PPL / Upper / Lower 5×/week,5,advanced,4 of 4,endurance,endurance,1,pull,Pull,3,Bayesian cable curl,Biceps,biceps,"Biceps, Brachialis",4,15–25,30–45 sec,cables
ul_ppl_hybrid_5x,PPL / Upper / Lower 5×/week,5,advanced,4 of 4,endurance,endurance,1,pull,Pull,4,Barbell shrug,Upper Traps,upper_traps,"Upper trapezius, Levator scapulae",4,10–15,30–45 sec,barbell
ul_ppl_hybrid_5x,PPL / Upper / Lower 5×/week,5,advanced,4 of 4,endurance,endurance,1,pull,Pull,5,Cable crunch,Core — Weighted Ab Training,core,"Rectus abdominis, Obliques",3,12–20,30–45 sec,cables
ul_ppl_hybrid_5x,PPL / Upper / Lower 5×/week,5,advanced,4 of 4,endurance,endurance,2,legs,Legs,0,Barbell back squat,Quads — Squat Pattern,squat_pattern,"Quads, Glutes, Hamstrings",5,12–20,60 sec,barbell
ul_ppl_hybrid_5x,PPL / Upper / Lower 5×/week,5,advanced,4 of 4,endurance,endurance,2,legs,Legs,1,Romanian deadlift (barbell),Hamstrings and Glutes — Hip Hinge,hip_hinge,"Hamstrings, Glutes, Lower back",4,12–20,60 sec,barbell
ul_ppl_hybrid_5x,PPL / Upper / Lower 5×/week,5,advanced,4 of 4,endurance,endurance,2,legs,Legs,2,Walking lunge (long stride),Glutes — Compound and Isolation,glute_focused,"Glutes, Glute medius, Adductors",6,10–15,30–45 sec,bodyweight+dumbbells
ul_ppl_hybrid_5x,PPL / Upper / Lower 5×/week,5,advanced,4 of 4,endurance,endurance,2,legs,Legs,3,Leg extensions,Quads — Isolation,quad_isolation,Quads,5,12–20,30–45 sec,machines
ul_ppl_hybrid_5x,PPL / Upper / Lower 5×/week,5,advanced,4 of 4,endurance,endurance,2,legs,Legs,4,Standing calf raise,Calves,calves,"Gastrocnemius, Soleus",4,10–15,30–45 sec,machines
ul_ppl_hybrid_5x,PPL / Upper / Lower 5×/week,5,advanced,4 of 4,endurance,endurance,2,legs,Legs,5,Seated calf raise,Calves,calves,"Gastrocnemius, Soleus",3,10–15,30–45 sec,machines
ul_ppl_hybrid_5x,PPL / Upper / Lower 5×/week,5,advanced,4 of 4,endurance,endurance,2,legs,Legs,6,Cable crunch,Core — Weighted Ab Training,core,"Rectus abdominis, Obliques",3,12–20,30–45 sec,cables
ul_ppl_hybrid_5x,PPL / Upper / Lower 5×/week,5,advanced,4 of 4,endurance,endurance,3,upper,Upper,0,Cable crossover (lower chest),Chest — Decline / Lower Chest,chest_decline,"Lower chest, Mid chest, Triceps",3,15–25,30–45 sec,cables
ul_ppl_hybrid_5x,PPL / Upper / Lower 5×/week,5,advanced,4 of 4,endurance,endurance,3,upper,Upper,1,Cable fly (seated or standing),Chest — Isolation (Fly / Stretch),chest_isolation,Chest,3,15–25,30–45 sec,cables
ul_ppl_hybrid_5x,PPL / Upper / Lower 5×/week,5,advanced,4 of 4,endurance,endurance,3,upper,Upper,2,Cable row (wide grip / flared elbows),Back — Inner Back / Rhomboids,back_inner,"Rhomboids, Mid-traps, Rear delts",4,10–15,30–45 sec,cables
ul_ppl_hybrid_5x,PPL / Upper / Lower 5×/week,5,advanced,4 of 4,endurance,endurance,3,upper,Upper,3,Cable lateral raise,Shoulders — Side Delt Isolation,shoulders_side_delt,Side deltoids,6,12–20,30–45 sec,cables
ul_ppl_hybrid_5x,PPL / Upper / Lower 5×/week,5,advanced,4 of 4,endurance,endurance,3,upper,Upper,4,Face pull (cable),Rear Delt and Upper Back,rear_delt,"Rear deltoids, External rotators, Upper traps",5,15–20,30–45 sec,cables
ul_ppl_hybrid_5x,PPL / Upper / Lower 5×/week,5,advanced,4 of 4,endurance,endurance,3,upper,Upper,5,Preacher curl,Biceps,biceps,"Biceps, Brachialis",4,15–25,30–45 sec,barbell
ul_ppl_hybrid_5x,PPL / Upper / Lower 5×/week,5,advanced,4 of 4,endurance,endurance,4,lower,Lower,0,45° leg press,Quads — Squat Pattern,squat_pattern,"Quads, Glutes, Hamstrings",4,12–20,60 sec,machines
ul_ppl_hybrid_5x,PPL / Upper / Lower 5×/week,5,advanced,4 of 4,endurance,endurance,4,lower,Lower,1,Conventional deadlift,Hamstrings and Glutes — Hip Hinge,hip_hinge,"Hamstrings, Glutes, Lower back",3,12–20,60 sec,barbell
ul_ppl_hybrid_5x,PPL / Upper / Lower 5×/week,5,advanced,4 of 4,endurance,endurance,4,lower,Lower,2,Cable pull-through,Glutes — Compound and Isolation,glute_focused,"Glutes, Glute medius, Adductors",6,10–15,30–45 sec,cables
ul_ppl_hybrid_5x,PPL / Upper / Lower 5×/week,5,advanced,4 of 4,endurance,endurance,4,lower,Lower,3,Seated leg curl,Hamstrings — Isolation,hamstring_isolation,Hamstrings,3,15–25,30–45 sec,machines
ul_ppl_hybrid_5x,PPL / Upper / Lower 5×/week,5,advanced,4 of 4,endurance,endurance,4,lower,Lower,4,Seated calf raise,Calves,calves,"Gastrocnemius, Soleus",3,10–15,30–45 sec,machines
ul_ppl_hybrid_5x,PPL / Upper / Lower 5×/week,5,advanced,4 of 4,endurance,endurance,4,lower,Lower,5,Cable crunch,Core — Weighted Ab Training,core,"Rectus abdominis, Obliques",2,12–20,30–45 sec,cables
ppl_6x,Push / Pull / Legs 6×/week,6,beginner,1 of 4,muscle,muscle | maintain | default | recomp | cut_strength | cut_endurance | powerbuilding | hybrid_muscle | hybrid_strength | powerbuilding_cut | athletic_recomp | athletic_cut | athletic_bulk,0,push_a,Push A,0,Barbell bench press,Chest — Horizontal Push,chest_horizontal_push,"Chest, Shoulders, Triceps",2,10–15,90 sec,barbell
ppl_6x,Push / Pull / Legs 6×/week,6,beginner,1 of 4,muscle,muscle | maintain | default | recomp | cut_strength | cut_endurance | powerbuilding | hybrid_muscle | hybrid_strength | powerbuilding_cut | athletic_recomp | athletic_cut | athletic_bulk,0,push_a,Push A,1,Barbell overhead press,Shoulders — Vertical Push,shoulders_vertical_push,"Shoulders, Triceps, Upper chest",3,10–15,90 sec,barbell
ppl_6x,Push / Pull / Legs 6×/week,6,beginner,1 of 4,muscle,muscle | maintain | default | recomp | cut_strength | cut_endurance | powerbuilding | hybrid_muscle | hybrid_strength | powerbuilding_cut | athletic_recomp | athletic_cut | athletic_bulk,0,push_a,Push A,2,Cable fly (seated or standing),Chest — Isolation (Fly / Stretch),chest_isolation,Chest,2,12–15,60 sec,cables
ppl_6x,Push / Pull / Legs 6×/week,6,beginner,1 of 4,muscle,muscle | maintain | default | recomp | cut_strength | cut_endurance | powerbuilding | hybrid_muscle | hybrid_strength | powerbuilding_cut | athletic_recomp | athletic_cut | athletic_bulk,0,push_a,Push A,3,Cable lateral raise,Shoulders — Side Delt Isolation,shoulders_side_delt,Side deltoids,3,12–20,60 sec,cables
ppl_6x,Push / Pull / Legs 6×/week,6,beginner,1 of 4,muscle,muscle | maintain | default | recomp | cut_strength | cut_endurance | powerbuilding | hybrid_muscle | hybrid_strength | powerbuilding_cut | athletic_recomp | athletic_cut | athletic_bulk,0,push_a,Push A,4,Overhead tricep extension,Triceps,triceps,Triceps,2,12–15,60 sec,cables
ppl_6x,Push / Pull / Legs 6×/week,6,beginner,1 of 4,muscle,muscle | maintain | default | recomp | cut_strength | cut_endurance | powerbuilding | hybrid_muscle | hybrid_strength | powerbuilding_cut | athletic_recomp | athletic_cut | athletic_bulk,0,push_a,Push A,5,Cable tricep pushdown (rope or bar),Triceps,triceps,Triceps,2,12–15,60 sec,cables
ppl_6x,Push / Pull / Legs 6×/week,6,beginner,1 of 4,muscle,muscle | maintain | default | recomp | cut_strength | cut_endurance | powerbuilding | hybrid_muscle | hybrid_strength | powerbuilding_cut | athletic_recomp | athletic_cut | athletic_bulk,1,pull_a,Pull A,0,Pull-up (overhand),Back — Vertical Pull (Lat Width),back_vertical_pull,"Lats, Biceps, Rear delts",2,6–10,90 sec,pullup_bar
ppl_6x,Push / Pull / Legs 6×/week,6,beginner,1 of 4,muscle,muscle | maintain | default | recomp | cut_strength | cut_endurance | powerbuilding | hybrid_muscle | hybrid_strength | powerbuilding_cut | athletic_recomp | athletic_cut | athletic_bulk,1,pull_a,Pull A,1,Barbell row,Back — Horizontal Pull (Back Thickness + Inner Back),back_horizontal_pull,"Lats, Rhomboids, Mid-traps, Rear delts, Biceps",2,10–15,90 sec,barbell
ppl_6x,Push / Pull / Legs 6×/week,6,beginner,1 of 4,muscle,muscle | maintain | default | recomp | cut_strength | cut_endurance | powerbuilding | hybrid_muscle | hybrid_strength | powerbuilding_cut | athletic_recomp | athletic_cut | athletic_bulk,1,pull_a,Pull A,2,Face pull (cable),Rear Delt and Upper Back,rear_delt,"Rear deltoids, External rotators, Upper traps",2,15–20,60 sec,cables
ppl_6x,Push / Pull / Legs 6×/week,6,beginner,1 of 4,muscle,muscle | maintain | default | recomp | cut_strength | cut_endurance | powerbuilding | hybrid_muscle | hybrid_strength | powerbuilding_cut | athletic_recomp | athletic_cut | athletic_bulk,1,pull_a,Pull A,3,Bayesian cable curl,Biceps,biceps,"Biceps, Brachialis",2,12–15,60 sec,cables
ppl_6x,Push / Pull / Legs 6×/week,6,beginner,1 of 4,muscle,muscle | maintain | default | recomp | cut_strength | cut_endurance | powerbuilding | hybrid_muscle | hybrid_strength | powerbuilding_cut | athletic_recomp | athletic_cut | athletic_bulk,1,pull_a,Pull A,4,Barbell shrug,Upper Traps,upper_traps,"Upper trapezius, Levator scapulae",2,10–15,60 sec,barbell
ppl_6x,Push / Pull / Legs 6×/week,6,beginner,1 of 4,muscle,muscle | maintain | default | recomp | cut_strength | cut_endurance | powerbuilding | hybrid_muscle | hybrid_strength | powerbuilding_cut | athletic_recomp | athletic_cut | athletic_bulk,1,pull_a,Pull A,5,Cable crunch,Core — Weighted Ab Training,core,"Rectus abdominis, Obliques",2,12–20,60 sec,cables
ppl_6x,Push / Pull / Legs 6×/week,6,beginner,1 of 4,muscle,muscle | maintain | default | recomp | cut_strength | cut_endurance | powerbuilding | hybrid_muscle | hybrid_strength | powerbuilding_cut | athletic_recomp | athletic_cut | athletic_bulk,2,legs_a,Legs A,0,Barbell back squat,Quads — Squat Pattern,squat_pattern,"Quads, Glutes, Hamstrings",2,10–15,90 sec,barbell
ppl_6x,Push / Pull / Legs 6×/week,6,beginner,1 of 4,muscle,muscle | maintain | default | recomp | cut_strength | cut_endurance | powerbuilding | hybrid_muscle | hybrid_strength | powerbuilding_cut | athletic_recomp | athletic_cut | athletic_bulk,2,legs_a,Legs A,1,Romanian deadlift (barbell),Hamstrings and Glutes — Hip Hinge,hip_hinge,"Hamstrings, Glutes, Lower back",2,10–15,90 sec,barbell
ppl_6x,Push / Pull / Legs 6×/week,6,beginner,1 of 4,muscle,muscle | maintain | default | recomp | cut_strength | cut_endurance | powerbuilding | hybrid_muscle | hybrid_strength | powerbuilding_cut | athletic_recomp | athletic_cut | athletic_bulk,2,legs_a,Legs A,2,Walking lunge (long stride),Glutes — Compound and Isolation,glute_focused,"Glutes, Glute medius, Adductors",3,10–15,60 sec,bodyweight+dumbbells
ppl_6x,Push / Pull / Legs 6×/week,6,beginner,1 of 4,muscle,muscle | maintain | default | recomp | cut_strength | cut_endurance | powerbuilding | hybrid_muscle | hybrid_strength | powerbuilding_cut | athletic_recomp | athletic_cut | athletic_bulk,2,legs_a,Legs A,3,Leg extensions,Quads — Isolation,quad_isolation,Quads,2,12–20,60 sec,machines
ppl_6x,Push / Pull / Legs 6×/week,6,beginner,1 of 4,muscle,muscle | maintain | default | recomp | cut_strength | cut_endurance | powerbuilding | hybrid_muscle | hybrid_strength | powerbuilding_cut | athletic_recomp | athletic_cut | athletic_bulk,2,legs_a,Legs A,4,Standing calf raise,Calves,calves,"Gastrocnemius, Soleus",2,10–15,60 sec,machines
ppl_6x,Push / Pull / Legs 6×/week,6,beginner,1 of 4,muscle,muscle | maintain | default | recomp | cut_strength | cut_endurance | powerbuilding | hybrid_muscle | hybrid_strength | powerbuilding_cut | athletic_recomp | athletic_cut | athletic_bulk,2,legs_a,Legs A,5,Seated calf raise,Calves,calves,"Gastrocnemius, Soleus",2,10–15,60 sec,machines
ppl_6x,Push / Pull / Legs 6×/week,6,beginner,1 of 4,muscle,muscle | maintain | default | recomp | cut_strength | cut_endurance | powerbuilding | hybrid_muscle | hybrid_strength | powerbuilding_cut | athletic_recomp | athletic_cut | athletic_bulk,3,push_b,Push B,0,Incline barbell press,Chest — Incline Push (Upper Chest),chest_incline_push,"Upper chest, Shoulders, Triceps",2,10–15,90 sec,barbell
ppl_6x,Push / Pull / Legs 6×/week,6,beginner,1 of 4,muscle,muscle | maintain | default | recomp | cut_strength | cut_endurance | powerbuilding | hybrid_muscle | hybrid_strength | powerbuilding_cut | athletic_recomp | athletic_cut | athletic_bulk,3,push_b,Push B,1,Cable crossover (lower chest),Chest — Decline / Lower Chest,chest_decline,"Lower chest, Mid chest, Triceps",2,12–15,60 sec,cables
ppl_6x,Push / Pull / Legs 6×/week,6,beginner,1 of 4,muscle,muscle | maintain | default | recomp | cut_strength | cut_endurance | powerbuilding | hybrid_muscle | hybrid_strength | powerbuilding_cut | athletic_recomp | athletic_cut | athletic_bulk,3,push_b,Push B,2,Barbell overhead press,Shoulders — Vertical Push,shoulders_vertical_push,"Shoulders, Triceps, Upper chest",3,10–15,90 sec,barbell
ppl_6x,Push / Pull / Legs 6×/week,6,beginner,1 of 4,muscle,muscle | maintain | default | recomp | cut_strength | cut_endurance | powerbuilding | hybrid_muscle | hybrid_strength | powerbuilding_cut | athletic_recomp | athletic_cut | athletic_bulk,3,push_b,Push B,3,Cable lateral raise,Shoulders — Side Delt Isolation,shoulders_side_delt,Side deltoids,2,12–20,60 sec,cables
ppl_6x,Push / Pull / Legs 6×/week,6,beginner,1 of 4,muscle,muscle | maintain | default | recomp | cut_strength | cut_endurance | powerbuilding | hybrid_muscle | hybrid_strength | powerbuilding_cut | athletic_recomp | athletic_cut | athletic_bulk,3,push_b,Push B,4,Cable tricep pushdown (rope or bar),Triceps,triceps,Triceps,2,12–15,60 sec,cables
ppl_6x,Push / Pull / Legs 6×/week,6,beginner,1 of 4,muscle,muscle | maintain | default | recomp | cut_strength | cut_endurance | powerbuilding | hybrid_muscle | hybrid_strength | powerbuilding_cut | athletic_recomp | athletic_cut | athletic_bulk,3,push_b,Push B,5,Cable crunch,Core — Weighted Ab Training,core,"Rectus abdominis, Obliques",2,12–20,60 sec,cables
ppl_6x,Push / Pull / Legs 6×/week,6,beginner,1 of 4,muscle,muscle | maintain | default | recomp | cut_strength | cut_endurance | powerbuilding | hybrid_muscle | hybrid_strength | powerbuilding_cut | athletic_recomp | athletic_cut | athletic_bulk,4,pull_b,Pull B,0,Cable row (wide grip / flared elbows),Back — Inner Back / Rhomboids,back_inner,"Rhomboids, Mid-traps, Rear delts",2,10–15,60 sec,cables
ppl_6x,Push / Pull / Legs 6×/week,6,beginner,1 of 4,muscle,muscle | maintain | default | recomp | cut_strength | cut_endurance | powerbuilding | hybrid_muscle | hybrid_strength | powerbuilding_cut | athletic_recomp | athletic_cut | athletic_bulk,4,pull_b,Pull B,1,Cable lat pullover (rope or bar),Back — Isolation / Lat Stretch,back_isolation,Lats,2,12–15,60 sec,cables
ppl_6x,Push / Pull / Legs 6×/week,6,beginner,1 of 4,muscle,muscle | maintain | default | recomp | cut_strength | cut_endurance | powerbuilding | hybrid_muscle | hybrid_strength | powerbuilding_cut | athletic_recomp | athletic_cut | athletic_bulk,4,pull_b,Pull B,2,Face pull (cable),Rear Delt and Upper Back,rear_delt,"Rear deltoids, External rotators, Upper traps",2,15–20,60 sec,cables
ppl_6x,Push / Pull / Legs 6×/week,6,beginner,1 of 4,muscle,muscle | maintain | default | recomp | cut_strength | cut_endurance | powerbuilding | hybrid_muscle | hybrid_strength | powerbuilding_cut | athletic_recomp | athletic_cut | athletic_bulk,4,pull_b,Pull B,3,Preacher curl,Biceps,biceps,"Biceps, Brachialis",2,12–15,60 sec,barbell
ppl_6x,Push / Pull / Legs 6×/week,6,beginner,1 of 4,muscle,muscle | maintain | default | recomp | cut_strength | cut_endurance | powerbuilding | hybrid_muscle | hybrid_strength | powerbuilding_cut | athletic_recomp | athletic_cut | athletic_bulk,4,pull_b,Pull B,4,Cable crunch,Core — Weighted Ab Training,core,"Rectus abdominis, Obliques",2,12–20,60 sec,cables
ppl_6x,Push / Pull / Legs 6×/week,6,beginner,1 of 4,muscle,muscle | maintain | default | recomp | cut_strength | cut_endurance | powerbuilding | hybrid_muscle | hybrid_strength | powerbuilding_cut | athletic_recomp | athletic_cut | athletic_bulk,5,legs_b,Legs B,0,45° leg press,Quads — Squat Pattern,squat_pattern,"Quads, Glutes, Hamstrings",2,10–15,90 sec,machines
ppl_6x,Push / Pull / Legs 6×/week,6,beginner,1 of 4,muscle,muscle | maintain | default | recomp | cut_strength | cut_endurance | powerbuilding | hybrid_muscle | hybrid_strength | powerbuilding_cut | athletic_recomp | athletic_cut | athletic_bulk,5,legs_b,Legs B,1,Romanian deadlift (barbell),Hamstrings and Glutes — Hip Hinge,hip_hinge,"Hamstrings, Glutes, Lower back",2,10–15,90 sec,barbell
ppl_6x,Push / Pull / Legs 6×/week,6,beginner,1 of 4,muscle,muscle | maintain | default | recomp | cut_strength | cut_endurance | powerbuilding | hybrid_muscle | hybrid_strength | powerbuilding_cut | athletic_recomp | athletic_cut | athletic_bulk,5,legs_b,Legs B,2,Cable pull-through,Glutes — Compound and Isolation,glute_focused,"Glutes, Glute medius, Adductors",3,10–15,60 sec,cables
ppl_6x,Push / Pull / Legs 6×/week,6,beginner,1 of 4,muscle,muscle | maintain | default | recomp | cut_strength | cut_endurance | powerbuilding | hybrid_muscle | hybrid_strength | powerbuilding_cut | athletic_recomp | athletic_cut | athletic_bulk,5,legs_b,Legs B,3,Seated leg curl,Hamstrings — Isolation,hamstring_isolation,Hamstrings,2,12–15,60 sec,machines
ppl_6x,Push / Pull / Legs 6×/week,6,beginner,1 of 4,muscle,muscle | maintain | default | recomp | cut_strength | cut_endurance | powerbuilding | hybrid_muscle | hybrid_strength | powerbuilding_cut | athletic_recomp | athletic_cut | athletic_bulk,5,legs_b,Legs B,4,Seated calf raise,Calves,calves,"Gastrocnemius, Soleus",2,10–15,60 sec,machines
ppl_6x,Push / Pull / Legs 6×/week,6,beginner,1 of 4,muscle,muscle | maintain | default | recomp | cut_strength | cut_endurance | powerbuilding | hybrid_muscle | hybrid_strength | powerbuilding_cut | athletic_recomp | athletic_cut | athletic_bulk,5,legs_b,Legs B,5,Cable crunch,Core — Weighted Ab Training,core,"Rectus abdominis, Obliques",2,12–20,60 sec,cables
ppl_6x,Push / Pull / Legs 6×/week,6,beginner,2 of 4,strength,strength,0,push_a,Push A,0,Barbell bench press,Chest — Horizontal Push,chest_horizontal_push,"Chest, Shoulders, Triceps",2,3–6,3–5 min,barbell
ppl_6x,Push / Pull / Legs 6×/week,6,beginner,2 of 4,strength,strength,0,push_a,Push A,1,Barbell overhead press,Shoulders — Vertical Push,shoulders_vertical_push,"Shoulders, Triceps, Upper chest",3,3–6,3–5 min,barbell
ppl_6x,Push / Pull / Legs 6×/week,6,beginner,2 of 4,strength,strength,0,push_a,Push A,2,Cable fly (seated or standing),Chest — Isolation (Fly / Stretch),chest_isolation,Chest,2,8–12,2 min,cables
ppl_6x,Push / Pull / Legs 6×/week,6,beginner,2 of 4,strength,strength,0,push_a,Push A,3,Cable lateral raise,Shoulders — Side Delt Isolation,shoulders_side_delt,Side deltoids,3,12–20,2 min,cables
ppl_6x,Push / Pull / Legs 6×/week,6,beginner,2 of 4,strength,strength,0,push_a,Push A,4,Overhead tricep extension,Triceps,triceps,Triceps,2,8–12,2 min,cables
ppl_6x,Push / Pull / Legs 6×/week,6,beginner,2 of 4,strength,strength,0,push_a,Push A,5,Cable tricep pushdown (rope or bar),Triceps,triceps,Triceps,2,8–12,2 min,cables
ppl_6x,Push / Pull / Legs 6×/week,6,beginner,2 of 4,strength,strength,1,pull_a,Pull A,0,Pull-up (overhand),Back — Vertical Pull (Lat Width),back_vertical_pull,"Lats, Biceps, Rear delts",2,6–10,3–5 min,pullup_bar
ppl_6x,Push / Pull / Legs 6×/week,6,beginner,2 of 4,strength,strength,1,pull_a,Pull A,1,Barbell row,Back — Horizontal Pull (Back Thickness + Inner Back),back_horizontal_pull,"Lats, Rhomboids, Mid-traps, Rear delts, Biceps",2,3–6,3–5 min,barbell
ppl_6x,Push / Pull / Legs 6×/week,6,beginner,2 of 4,strength,strength,1,pull_a,Pull A,2,Face pull (cable),Rear Delt and Upper Back,rear_delt,"Rear deltoids, External rotators, Upper traps",2,15–20,2 min,cables
ppl_6x,Push / Pull / Legs 6×/week,6,beginner,2 of 4,strength,strength,1,pull_a,Pull A,3,Bayesian cable curl,Biceps,biceps,"Biceps, Brachialis",2,8–12,2 min,cables
ppl_6x,Push / Pull / Legs 6×/week,6,beginner,2 of 4,strength,strength,1,pull_a,Pull A,4,Barbell shrug,Upper Traps,upper_traps,"Upper trapezius, Levator scapulae",2,10–15,2 min,barbell
ppl_6x,Push / Pull / Legs 6×/week,6,beginner,2 of 4,strength,strength,1,pull_a,Pull A,5,Cable crunch,Core — Weighted Ab Training,core,"Rectus abdominis, Obliques",2,12–20,2 min,cables
ppl_6x,Push / Pull / Legs 6×/week,6,beginner,2 of 4,strength,strength,2,legs_a,Legs A,0,Barbell back squat,Quads — Squat Pattern,squat_pattern,"Quads, Glutes, Hamstrings",2,3–6,3–5 min,barbell
ppl_6x,Push / Pull / Legs 6×/week,6,beginner,2 of 4,strength,strength,2,legs_a,Legs A,1,Romanian deadlift (barbell),Hamstrings and Glutes — Hip Hinge,hip_hinge,"Hamstrings, Glutes, Lower back",2,3–6,3–5 min,barbell
ppl_6x,Push / Pull / Legs 6×/week,6,beginner,2 of 4,strength,strength,2,legs_a,Legs A,2,Walking lunge (long stride),Glutes — Compound and Isolation,glute_focused,"Glutes, Glute medius, Adductors",3,10–15,2 min,bodyweight+dumbbells
ppl_6x,Push / Pull / Legs 6×/week,6,beginner,2 of 4,strength,strength,2,legs_a,Legs A,3,Leg extensions,Quads — Isolation,quad_isolation,Quads,2,12–20,2 min,machines
ppl_6x,Push / Pull / Legs 6×/week,6,beginner,2 of 4,strength,strength,2,legs_a,Legs A,4,Standing calf raise,Calves,calves,"Gastrocnemius, Soleus",2,10–15,2 min,machines
ppl_6x,Push / Pull / Legs 6×/week,6,beginner,2 of 4,strength,strength,2,legs_a,Legs A,5,Seated calf raise,Calves,calves,"Gastrocnemius, Soleus",2,10–15,2 min,machines
ppl_6x,Push / Pull / Legs 6×/week,6,beginner,2 of 4,strength,strength,3,push_b,Push B,0,Incline barbell press,Chest — Incline Push (Upper Chest),chest_incline_push,"Upper chest, Shoulders, Triceps",2,3–6,3–5 min,barbell
ppl_6x,Push / Pull / Legs 6×/week,6,beginner,2 of 4,strength,strength,3,push_b,Push B,1,Cable crossover (lower chest),Chest — Decline / Lower Chest,chest_decline,"Lower chest, Mid chest, Triceps",2,8–12,2 min,cables
ppl_6x,Push / Pull / Legs 6×/week,6,beginner,2 of 4,strength,strength,3,push_b,Push B,2,Barbell overhead press,Shoulders — Vertical Push,shoulders_vertical_push,"Shoulders, Triceps, Upper chest",3,3–6,3–5 min,barbell
ppl_6x,Push / Pull / Legs 6×/week,6,beginner,2 of 4,strength,strength,3,push_b,Push B,3,Cable lateral raise,Shoulders — Side Delt Isolation,shoulders_side_delt,Side deltoids,2,12–20,2 min,cables
ppl_6x,Push / Pull / Legs 6×/week,6,beginner,2 of 4,strength,strength,3,push_b,Push B,4,Cable tricep pushdown (rope or bar),Triceps,triceps,Triceps,2,8–12,2 min,cables
ppl_6x,Push / Pull / Legs 6×/week,6,beginner,2 of 4,strength,strength,3,push_b,Push B,5,Cable crunch,Core — Weighted Ab Training,core,"Rectus abdominis, Obliques",2,12–20,2 min,cables
ppl_6x,Push / Pull / Legs 6×/week,6,beginner,2 of 4,strength,strength,4,pull_b,Pull B,0,Cable row (wide grip / flared elbows),Back — Inner Back / Rhomboids,back_inner,"Rhomboids, Mid-traps, Rear delts",2,10–15,2 min,cables
ppl_6x,Push / Pull / Legs 6×/week,6,beginner,2 of 4,strength,strength,4,pull_b,Pull B,1,Cable lat pullover (rope or bar),Back — Isolation / Lat Stretch,back_isolation,Lats,2,8–12,2 min,cables
ppl_6x,Push / Pull / Legs 6×/week,6,beginner,2 of 4,strength,strength,4,pull_b,Pull B,2,Face pull (cable),Rear Delt and Upper Back,rear_delt,"Rear deltoids, External rotators, Upper traps",2,15–20,2 min,cables
ppl_6x,Push / Pull / Legs 6×/week,6,beginner,2 of 4,strength,strength,4,pull_b,Pull B,3,Preacher curl,Biceps,biceps,"Biceps, Brachialis",2,8–12,2 min,barbell
ppl_6x,Push / Pull / Legs 6×/week,6,beginner,2 of 4,strength,strength,4,pull_b,Pull B,4,Cable crunch,Core — Weighted Ab Training,core,"Rectus abdominis, Obliques",2,12–20,2 min,cables
ppl_6x,Push / Pull / Legs 6×/week,6,beginner,2 of 4,strength,strength,5,legs_b,Legs B,0,45° leg press,Quads — Squat Pattern,squat_pattern,"Quads, Glutes, Hamstrings",2,3–6,3–5 min,machines
ppl_6x,Push / Pull / Legs 6×/week,6,beginner,2 of 4,strength,strength,5,legs_b,Legs B,1,Romanian deadlift (barbell),Hamstrings and Glutes — Hip Hinge,hip_hinge,"Hamstrings, Glutes, Lower back",2,3–6,3–5 min,barbell
ppl_6x,Push / Pull / Legs 6×/week,6,beginner,2 of 4,strength,strength,5,legs_b,Legs B,2,Cable pull-through,Glutes — Compound and Isolation,glute_focused,"Glutes, Glute medius, Adductors",3,10–15,2 min,cables
ppl_6x,Push / Pull / Legs 6×/week,6,beginner,2 of 4,strength,strength,5,legs_b,Legs B,3,Seated leg curl,Hamstrings — Isolation,hamstring_isolation,Hamstrings,2,8–12,2 min,machines
ppl_6x,Push / Pull / Legs 6×/week,6,beginner,2 of 4,strength,strength,5,legs_b,Legs B,4,Seated calf raise,Calves,calves,"Gastrocnemius, Soleus",2,10–15,2 min,machines
ppl_6x,Push / Pull / Legs 6×/week,6,beginner,2 of 4,strength,strength,5,legs_b,Legs B,5,Cable crunch,Core — Weighted Ab Training,core,"Rectus abdominis, Obliques",2,12–20,2 min,cables
ppl_6x,Push / Pull / Legs 6×/week,6,beginner,3 of 4,lose,lose,0,push_a,Push A,0,Barbell bench press,Chest — Horizontal Push,chest_horizontal_push,"Chest, Shoulders, Triceps",2,6–10,2–3 min,barbell
ppl_6x,Push / Pull / Legs 6×/week,6,beginner,3 of 4,lose,lose,0,push_a,Push A,1,Barbell overhead press,Shoulders — Vertical Push,shoulders_vertical_push,"Shoulders, Triceps, Upper chest",3,6–10,2–3 min,barbell
ppl_6x,Push / Pull / Legs 6×/week,6,beginner,3 of 4,lose,lose,0,push_a,Push A,2,Cable fly (seated or standing),Chest — Isolation (Fly / Stretch),chest_isolation,Chest,2,12–15,90 sec,cables
ppl_6x,Push / Pull / Legs 6×/week,6,beginner,3 of 4,lose,lose,0,push_a,Push A,3,Cable lateral raise,Shoulders — Side Delt Isolation,shoulders_side_delt,Side deltoids,3,12–20,90 sec,cables
ppl_6x,Push / Pull / Legs 6×/week,6,beginner,3 of 4,lose,lose,0,push_a,Push A,4,Overhead tricep extension,Triceps,triceps,Triceps,2,12–15,90 sec,cables
ppl_6x,Push / Pull / Legs 6×/week,6,beginner,3 of 4,lose,lose,0,push_a,Push A,5,Cable tricep pushdown (rope or bar),Triceps,triceps,Triceps,2,12–15,90 sec,cables
ppl_6x,Push / Pull / Legs 6×/week,6,beginner,3 of 4,lose,lose,1,pull_a,Pull A,0,Pull-up (overhand),Back — Vertical Pull (Lat Width),back_vertical_pull,"Lats, Biceps, Rear delts",2,6–10,2–3 min,pullup_bar
ppl_6x,Push / Pull / Legs 6×/week,6,beginner,3 of 4,lose,lose,1,pull_a,Pull A,1,Barbell row,Back — Horizontal Pull (Back Thickness + Inner Back),back_horizontal_pull,"Lats, Rhomboids, Mid-traps, Rear delts, Biceps",2,6–10,2–3 min,barbell
ppl_6x,Push / Pull / Legs 6×/week,6,beginner,3 of 4,lose,lose,1,pull_a,Pull A,2,Face pull (cable),Rear Delt and Upper Back,rear_delt,"Rear deltoids, External rotators, Upper traps",2,15–20,90 sec,cables
ppl_6x,Push / Pull / Legs 6×/week,6,beginner,3 of 4,lose,lose,1,pull_a,Pull A,3,Bayesian cable curl,Biceps,biceps,"Biceps, Brachialis",2,12–15,90 sec,cables
ppl_6x,Push / Pull / Legs 6×/week,6,beginner,3 of 4,lose,lose,1,pull_a,Pull A,4,Barbell shrug,Upper Traps,upper_traps,"Upper trapezius, Levator scapulae",2,10–15,90 sec,barbell
ppl_6x,Push / Pull / Legs 6×/week,6,beginner,3 of 4,lose,lose,1,pull_a,Pull A,5,Cable crunch,Core — Weighted Ab Training,core,"Rectus abdominis, Obliques",2,12–20,90 sec,cables
ppl_6x,Push / Pull / Legs 6×/week,6,beginner,3 of 4,lose,lose,2,legs_a,Legs A,0,Barbell back squat,Quads — Squat Pattern,squat_pattern,"Quads, Glutes, Hamstrings",2,6–10,2–3 min,barbell
ppl_6x,Push / Pull / Legs 6×/week,6,beginner,3 of 4,lose,lose,2,legs_a,Legs A,1,Romanian deadlift (barbell),Hamstrings and Glutes — Hip Hinge,hip_hinge,"Hamstrings, Glutes, Lower back",2,6–10,2–3 min,barbell
ppl_6x,Push / Pull / Legs 6×/week,6,beginner,3 of 4,lose,lose,2,legs_a,Legs A,2,Walking lunge (long stride),Glutes — Compound and Isolation,glute_focused,"Glutes, Glute medius, Adductors",3,10–15,90 sec,bodyweight+dumbbells
ppl_6x,Push / Pull / Legs 6×/week,6,beginner,3 of 4,lose,lose,2,legs_a,Legs A,3,Leg extensions,Quads — Isolation,quad_isolation,Quads,2,12–20,90 sec,machines
ppl_6x,Push / Pull / Legs 6×/week,6,beginner,3 of 4,lose,lose,2,legs_a,Legs A,4,Standing calf raise,Calves,calves,"Gastrocnemius, Soleus",2,10–15,90 sec,machines
ppl_6x,Push / Pull / Legs 6×/week,6,beginner,3 of 4,lose,lose,2,legs_a,Legs A,5,Seated calf raise,Calves,calves,"Gastrocnemius, Soleus",2,10–15,90 sec,machines
ppl_6x,Push / Pull / Legs 6×/week,6,beginner,3 of 4,lose,lose,3,push_b,Push B,0,Incline barbell press,Chest — Incline Push (Upper Chest),chest_incline_push,"Upper chest, Shoulders, Triceps",2,6–10,2–3 min,barbell
ppl_6x,Push / Pull / Legs 6×/week,6,beginner,3 of 4,lose,lose,3,push_b,Push B,1,Cable crossover (lower chest),Chest — Decline / Lower Chest,chest_decline,"Lower chest, Mid chest, Triceps",2,12–15,90 sec,cables
ppl_6x,Push / Pull / Legs 6×/week,6,beginner,3 of 4,lose,lose,3,push_b,Push B,2,Barbell overhead press,Shoulders — Vertical Push,shoulders_vertical_push,"Shoulders, Triceps, Upper chest",3,6–10,2–3 min,barbell
ppl_6x,Push / Pull / Legs 6×/week,6,beginner,3 of 4,lose,lose,3,push_b,Push B,3,Cable lateral raise,Shoulders — Side Delt Isolation,shoulders_side_delt,Side deltoids,2,12–20,90 sec,cables
ppl_6x,Push / Pull / Legs 6×/week,6,beginner,3 of 4,lose,lose,3,push_b,Push B,4,Cable tricep pushdown (rope or bar),Triceps,triceps,Triceps,2,12–15,90 sec,cables
ppl_6x,Push / Pull / Legs 6×/week,6,beginner,3 of 4,lose,lose,3,push_b,Push B,5,Cable crunch,Core — Weighted Ab Training,core,"Rectus abdominis, Obliques",2,12–20,90 sec,cables
ppl_6x,Push / Pull / Legs 6×/week,6,beginner,3 of 4,lose,lose,4,pull_b,Pull B,0,Cable row (wide grip / flared elbows),Back — Inner Back / Rhomboids,back_inner,"Rhomboids, Mid-traps, Rear delts",2,10–15,90 sec,cables
ppl_6x,Push / Pull / Legs 6×/week,6,beginner,3 of 4,lose,lose,4,pull_b,Pull B,1,Cable lat pullover (rope or bar),Back — Isolation / Lat Stretch,back_isolation,Lats,2,12–15,90 sec,cables
ppl_6x,Push / Pull / Legs 6×/week,6,beginner,3 of 4,lose,lose,4,pull_b,Pull B,2,Face pull (cable),Rear Delt and Upper Back,rear_delt,"Rear deltoids, External rotators, Upper traps",2,15–20,90 sec,cables
ppl_6x,Push / Pull / Legs 6×/week,6,beginner,3 of 4,lose,lose,4,pull_b,Pull B,3,Preacher curl,Biceps,biceps,"Biceps, Brachialis",2,12–15,90 sec,barbell
ppl_6x,Push / Pull / Legs 6×/week,6,beginner,3 of 4,lose,lose,4,pull_b,Pull B,4,Cable crunch,Core — Weighted Ab Training,core,"Rectus abdominis, Obliques",2,12–20,90 sec,cables
ppl_6x,Push / Pull / Legs 6×/week,6,beginner,3 of 4,lose,lose,5,legs_b,Legs B,0,45° leg press,Quads — Squat Pattern,squat_pattern,"Quads, Glutes, Hamstrings",2,6–10,2–3 min,machines
ppl_6x,Push / Pull / Legs 6×/week,6,beginner,3 of 4,lose,lose,5,legs_b,Legs B,1,Romanian deadlift (barbell),Hamstrings and Glutes — Hip Hinge,hip_hinge,"Hamstrings, Glutes, Lower back",2,6–10,2–3 min,barbell
ppl_6x,Push / Pull / Legs 6×/week,6,beginner,3 of 4,lose,lose,5,legs_b,Legs B,2,Cable pull-through,Glutes — Compound and Isolation,glute_focused,"Glutes, Glute medius, Adductors",3,10–15,90 sec,cables
ppl_6x,Push / Pull / Legs 6×/week,6,beginner,3 of 4,lose,lose,5,legs_b,Legs B,3,Seated leg curl,Hamstrings — Isolation,hamstring_isolation,Hamstrings,2,12–15,90 sec,machines
ppl_6x,Push / Pull / Legs 6×/week,6,beginner,3 of 4,lose,lose,5,legs_b,Legs B,4,Seated calf raise,Calves,calves,"Gastrocnemius, Soleus",2,10–15,90 sec,machines
ppl_6x,Push / Pull / Legs 6×/week,6,beginner,3 of 4,lose,lose,5,legs_b,Legs B,5,Cable crunch,Core — Weighted Ab Training,core,"Rectus abdominis, Obliques",2,12–20,90 sec,cables
ppl_6x,Push / Pull / Legs 6×/week,6,beginner,4 of 4,endurance,endurance,0,push_a,Push A,0,Barbell bench press,Chest — Horizontal Push,chest_horizontal_push,"Chest, Shoulders, Triceps",2,12–20,60 sec,barbell
ppl_6x,Push / Pull / Legs 6×/week,6,beginner,4 of 4,endurance,endurance,0,push_a,Push A,1,Barbell overhead press,Shoulders — Vertical Push,shoulders_vertical_push,"Shoulders, Triceps, Upper chest",3,12–20,60 sec,barbell
ppl_6x,Push / Pull / Legs 6×/week,6,beginner,4 of 4,endurance,endurance,0,push_a,Push A,2,Cable fly (seated or standing),Chest — Isolation (Fly / Stretch),chest_isolation,Chest,2,15–25,30–45 sec,cables
ppl_6x,Push / Pull / Legs 6×/week,6,beginner,4 of 4,endurance,endurance,0,push_a,Push A,3,Cable lateral raise,Shoulders — Side Delt Isolation,shoulders_side_delt,Side deltoids,3,12–20,30–45 sec,cables
ppl_6x,Push / Pull / Legs 6×/week,6,beginner,4 of 4,endurance,endurance,0,push_a,Push A,4,Overhead tricep extension,Triceps,triceps,Triceps,2,15–25,30–45 sec,cables
ppl_6x,Push / Pull / Legs 6×/week,6,beginner,4 of 4,endurance,endurance,0,push_a,Push A,5,Cable tricep pushdown (rope or bar),Triceps,triceps,Triceps,2,15–25,30–45 sec,cables
ppl_6x,Push / Pull / Legs 6×/week,6,beginner,4 of 4,endurance,endurance,1,pull_a,Pull A,0,Pull-up (overhand),Back — Vertical Pull (Lat Width),back_vertical_pull,"Lats, Biceps, Rear delts",2,6–10,60 sec,pullup_bar
ppl_6x,Push / Pull / Legs 6×/week,6,beginner,4 of 4,endurance,endurance,1,pull_a,Pull A,1,Barbell row,Back — Horizontal Pull (Back Thickness + Inner Back),back_horizontal_pull,"Lats, Rhomboids, Mid-traps, Rear delts, Biceps",2,12–20,60 sec,barbell
ppl_6x,Push / Pull / Legs 6×/week,6,beginner,4 of 4,endurance,endurance,1,pull_a,Pull A,2,Face pull (cable),Rear Delt and Upper Back,rear_delt,"Rear deltoids, External rotators, Upper traps",2,15–20,30–45 sec,cables
ppl_6x,Push / Pull / Legs 6×/week,6,beginner,4 of 4,endurance,endurance,1,pull_a,Pull A,3,Bayesian cable curl,Biceps,biceps,"Biceps, Brachialis",2,15–25,30–45 sec,cables
ppl_6x,Push / Pull / Legs 6×/week,6,beginner,4 of 4,endurance,endurance,1,pull_a,Pull A,4,Barbell shrug,Upper Traps,upper_traps,"Upper trapezius, Levator scapulae",2,10–15,30–45 sec,barbell
ppl_6x,Push / Pull / Legs 6×/week,6,beginner,4 of 4,endurance,endurance,1,pull_a,Pull A,5,Cable crunch,Core — Weighted Ab Training,core,"Rectus abdominis, Obliques",2,12–20,30–45 sec,cables
ppl_6x,Push / Pull / Legs 6×/week,6,beginner,4 of 4,endurance,endurance,2,legs_a,Legs A,0,Barbell back squat,Quads — Squat Pattern,squat_pattern,"Quads, Glutes, Hamstrings",2,12–20,60 sec,barbell
ppl_6x,Push / Pull / Legs 6×/week,6,beginner,4 of 4,endurance,endurance,2,legs_a,Legs A,1,Romanian deadlift (barbell),Hamstrings and Glutes — Hip Hinge,hip_hinge,"Hamstrings, Glutes, Lower back",2,12–20,60 sec,barbell
ppl_6x,Push / Pull / Legs 6×/week,6,beginner,4 of 4,endurance,endurance,2,legs_a,Legs A,2,Walking lunge (long stride),Glutes — Compound and Isolation,glute_focused,"Glutes, Glute medius, Adductors",3,10–15,30–45 sec,bodyweight+dumbbells
ppl_6x,Push / Pull / Legs 6×/week,6,beginner,4 of 4,endurance,endurance,2,legs_a,Legs A,3,Leg extensions,Quads — Isolation,quad_isolation,Quads,2,12–20,30–45 sec,machines
ppl_6x,Push / Pull / Legs 6×/week,6,beginner,4 of 4,endurance,endurance,2,legs_a,Legs A,4,Standing calf raise,Calves,calves,"Gastrocnemius, Soleus",2,10–15,30–45 sec,machines
ppl_6x,Push / Pull / Legs 6×/week,6,beginner,4 of 4,endurance,endurance,2,legs_a,Legs A,5,Seated calf raise,Calves,calves,"Gastrocnemius, Soleus",2,10–15,30–45 sec,machines
ppl_6x,Push / Pull / Legs 6×/week,6,beginner,4 of 4,endurance,endurance,3,push_b,Push B,0,Incline barbell press,Chest — Incline Push (Upper Chest),chest_incline_push,"Upper chest, Shoulders, Triceps",2,12–20,60 sec,barbell
ppl_6x,Push / Pull / Legs 6×/week,6,beginner,4 of 4,endurance,endurance,3,push_b,Push B,1,Cable crossover (lower chest),Chest — Decline / Lower Chest,chest_decline,"Lower chest, Mid chest, Triceps",2,15–25,30–45 sec,cables
ppl_6x,Push / Pull / Legs 6×/week,6,beginner,4 of 4,endurance,endurance,3,push_b,Push B,2,Barbell overhead press,Shoulders — Vertical Push,shoulders_vertical_push,"Shoulders, Triceps, Upper chest",3,12–20,60 sec,barbell
ppl_6x,Push / Pull / Legs 6×/week,6,beginner,4 of 4,endurance,endurance,3,push_b,Push B,3,Cable lateral raise,Shoulders — Side Delt Isolation,shoulders_side_delt,Side deltoids,2,12–20,30–45 sec,cables
ppl_6x,Push / Pull / Legs 6×/week,6,beginner,4 of 4,endurance,endurance,3,push_b,Push B,4,Cable tricep pushdown (rope or bar),Triceps,triceps,Triceps,2,15–25,30–45 sec,cables
ppl_6x,Push / Pull / Legs 6×/week,6,beginner,4 of 4,endurance,endurance,3,push_b,Push B,5,Cable crunch,Core — Weighted Ab Training,core,"Rectus abdominis, Obliques",2,12–20,30–45 sec,cables
ppl_6x,Push / Pull / Legs 6×/week,6,beginner,4 of 4,endurance,endurance,4,pull_b,Pull B,0,Cable row (wide grip / flared elbows),Back — Inner Back / Rhomboids,back_inner,"Rhomboids, Mid-traps, Rear delts",2,10–15,30–45 sec,cables
ppl_6x,Push / Pull / Legs 6×/week,6,beginner,4 of 4,endurance,endurance,4,pull_b,Pull B,1,Cable lat pullover (rope or bar),Back — Isolation / Lat Stretch,back_isolation,Lats,2,15–25,30–45 sec,cables
ppl_6x,Push / Pull / Legs 6×/week,6,beginner,4 of 4,endurance,endurance,4,pull_b,Pull B,2,Face pull (cable),Rear Delt and Upper Back,rear_delt,"Rear deltoids, External rotators, Upper traps",2,15–20,30–45 sec,cables
ppl_6x,Push / Pull / Legs 6×/week,6,beginner,4 of 4,endurance,endurance,4,pull_b,Pull B,3,Preacher curl,Biceps,biceps,"Biceps, Brachialis",2,15–25,30–45 sec,barbell
ppl_6x,Push / Pull / Legs 6×/week,6,beginner,4 of 4,endurance,endurance,4,pull_b,Pull B,4,Cable crunch,Core — Weighted Ab Training,core,"Rectus abdominis, Obliques",2,12–20,30–45 sec,cables
ppl_6x,Push / Pull / Legs 6×/week,6,beginner,4 of 4,endurance,endurance,5,legs_b,Legs B,0,45° leg press,Quads — Squat Pattern,squat_pattern,"Quads, Glutes, Hamstrings",2,12–20,60 sec,machines
ppl_6x,Push / Pull / Legs 6×/week,6,beginner,4 of 4,endurance,endurance,5,legs_b,Legs B,1,Romanian deadlift (barbell),Hamstrings and Glutes — Hip Hinge,hip_hinge,"Hamstrings, Glutes, Lower back",2,12–20,60 sec,barbell
ppl_6x,Push / Pull / Legs 6×/week,6,beginner,4 of 4,endurance,endurance,5,legs_b,Legs B,2,Cable pull-through,Glutes — Compound and Isolation,glute_focused,"Glutes, Glute medius, Adductors",3,10–15,30–45 sec,cables
ppl_6x,Push / Pull / Legs 6×/week,6,beginner,4 of 4,endurance,endurance,5,legs_b,Legs B,3,Seated leg curl,Hamstrings — Isolation,hamstring_isolation,Hamstrings,2,15–25,30–45 sec,machines
ppl_6x,Push / Pull / Legs 6×/week,6,beginner,4 of 4,endurance,endurance,5,legs_b,Legs B,4,Seated calf raise,Calves,calves,"Gastrocnemius, Soleus",2,10–15,30–45 sec,machines
ppl_6x,Push / Pull / Legs 6×/week,6,beginner,4 of 4,endurance,endurance,5,legs_b,Legs B,5,Cable crunch,Core — Weighted Ab Training,core,"Rectus abdominis, Obliques",2,12–20,30–45 sec,cables
ppl_6x,Push / Pull / Legs 6×/week,6,intermediate,1 of 4,muscle,muscle | maintain | default | recomp | cut_strength | cut_endurance | powerbuilding | hybrid_muscle | hybrid_strength | powerbuilding_cut | athletic_recomp | athletic_cut | athletic_bulk,0,push_a,Push A,0,Barbell bench press,Chest — Horizontal Push,chest_horizontal_push,"Chest, Shoulders, Triceps",3,10–15,90 sec,barbell
ppl_6x,Push / Pull / Legs 6×/week,6,intermediate,1 of 4,muscle,muscle | maintain | default | recomp | cut_strength | cut_endurance | powerbuilding | hybrid_muscle | hybrid_strength | powerbuilding_cut | athletic_recomp | athletic_cut | athletic_bulk,0,push_a,Push A,1,Barbell overhead press,Shoulders — Vertical Push,shoulders_vertical_push,"Shoulders, Triceps, Upper chest",3,10–15,90 sec,barbell
ppl_6x,Push / Pull / Legs 6×/week,6,intermediate,1 of 4,muscle,muscle | maintain | default | recomp | cut_strength | cut_endurance | powerbuilding | hybrid_muscle | hybrid_strength | powerbuilding_cut | athletic_recomp | athletic_cut | athletic_bulk,0,push_a,Push A,2,Cable fly (seated or standing),Chest — Isolation (Fly / Stretch),chest_isolation,Chest,3,12–15,60 sec,cables
ppl_6x,Push / Pull / Legs 6×/week,6,intermediate,1 of 4,muscle,muscle | maintain | default | recomp | cut_strength | cut_endurance | powerbuilding | hybrid_muscle | hybrid_strength | powerbuilding_cut | athletic_recomp | athletic_cut | athletic_bulk,0,push_a,Push A,3,Cable lateral raise,Shoulders — Side Delt Isolation,shoulders_side_delt,Side deltoids,5,12–20,60 sec,cables
ppl_6x,Push / Pull / Legs 6×/week,6,intermediate,1 of 4,muscle,muscle | maintain | default | recomp | cut_strength | cut_endurance | powerbuilding | hybrid_muscle | hybrid_strength | powerbuilding_cut | athletic_recomp | athletic_cut | athletic_bulk,0,push_a,Push A,4,Overhead tricep extension,Triceps,triceps,Triceps,3,12–15,60 sec,cables
ppl_6x,Push / Pull / Legs 6×/week,6,intermediate,1 of 4,muscle,muscle | maintain | default | recomp | cut_strength | cut_endurance | powerbuilding | hybrid_muscle | hybrid_strength | powerbuilding_cut | athletic_recomp | athletic_cut | athletic_bulk,0,push_a,Push A,5,Cable tricep pushdown (rope or bar),Triceps,triceps,Triceps,3,12–15,60 sec,cables
ppl_6x,Push / Pull / Legs 6×/week,6,intermediate,1 of 4,muscle,muscle | maintain | default | recomp | cut_strength | cut_endurance | powerbuilding | hybrid_muscle | hybrid_strength | powerbuilding_cut | athletic_recomp | athletic_cut | athletic_bulk,1,pull_a,Pull A,0,Pull-up (overhand),Back — Vertical Pull (Lat Width),back_vertical_pull,"Lats, Biceps, Rear delts",3,6–10,90 sec,pullup_bar
ppl_6x,Push / Pull / Legs 6×/week,6,intermediate,1 of 4,muscle,muscle | maintain | default | recomp | cut_strength | cut_endurance | powerbuilding | hybrid_muscle | hybrid_strength | powerbuilding_cut | athletic_recomp | athletic_cut | athletic_bulk,1,pull_a,Pull A,1,Barbell row,Back — Horizontal Pull (Back Thickness + Inner Back),back_horizontal_pull,"Lats, Rhomboids, Mid-traps, Rear delts, Biceps",3,10–15,90 sec,barbell
ppl_6x,Push / Pull / Legs 6×/week,6,intermediate,1 of 4,muscle,muscle | maintain | default | recomp | cut_strength | cut_endurance | powerbuilding | hybrid_muscle | hybrid_strength | powerbuilding_cut | athletic_recomp | athletic_cut | athletic_bulk,1,pull_a,Pull A,2,Face pull (cable),Rear Delt and Upper Back,rear_delt,"Rear deltoids, External rotators, Upper traps",4,15–20,60 sec,cables
ppl_6x,Push / Pull / Legs 6×/week,6,intermediate,1 of 4,muscle,muscle | maintain | default | recomp | cut_strength | cut_endurance | powerbuilding | hybrid_muscle | hybrid_strength | powerbuilding_cut | athletic_recomp | athletic_cut | athletic_bulk,1,pull_a,Pull A,3,Bayesian cable curl,Biceps,biceps,"Biceps, Brachialis",4,12–15,60 sec,cables
ppl_6x,Push / Pull / Legs 6×/week,6,intermediate,1 of 4,muscle,muscle | maintain | default | recomp | cut_strength | cut_endurance | powerbuilding | hybrid_muscle | hybrid_strength | powerbuilding_cut | athletic_recomp | athletic_cut | athletic_bulk,1,pull_a,Pull A,4,Barbell shrug,Upper Traps,upper_traps,"Upper trapezius, Levator scapulae",2,10–15,60 sec,barbell
ppl_6x,Push / Pull / Legs 6×/week,6,intermediate,1 of 4,muscle,muscle | maintain | default | recomp | cut_strength | cut_endurance | powerbuilding | hybrid_muscle | hybrid_strength | powerbuilding_cut | athletic_recomp | athletic_cut | athletic_bulk,1,pull_a,Pull A,5,Cable crunch,Core — Weighted Ab Training,core,"Rectus abdominis, Obliques",2,12–20,60 sec,cables
ppl_6x,Push / Pull / Legs 6×/week,6,intermediate,1 of 4,muscle,muscle | maintain | default | recomp | cut_strength | cut_endurance | powerbuilding | hybrid_muscle | hybrid_strength | powerbuilding_cut | athletic_recomp | athletic_cut | athletic_bulk,2,legs_a,Legs A,0,Barbell back squat,Quads — Squat Pattern,squat_pattern,"Quads, Glutes, Hamstrings",4,10–15,90 sec,barbell
ppl_6x,Push / Pull / Legs 6×/week,6,intermediate,1 of 4,muscle,muscle | maintain | default | recomp | cut_strength | cut_endurance | powerbuilding | hybrid_muscle | hybrid_strength | powerbuilding_cut | athletic_recomp | athletic_cut | athletic_bulk,2,legs_a,Legs A,1,Romanian deadlift (barbell),Hamstrings and Glutes — Hip Hinge,hip_hinge,"Hamstrings, Glutes, Lower back",4,10–15,90 sec,barbell
ppl_6x,Push / Pull / Legs 6×/week,6,intermediate,1 of 4,muscle,muscle | maintain | default | recomp | cut_strength | cut_endurance | powerbuilding | hybrid_muscle | hybrid_strength | powerbuilding_cut | athletic_recomp | athletic_cut | athletic_bulk,2,legs_a,Legs A,2,Walking lunge (long stride),Glutes — Compound and Isolation,glute_focused,"Glutes, Glute medius, Adductors",4,10–15,60 sec,bodyweight+dumbbells
ppl_6x,Push / Pull / Legs 6×/week,6,intermediate,1 of 4,muscle,muscle | maintain | default | recomp | cut_strength | cut_endurance | powerbuilding | hybrid_muscle | hybrid_strength | powerbuilding_cut | athletic_recomp | athletic_cut | athletic_bulk,2,legs_a,Legs A,3,Leg extensions,Quads — Isolation,quad_isolation,Quads,4,12–20,60 sec,machines
ppl_6x,Push / Pull / Legs 6×/week,6,intermediate,1 of 4,muscle,muscle | maintain | default | recomp | cut_strength | cut_endurance | powerbuilding | hybrid_muscle | hybrid_strength | powerbuilding_cut | athletic_recomp | athletic_cut | athletic_bulk,2,legs_a,Legs A,4,Standing calf raise,Calves,calves,"Gastrocnemius, Soleus",4,10–15,60 sec,machines
ppl_6x,Push / Pull / Legs 6×/week,6,intermediate,1 of 4,muscle,muscle | maintain | default | recomp | cut_strength | cut_endurance | powerbuilding | hybrid_muscle | hybrid_strength | powerbuilding_cut | athletic_recomp | athletic_cut | athletic_bulk,2,legs_a,Legs A,5,Seated calf raise,Calves,calves,"Gastrocnemius, Soleus",3,10–15,60 sec,machines
ppl_6x,Push / Pull / Legs 6×/week,6,intermediate,1 of 4,muscle,muscle | maintain | default | recomp | cut_strength | cut_endurance | powerbuilding | hybrid_muscle | hybrid_strength | powerbuilding_cut | athletic_recomp | athletic_cut | athletic_bulk,3,push_b,Push B,0,Incline barbell press,Chest — Incline Push (Upper Chest),chest_incline_push,"Upper chest, Shoulders, Triceps",3,10–15,90 sec,barbell
ppl_6x,Push / Pull / Legs 6×/week,6,intermediate,1 of 4,muscle,muscle | maintain | default | recomp | cut_strength | cut_endurance | powerbuilding | hybrid_muscle | hybrid_strength | powerbuilding_cut | athletic_recomp | athletic_cut | athletic_bulk,3,push_b,Push B,1,Cable crossover (lower chest),Chest — Decline / Lower Chest,chest_decline,"Lower chest, Mid chest, Triceps",3,12–15,60 sec,cables
ppl_6x,Push / Pull / Legs 6×/week,6,intermediate,1 of 4,muscle,muscle | maintain | default | recomp | cut_strength | cut_endurance | powerbuilding | hybrid_muscle | hybrid_strength | powerbuilding_cut | athletic_recomp | athletic_cut | athletic_bulk,3,push_b,Push B,2,Barbell overhead press,Shoulders — Vertical Push,shoulders_vertical_push,"Shoulders, Triceps, Upper chest",3,10–15,90 sec,barbell
ppl_6x,Push / Pull / Legs 6×/week,6,intermediate,1 of 4,muscle,muscle | maintain | default | recomp | cut_strength | cut_endurance | powerbuilding | hybrid_muscle | hybrid_strength | powerbuilding_cut | athletic_recomp | athletic_cut | athletic_bulk,3,push_b,Push B,3,Cable lateral raise,Shoulders — Side Delt Isolation,shoulders_side_delt,Side deltoids,5,12–20,60 sec,cables
ppl_6x,Push / Pull / Legs 6×/week,6,intermediate,1 of 4,muscle,muscle | maintain | default | recomp | cut_strength | cut_endurance | powerbuilding | hybrid_muscle | hybrid_strength | powerbuilding_cut | athletic_recomp | athletic_cut | athletic_bulk,3,push_b,Push B,4,Cable tricep pushdown (rope or bar),Triceps,triceps,Triceps,2,12–15,60 sec,cables
ppl_6x,Push / Pull / Legs 6×/week,6,intermediate,1 of 4,muscle,muscle | maintain | default | recomp | cut_strength | cut_endurance | powerbuilding | hybrid_muscle | hybrid_strength | powerbuilding_cut | athletic_recomp | athletic_cut | athletic_bulk,3,push_b,Push B,5,Cable crunch,Core — Weighted Ab Training,core,"Rectus abdominis, Obliques",2,12–20,60 sec,cables
ppl_6x,Push / Pull / Legs 6×/week,6,intermediate,1 of 4,muscle,muscle | maintain | default | recomp | cut_strength | cut_endurance | powerbuilding | hybrid_muscle | hybrid_strength | powerbuilding_cut | athletic_recomp | athletic_cut | athletic_bulk,4,pull_b,Pull B,0,Cable row (wide grip / flared elbows),Back — Inner Back / Rhomboids,back_inner,"Rhomboids, Mid-traps, Rear delts",2,10–15,60 sec,cables
ppl_6x,Push / Pull / Legs 6×/week,6,intermediate,1 of 4,muscle,muscle | maintain | default | recomp | cut_strength | cut_endurance | powerbuilding | hybrid_muscle | hybrid_strength | powerbuilding_cut | athletic_recomp | athletic_cut | athletic_bulk,4,pull_b,Pull B,1,Cable lat pullover (rope or bar),Back — Isolation / Lat Stretch,back_isolation,Lats,2,12–15,60 sec,cables
ppl_6x,Push / Pull / Legs 6×/week,6,intermediate,1 of 4,muscle,muscle | maintain | default | recomp | cut_strength | cut_endurance | powerbuilding | hybrid_muscle | hybrid_strength | powerbuilding_cut | athletic_recomp | athletic_cut | athletic_bulk,4,pull_b,Pull B,2,Face pull (cable),Rear Delt and Upper Back,rear_delt,"Rear deltoids, External rotators, Upper traps",4,15–20,60 sec,cables
ppl_6x,Push / Pull / Legs 6×/week,6,intermediate,1 of 4,muscle,muscle | maintain | default | recomp | cut_strength | cut_endurance | powerbuilding | hybrid_muscle | hybrid_strength | powerbuilding_cut | athletic_recomp | athletic_cut | athletic_bulk,4,pull_b,Pull B,3,Preacher curl,Biceps,biceps,"Biceps, Brachialis",4,12–15,60 sec,barbell
ppl_6x,Push / Pull / Legs 6×/week,6,intermediate,1 of 4,muscle,muscle | maintain | default | recomp | cut_strength | cut_endurance | powerbuilding | hybrid_muscle | hybrid_strength | powerbuilding_cut | athletic_recomp | athletic_cut | athletic_bulk,4,pull_b,Pull B,4,Cable crunch,Core — Weighted Ab Training,core,"Rectus abdominis, Obliques",2,12–20,60 sec,cables
ppl_6x,Push / Pull / Legs 6×/week,6,intermediate,1 of 4,muscle,muscle | maintain | default | recomp | cut_strength | cut_endurance | powerbuilding | hybrid_muscle | hybrid_strength | powerbuilding_cut | athletic_recomp | athletic_cut | athletic_bulk,5,legs_b,Legs B,0,45° leg press,Quads — Squat Pattern,squat_pattern,"Quads, Glutes, Hamstrings",4,10–15,90 sec,machines
ppl_6x,Push / Pull / Legs 6×/week,6,intermediate,1 of 4,muscle,muscle | maintain | default | recomp | cut_strength | cut_endurance | powerbuilding | hybrid_muscle | hybrid_strength | powerbuilding_cut | athletic_recomp | athletic_cut | athletic_bulk,5,legs_b,Legs B,1,Conventional deadlift,Hamstrings and Glutes — Hip Hinge,hip_hinge,"Hamstrings, Glutes, Lower back",3,10–15,90 sec,barbell
ppl_6x,Push / Pull / Legs 6×/week,6,intermediate,1 of 4,muscle,muscle | maintain | default | recomp | cut_strength | cut_endurance | powerbuilding | hybrid_muscle | hybrid_strength | powerbuilding_cut | athletic_recomp | athletic_cut | athletic_bulk,5,legs_b,Legs B,2,Cable pull-through,Glutes — Compound and Isolation,glute_focused,"Glutes, Glute medius, Adductors",4,10–15,60 sec,cables
ppl_6x,Push / Pull / Legs 6×/week,6,intermediate,1 of 4,muscle,muscle | maintain | default | recomp | cut_strength | cut_endurance | powerbuilding | hybrid_muscle | hybrid_strength | powerbuilding_cut | athletic_recomp | athletic_cut | athletic_bulk,5,legs_b,Legs B,3,Seated leg curl,Hamstrings — Isolation,hamstring_isolation,Hamstrings,3,12–15,60 sec,machines
ppl_6x,Push / Pull / Legs 6×/week,6,intermediate,1 of 4,muscle,muscle | maintain | default | recomp | cut_strength | cut_endurance | powerbuilding | hybrid_muscle | hybrid_strength | powerbuilding_cut | athletic_recomp | athletic_cut | athletic_bulk,5,legs_b,Legs B,4,Seated calf raise,Calves,calves,"Gastrocnemius, Soleus",3,10–15,60 sec,machines
ppl_6x,Push / Pull / Legs 6×/week,6,intermediate,1 of 4,muscle,muscle | maintain | default | recomp | cut_strength | cut_endurance | powerbuilding | hybrid_muscle | hybrid_strength | powerbuilding_cut | athletic_recomp | athletic_cut | athletic_bulk,5,legs_b,Legs B,5,Cable crunch,Core — Weighted Ab Training,core,"Rectus abdominis, Obliques",2,12–20,60 sec,cables
ppl_6x,Push / Pull / Legs 6×/week,6,intermediate,2 of 4,strength,strength,0,push_a,Push A,0,Barbell bench press,Chest — Horizontal Push,chest_horizontal_push,"Chest, Shoulders, Triceps",4,3–6,3–5 min,barbell
ppl_6x,Push / Pull / Legs 6×/week,6,intermediate,2 of 4,strength,strength,0,push_a,Push A,1,Barbell overhead press,Shoulders — Vertical Push,shoulders_vertical_push,"Shoulders, Triceps, Upper chest",3,3–6,3–5 min,barbell
ppl_6x,Push / Pull / Legs 6×/week,6,intermediate,2 of 4,strength,strength,0,push_a,Push A,2,Cable fly (seated or standing),Chest — Isolation (Fly / Stretch),chest_isolation,Chest,2,8–12,2 min,cables
ppl_6x,Push / Pull / Legs 6×/week,6,intermediate,2 of 4,strength,strength,0,push_a,Push A,3,Cable lateral raise,Shoulders — Side Delt Isolation,shoulders_side_delt,Side deltoids,5,12–20,2 min,cables
ppl_6x,Push / Pull / Legs 6×/week,6,intermediate,2 of 4,strength,strength,0,push_a,Push A,4,Overhead tricep extension,Triceps,triceps,Triceps,3,8–12,2 min,cables
ppl_6x,Push / Pull / Legs 6×/week,6,intermediate,2 of 4,strength,strength,0,push_a,Push A,5,Cable tricep pushdown (rope or bar),Triceps,triceps,Triceps,3,8–12,2 min,cables
ppl_6x,Push / Pull / Legs 6×/week,6,intermediate,2 of 4,strength,strength,1,pull_a,Pull A,0,Pull-up (overhand),Back — Vertical Pull (Lat Width),back_vertical_pull,"Lats, Biceps, Rear delts",3,6–10,3–5 min,pullup_bar
ppl_6x,Push / Pull / Legs 6×/week,6,intermediate,2 of 4,strength,strength,1,pull_a,Pull A,1,Barbell row,Back — Horizontal Pull (Back Thickness + Inner Back),back_horizontal_pull,"Lats, Rhomboids, Mid-traps, Rear delts, Biceps",3,3–6,3–5 min,barbell
ppl_6x,Push / Pull / Legs 6×/week,6,intermediate,2 of 4,strength,strength,1,pull_a,Pull A,2,Face pull (cable),Rear Delt and Upper Back,rear_delt,"Rear deltoids, External rotators, Upper traps",4,15–20,2 min,cables
ppl_6x,Push / Pull / Legs 6×/week,6,intermediate,2 of 4,strength,strength,1,pull_a,Pull A,3,Bayesian cable curl,Biceps,biceps,"Biceps, Brachialis",4,8–12,2 min,cables
ppl_6x,Push / Pull / Legs 6×/week,6,intermediate,2 of 4,strength,strength,1,pull_a,Pull A,4,Barbell shrug,Upper Traps,upper_traps,"Upper trapezius, Levator scapulae",2,10–15,2 min,barbell
ppl_6x,Push / Pull / Legs 6×/week,6,intermediate,2 of 4,strength,strength,1,pull_a,Pull A,5,Cable crunch,Core — Weighted Ab Training,core,"Rectus abdominis, Obliques",2,12–20,2 min,cables
ppl_6x,Push / Pull / Legs 6×/week,6,intermediate,2 of 4,strength,strength,2,legs_a,Legs A,0,Barbell back squat,Quads — Squat Pattern,squat_pattern,"Quads, Glutes, Hamstrings",5,3–6,3–5 min,barbell
ppl_6x,Push / Pull / Legs 6×/week,6,intermediate,2 of 4,strength,strength,2,legs_a,Legs A,1,Romanian deadlift (barbell),Hamstrings and Glutes — Hip Hinge,hip_hinge,"Hamstrings, Glutes, Lower back",4,3–6,3–5 min,barbell
ppl_6x,Push / Pull / Legs 6×/week,6,intermediate,2 of 4,strength,strength,2,legs_a,Legs A,2,Walking lunge (long stride),Glutes — Compound and Isolation,glute_focused,"Glutes, Glute medius, Adductors",4,10–15,2 min,bodyweight+dumbbells
ppl_6x,Push / Pull / Legs 6×/week,6,intermediate,2 of 4,strength,strength,2,legs_a,Legs A,3,Leg extensions,Quads — Isolation,quad_isolation,Quads,3,12–20,2 min,machines
ppl_6x,Push / Pull / Legs 6×/week,6,intermediate,2 of 4,strength,strength,2,legs_a,Legs A,4,Standing calf raise,Calves,calves,"Gastrocnemius, Soleus",4,10–15,2 min,machines
ppl_6x,Push / Pull / Legs 6×/week,6,intermediate,2 of 4,strength,strength,2,legs_a,Legs A,5,Seated calf raise,Calves,calves,"Gastrocnemius, Soleus",3,10–15,2 min,machines
ppl_6x,Push / Pull / Legs 6×/week,6,intermediate,2 of 4,strength,strength,3,push_b,Push B,0,Incline barbell press,Chest — Incline Push (Upper Chest),chest_incline_push,"Upper chest, Shoulders, Triceps",3,3–6,3–5 min,barbell
ppl_6x,Push / Pull / Legs 6×/week,6,intermediate,2 of 4,strength,strength,3,push_b,Push B,1,Cable crossover (lower chest),Chest — Decline / Lower Chest,chest_decline,"Lower chest, Mid chest, Triceps",3,8–12,2 min,cables
ppl_6x,Push / Pull / Legs 6×/week,6,intermediate,2 of 4,strength,strength,3,push_b,Push B,2,Barbell overhead press,Shoulders — Vertical Push,shoulders_vertical_push,"Shoulders, Triceps, Upper chest",3,3–6,3–5 min,barbell
ppl_6x,Push / Pull / Legs 6×/week,6,intermediate,2 of 4,strength,strength,3,push_b,Push B,3,Cable lateral raise,Shoulders — Side Delt Isolation,shoulders_side_delt,Side deltoids,5,12–20,2 min,cables
ppl_6x,Push / Pull / Legs 6×/week,6,intermediate,2 of 4,strength,strength,3,push_b,Push B,4,Cable tricep pushdown (rope or bar),Triceps,triceps,Triceps,2,8–12,2 min,cables
ppl_6x,Push / Pull / Legs 6×/week,6,intermediate,2 of 4,strength,strength,3,push_b,Push B,5,Cable crunch,Core — Weighted Ab Training,core,"Rectus abdominis, Obliques",2,12–20,2 min,cables
ppl_6x,Push / Pull / Legs 6×/week,6,intermediate,2 of 4,strength,strength,4,pull_b,Pull B,0,Cable row (wide grip / flared elbows),Back — Inner Back / Rhomboids,back_inner,"Rhomboids, Mid-traps, Rear delts",2,10–15,2 min,cables
ppl_6x,Push / Pull / Legs 6×/week,6,intermediate,2 of 4,strength,strength,4,pull_b,Pull B,1,Cable lat pullover (rope or bar),Back — Isolation / Lat Stretch,back_isolation,Lats,2,8–12,2 min,cables
ppl_6x,Push / Pull / Legs 6×/week,6,intermediate,2 of 4,strength,strength,4,pull_b,Pull B,2,Face pull (cable),Rear Delt and Upper Back,rear_delt,"Rear deltoids, External rotators, Upper traps",4,15–20,2 min,cables
ppl_6x,Push / Pull / Legs 6×/week,6,intermediate,2 of 4,strength,strength,4,pull_b,Pull B,3,Preacher curl,Biceps,biceps,"Biceps, Brachialis",4,8–12,2 min,barbell
ppl_6x,Push / Pull / Legs 6×/week,6,intermediate,2 of 4,strength,strength,4,pull_b,Pull B,4,Cable crunch,Core — Weighted Ab Training,core,"Rectus abdominis, Obliques",2,12–20,2 min,cables
ppl_6x,Push / Pull / Legs 6×/week,6,intermediate,2 of 4,strength,strength,5,legs_b,Legs B,0,45° leg press,Quads — Squat Pattern,squat_pattern,"Quads, Glutes, Hamstrings",4,3–6,3–5 min,machines
ppl_6x,Push / Pull / Legs 6×/week,6,intermediate,2 of 4,strength,strength,5,legs_b,Legs B,1,Conventional deadlift,Hamstrings and Glutes — Hip Hinge,hip_hinge,"Hamstrings, Glutes, Lower back",4,3–6,3–5 min,barbell
ppl_6x,Push / Pull / Legs 6×/week,6,intermediate,2 of 4,strength,strength,5,legs_b,Legs B,2,Cable pull-through,Glutes — Compound and Isolation,glute_focused,"Glutes, Glute medius, Adductors",4,10–15,2 min,cables
ppl_6x,Push / Pull / Legs 6×/week,6,intermediate,2 of 4,strength,strength,5,legs_b,Legs B,3,Seated leg curl,Hamstrings — Isolation,hamstring_isolation,Hamstrings,2,8–12,2 min,machines
ppl_6x,Push / Pull / Legs 6×/week,6,intermediate,2 of 4,strength,strength,5,legs_b,Legs B,4,Seated calf raise,Calves,calves,"Gastrocnemius, Soleus",3,10–15,2 min,machines
ppl_6x,Push / Pull / Legs 6×/week,6,intermediate,2 of 4,strength,strength,5,legs_b,Legs B,5,Cable crunch,Core — Weighted Ab Training,core,"Rectus abdominis, Obliques",2,12–20,2 min,cables
ppl_6x,Push / Pull / Legs 6×/week,6,intermediate,3 of 4,lose,lose,0,push_a,Push A,0,Barbell bench press,Chest — Horizontal Push,chest_horizontal_push,"Chest, Shoulders, Triceps",3,6–10,2–3 min,barbell
ppl_6x,Push / Pull / Legs 6×/week,6,intermediate,3 of 4,lose,lose,0,push_a,Push A,1,Barbell overhead press,Shoulders — Vertical Push,shoulders_vertical_push,"Shoulders, Triceps, Upper chest",3,6–10,2–3 min,barbell
ppl_6x,Push / Pull / Legs 6×/week,6,intermediate,3 of 4,lose,lose,0,push_a,Push A,2,Cable fly (seated or standing),Chest — Isolation (Fly / Stretch),chest_isolation,Chest,3,12–15,90 sec,cables
ppl_6x,Push / Pull / Legs 6×/week,6,intermediate,3 of 4,lose,lose,0,push_a,Push A,3,Cable lateral raise,Shoulders — Side Delt Isolation,shoulders_side_delt,Side deltoids,5,12–20,90 sec,cables
ppl_6x,Push / Pull / Legs 6×/week,6,intermediate,3 of 4,lose,lose,0,push_a,Push A,4,Overhead tricep extension,Triceps,triceps,Triceps,3,12–15,90 sec,cables
ppl_6x,Push / Pull / Legs 6×/week,6,intermediate,3 of 4,lose,lose,0,push_a,Push A,5,Cable tricep pushdown (rope or bar),Triceps,triceps,Triceps,3,12–15,90 sec,cables
ppl_6x,Push / Pull / Legs 6×/week,6,intermediate,3 of 4,lose,lose,1,pull_a,Pull A,0,Pull-up (overhand),Back — Vertical Pull (Lat Width),back_vertical_pull,"Lats, Biceps, Rear delts",3,6–10,2–3 min,pullup_bar
ppl_6x,Push / Pull / Legs 6×/week,6,intermediate,3 of 4,lose,lose,1,pull_a,Pull A,1,Barbell row,Back — Horizontal Pull (Back Thickness + Inner Back),back_horizontal_pull,"Lats, Rhomboids, Mid-traps, Rear delts, Biceps",3,6–10,2–3 min,barbell
ppl_6x,Push / Pull / Legs 6×/week,6,intermediate,3 of 4,lose,lose,1,pull_a,Pull A,2,Face pull (cable),Rear Delt and Upper Back,rear_delt,"Rear deltoids, External rotators, Upper traps",4,15–20,90 sec,cables
ppl_6x,Push / Pull / Legs 6×/week,6,intermediate,3 of 4,lose,lose,1,pull_a,Pull A,3,Bayesian cable curl,Biceps,biceps,"Biceps, Brachialis",4,12–15,90 sec,cables
ppl_6x,Push / Pull / Legs 6×/week,6,intermediate,3 of 4,lose,lose,1,pull_a,Pull A,4,Barbell shrug,Upper Traps,upper_traps,"Upper trapezius, Levator scapulae",2,10–15,90 sec,barbell
ppl_6x,Push / Pull / Legs 6×/week,6,intermediate,3 of 4,lose,lose,1,pull_a,Pull A,5,Cable crunch,Core — Weighted Ab Training,core,"Rectus abdominis, Obliques",2,12–20,90 sec,cables
ppl_6x,Push / Pull / Legs 6×/week,6,intermediate,3 of 4,lose,lose,2,legs_a,Legs A,0,Barbell back squat,Quads — Squat Pattern,squat_pattern,"Quads, Glutes, Hamstrings",4,6–10,2–3 min,barbell
ppl_6x,Push / Pull / Legs 6×/week,6,intermediate,3 of 4,lose,lose,2,legs_a,Legs A,1,Romanian deadlift (barbell),Hamstrings and Glutes — Hip Hinge,hip_hinge,"Hamstrings, Glutes, Lower back",4,6–10,2–3 min,barbell
ppl_6x,Push / Pull / Legs 6×/week,6,intermediate,3 of 4,lose,lose,2,legs_a,Legs A,2,Walking lunge (long stride),Glutes — Compound and Isolation,glute_focused,"Glutes, Glute medius, Adductors",4,10–15,90 sec,bodyweight+dumbbells
ppl_6x,Push / Pull / Legs 6×/week,6,intermediate,3 of 4,lose,lose,2,legs_a,Legs A,3,Leg extensions,Quads — Isolation,quad_isolation,Quads,4,12–20,90 sec,machines
ppl_6x,Push / Pull / Legs 6×/week,6,intermediate,3 of 4,lose,lose,2,legs_a,Legs A,4,Standing calf raise,Calves,calves,"Gastrocnemius, Soleus",4,10–15,90 sec,machines
ppl_6x,Push / Pull / Legs 6×/week,6,intermediate,3 of 4,lose,lose,2,legs_a,Legs A,5,Seated calf raise,Calves,calves,"Gastrocnemius, Soleus",3,10–15,90 sec,machines
ppl_6x,Push / Pull / Legs 6×/week,6,intermediate,3 of 4,lose,lose,3,push_b,Push B,0,Incline barbell press,Chest — Incline Push (Upper Chest),chest_incline_push,"Upper chest, Shoulders, Triceps",3,6–10,2–3 min,barbell
ppl_6x,Push / Pull / Legs 6×/week,6,intermediate,3 of 4,lose,lose,3,push_b,Push B,1,Cable crossover (lower chest),Chest — Decline / Lower Chest,chest_decline,"Lower chest, Mid chest, Triceps",3,12–15,90 sec,cables
ppl_6x,Push / Pull / Legs 6×/week,6,intermediate,3 of 4,lose,lose,3,push_b,Push B,2,Barbell overhead press,Shoulders — Vertical Push,shoulders_vertical_push,"Shoulders, Triceps, Upper chest",3,6–10,2–3 min,barbell
ppl_6x,Push / Pull / Legs 6×/week,6,intermediate,3 of 4,lose,lose,3,push_b,Push B,3,Cable lateral raise,Shoulders — Side Delt Isolation,shoulders_side_delt,Side deltoids,5,12–20,90 sec,cables
ppl_6x,Push / Pull / Legs 6×/week,6,intermediate,3 of 4,lose,lose,3,push_b,Push B,4,Cable tricep pushdown (rope or bar),Triceps,triceps,Triceps,2,12–15,90 sec,cables
ppl_6x,Push / Pull / Legs 6×/week,6,intermediate,3 of 4,lose,lose,3,push_b,Push B,5,Cable crunch,Core — Weighted Ab Training,core,"Rectus abdominis, Obliques",2,12–20,90 sec,cables
ppl_6x,Push / Pull / Legs 6×/week,6,intermediate,3 of 4,lose,lose,4,pull_b,Pull B,0,Cable row (wide grip / flared elbows),Back — Inner Back / Rhomboids,back_inner,"Rhomboids, Mid-traps, Rear delts",2,10–15,90 sec,cables
ppl_6x,Push / Pull / Legs 6×/week,6,intermediate,3 of 4,lose,lose,4,pull_b,Pull B,1,Cable lat pullover (rope or bar),Back — Isolation / Lat Stretch,back_isolation,Lats,2,12–15,90 sec,cables
ppl_6x,Push / Pull / Legs 6×/week,6,intermediate,3 of 4,lose,lose,4,pull_b,Pull B,2,Face pull (cable),Rear Delt and Upper Back,rear_delt,"Rear deltoids, External rotators, Upper traps",4,15–20,90 sec,cables
ppl_6x,Push / Pull / Legs 6×/week,6,intermediate,3 of 4,lose,lose,4,pull_b,Pull B,3,Preacher curl,Biceps,biceps,"Biceps, Brachialis",4,12–15,90 sec,barbell
ppl_6x,Push / Pull / Legs 6×/week,6,intermediate,3 of 4,lose,lose,4,pull_b,Pull B,4,Cable crunch,Core — Weighted Ab Training,core,"Rectus abdominis, Obliques",2,12–20,90 sec,cables
ppl_6x,Push / Pull / Legs 6×/week,6,intermediate,3 of 4,lose,lose,5,legs_b,Legs B,0,45° leg press,Quads — Squat Pattern,squat_pattern,"Quads, Glutes, Hamstrings",4,6–10,2–3 min,machines
ppl_6x,Push / Pull / Legs 6×/week,6,intermediate,3 of 4,lose,lose,5,legs_b,Legs B,1,Conventional deadlift,Hamstrings and Glutes — Hip Hinge,hip_hinge,"Hamstrings, Glutes, Lower back",3,6–10,2–3 min,barbell
ppl_6x,Push / Pull / Legs 6×/week,6,intermediate,3 of 4,lose,lose,5,legs_b,Legs B,2,Cable pull-through,Glutes — Compound and Isolation,glute_focused,"Glutes, Glute medius, Adductors",4,10–15,90 sec,cables
ppl_6x,Push / Pull / Legs 6×/week,6,intermediate,3 of 4,lose,lose,5,legs_b,Legs B,3,Seated leg curl,Hamstrings — Isolation,hamstring_isolation,Hamstrings,3,12–15,90 sec,machines
ppl_6x,Push / Pull / Legs 6×/week,6,intermediate,3 of 4,lose,lose,5,legs_b,Legs B,4,Seated calf raise,Calves,calves,"Gastrocnemius, Soleus",3,10–15,90 sec,machines
ppl_6x,Push / Pull / Legs 6×/week,6,intermediate,3 of 4,lose,lose,5,legs_b,Legs B,5,Cable crunch,Core — Weighted Ab Training,core,"Rectus abdominis, Obliques",2,12–20,90 sec,cables
ppl_6x,Push / Pull / Legs 6×/week,6,intermediate,4 of 4,endurance,endurance,0,push_a,Push A,0,Barbell bench press,Chest — Horizontal Push,chest_horizontal_push,"Chest, Shoulders, Triceps",3,12–20,60 sec,barbell
ppl_6x,Push / Pull / Legs 6×/week,6,intermediate,4 of 4,endurance,endurance,0,push_a,Push A,1,Barbell overhead press,Shoulders — Vertical Push,shoulders_vertical_push,"Shoulders, Triceps, Upper chest",3,12–20,60 sec,barbell
ppl_6x,Push / Pull / Legs 6×/week,6,intermediate,4 of 4,endurance,endurance,0,push_a,Push A,2,Cable fly (seated or standing),Chest — Isolation (Fly / Stretch),chest_isolation,Chest,3,15–25,30–45 sec,cables
ppl_6x,Push / Pull / Legs 6×/week,6,intermediate,4 of 4,endurance,endurance,0,push_a,Push A,3,Cable lateral raise,Shoulders — Side Delt Isolation,shoulders_side_delt,Side deltoids,5,12–20,30–45 sec,cables
ppl_6x,Push / Pull / Legs 6×/week,6,intermediate,4 of 4,endurance,endurance,0,push_a,Push A,4,Overhead tricep extension,Triceps,triceps,Triceps,3,15–25,30–45 sec,cables
ppl_6x,Push / Pull / Legs 6×/week,6,intermediate,4 of 4,endurance,endurance,0,push_a,Push A,5,Cable tricep pushdown (rope or bar),Triceps,triceps,Triceps,3,15–25,30–45 sec,cables
ppl_6x,Push / Pull / Legs 6×/week,6,intermediate,4 of 4,endurance,endurance,1,pull_a,Pull A,0,Pull-up (overhand),Back — Vertical Pull (Lat Width),back_vertical_pull,"Lats, Biceps, Rear delts",3,6–10,60 sec,pullup_bar
ppl_6x,Push / Pull / Legs 6×/week,6,intermediate,4 of 4,endurance,endurance,1,pull_a,Pull A,1,Barbell row,Back — Horizontal Pull (Back Thickness + Inner Back),back_horizontal_pull,"Lats, Rhomboids, Mid-traps, Rear delts, Biceps",3,12–20,60 sec,barbell
ppl_6x,Push / Pull / Legs 6×/week,6,intermediate,4 of 4,endurance,endurance,1,pull_a,Pull A,2,Face pull (cable),Rear Delt and Upper Back,rear_delt,"Rear deltoids, External rotators, Upper traps",4,15–20,30–45 sec,cables
ppl_6x,Push / Pull / Legs 6×/week,6,intermediate,4 of 4,endurance,endurance,1,pull_a,Pull A,3,Bayesian cable curl,Biceps,biceps,"Biceps, Brachialis",4,15–25,30–45 sec,cables
ppl_6x,Push / Pull / Legs 6×/week,6,intermediate,4 of 4,endurance,endurance,1,pull_a,Pull A,4,Barbell shrug,Upper Traps,upper_traps,"Upper trapezius, Levator scapulae",2,10–15,30–45 sec,barbell
ppl_6x,Push / Pull / Legs 6×/week,6,intermediate,4 of 4,endurance,endurance,1,pull_a,Pull A,5,Cable crunch,Core — Weighted Ab Training,core,"Rectus abdominis, Obliques",2,12–20,30–45 sec,cables
ppl_6x,Push / Pull / Legs 6×/week,6,intermediate,4 of 4,endurance,endurance,2,legs_a,Legs A,0,Barbell back squat,Quads — Squat Pattern,squat_pattern,"Quads, Glutes, Hamstrings",4,12–20,60 sec,barbell
ppl_6x,Push / Pull / Legs 6×/week,6,intermediate,4 of 4,endurance,endurance,2,legs_a,Legs A,1,Romanian deadlift (barbell),Hamstrings and Glutes — Hip Hinge,hip_hinge,"Hamstrings, Glutes, Lower back",4,12–20,60 sec,barbell
ppl_6x,Push / Pull / Legs 6×/week,6,intermediate,4 of 4,endurance,endurance,2,legs_a,Legs A,2,Walking lunge (long stride),Glutes — Compound and Isolation,glute_focused,"Glutes, Glute medius, Adductors",4,10–15,30–45 sec,bodyweight+dumbbells
ppl_6x,Push / Pull / Legs 6×/week,6,intermediate,4 of 4,endurance,endurance,2,legs_a,Legs A,3,Leg extensions,Quads — Isolation,quad_isolation,Quads,4,12–20,30–45 sec,machines
ppl_6x,Push / Pull / Legs 6×/week,6,intermediate,4 of 4,endurance,endurance,2,legs_a,Legs A,4,Standing calf raise,Calves,calves,"Gastrocnemius, Soleus",4,10–15,30–45 sec,machines
ppl_6x,Push / Pull / Legs 6×/week,6,intermediate,4 of 4,endurance,endurance,2,legs_a,Legs A,5,Seated calf raise,Calves,calves,"Gastrocnemius, Soleus",3,10–15,30–45 sec,machines
ppl_6x,Push / Pull / Legs 6×/week,6,intermediate,4 of 4,endurance,endurance,3,push_b,Push B,0,Incline barbell press,Chest — Incline Push (Upper Chest),chest_incline_push,"Upper chest, Shoulders, Triceps",3,12–20,60 sec,barbell
ppl_6x,Push / Pull / Legs 6×/week,6,intermediate,4 of 4,endurance,endurance,3,push_b,Push B,1,Cable crossover (lower chest),Chest — Decline / Lower Chest,chest_decline,"Lower chest, Mid chest, Triceps",3,15–25,30–45 sec,cables
ppl_6x,Push / Pull / Legs 6×/week,6,intermediate,4 of 4,endurance,endurance,3,push_b,Push B,2,Barbell overhead press,Shoulders — Vertical Push,shoulders_vertical_push,"Shoulders, Triceps, Upper chest",3,12–20,60 sec,barbell
ppl_6x,Push / Pull / Legs 6×/week,6,intermediate,4 of 4,endurance,endurance,3,push_b,Push B,3,Cable lateral raise,Shoulders — Side Delt Isolation,shoulders_side_delt,Side deltoids,5,12–20,30–45 sec,cables
ppl_6x,Push / Pull / Legs 6×/week,6,intermediate,4 of 4,endurance,endurance,3,push_b,Push B,4,Cable tricep pushdown (rope or bar),Triceps,triceps,Triceps,2,15–25,30–45 sec,cables
ppl_6x,Push / Pull / Legs 6×/week,6,intermediate,4 of 4,endurance,endurance,3,push_b,Push B,5,Cable crunch,Core — Weighted Ab Training,core,"Rectus abdominis, Obliques",2,12–20,30–45 sec,cables
ppl_6x,Push / Pull / Legs 6×/week,6,intermediate,4 of 4,endurance,endurance,4,pull_b,Pull B,0,Cable row (wide grip / flared elbows),Back — Inner Back / Rhomboids,back_inner,"Rhomboids, Mid-traps, Rear delts",2,10–15,30–45 sec,cables
ppl_6x,Push / Pull / Legs 6×/week,6,intermediate,4 of 4,endurance,endurance,4,pull_b,Pull B,1,Cable lat pullover (rope or bar),Back — Isolation / Lat Stretch,back_isolation,Lats,2,15–25,30–45 sec,cables
ppl_6x,Push / Pull / Legs 6×/week,6,intermediate,4 of 4,endurance,endurance,4,pull_b,Pull B,2,Face pull (cable),Rear Delt and Upper Back,rear_delt,"Rear deltoids, External rotators, Upper traps",4,15–20,30–45 sec,cables
ppl_6x,Push / Pull / Legs 6×/week,6,intermediate,4 of 4,endurance,endurance,4,pull_b,Pull B,3,Preacher curl,Biceps,biceps,"Biceps, Brachialis",4,15–25,30–45 sec,barbell
ppl_6x,Push / Pull / Legs 6×/week,6,intermediate,4 of 4,endurance,endurance,4,pull_b,Pull B,4,Cable crunch,Core — Weighted Ab Training,core,"Rectus abdominis, Obliques",2,12–20,30–45 sec,cables
ppl_6x,Push / Pull / Legs 6×/week,6,intermediate,4 of 4,endurance,endurance,5,legs_b,Legs B,0,45° leg press,Quads — Squat Pattern,squat_pattern,"Quads, Glutes, Hamstrings",4,12–20,60 sec,machines
ppl_6x,Push / Pull / Legs 6×/week,6,intermediate,4 of 4,endurance,endurance,5,legs_b,Legs B,1,Conventional deadlift,Hamstrings and Glutes — Hip Hinge,hip_hinge,"Hamstrings, Glutes, Lower back",3,12–20,60 sec,barbell
ppl_6x,Push / Pull / Legs 6×/week,6,intermediate,4 of 4,endurance,endurance,5,legs_b,Legs B,2,Cable pull-through,Glutes — Compound and Isolation,glute_focused,"Glutes, Glute medius, Adductors",4,10–15,30–45 sec,cables
ppl_6x,Push / Pull / Legs 6×/week,6,intermediate,4 of 4,endurance,endurance,5,legs_b,Legs B,3,Seated leg curl,Hamstrings — Isolation,hamstring_isolation,Hamstrings,3,15–25,30–45 sec,machines
ppl_6x,Push / Pull / Legs 6×/week,6,intermediate,4 of 4,endurance,endurance,5,legs_b,Legs B,4,Seated calf raise,Calves,calves,"Gastrocnemius, Soleus",3,10–15,30–45 sec,machines
ppl_6x,Push / Pull / Legs 6×/week,6,intermediate,4 of 4,endurance,endurance,5,legs_b,Legs B,5,Cable crunch,Core — Weighted Ab Training,core,"Rectus abdominis, Obliques",2,12–20,30–45 sec,cables
ppl_6x,Push / Pull / Legs 6×/week,6,advanced,1 of 4,muscle,muscle | maintain | default | recomp | cut_strength | cut_endurance | powerbuilding | hybrid_muscle | hybrid_strength | powerbuilding_cut | athletic_recomp | athletic_cut | athletic_bulk,0,push_a,Push A,0,Barbell bench press,Chest — Horizontal Push,chest_horizontal_push,"Chest, Shoulders, Triceps",4,10–15,90 sec,barbell
ppl_6x,Push / Pull / Legs 6×/week,6,advanced,1 of 4,muscle,muscle | maintain | default | recomp | cut_strength | cut_endurance | powerbuilding | hybrid_muscle | hybrid_strength | powerbuilding_cut | athletic_recomp | athletic_cut | athletic_bulk,0,push_a,Push A,1,Barbell overhead press,Shoulders — Vertical Push,shoulders_vertical_push,"Shoulders, Triceps, Upper chest",3,10–15,90 sec,barbell
ppl_6x,Push / Pull / Legs 6×/week,6,advanced,1 of 4,muscle,muscle | maintain | default | recomp | cut_strength | cut_endurance | powerbuilding | hybrid_muscle | hybrid_strength | powerbuilding_cut | athletic_recomp | athletic_cut | athletic_bulk,0,push_a,Push A,2,Cable fly (seated or standing),Chest — Isolation (Fly / Stretch),chest_isolation,Chest,4,12–15,60 sec,cables
ppl_6x,Push / Pull / Legs 6×/week,6,advanced,1 of 4,muscle,muscle | maintain | default | recomp | cut_strength | cut_endurance | powerbuilding | hybrid_muscle | hybrid_strength | powerbuilding_cut | athletic_recomp | athletic_cut | athletic_bulk,0,push_a,Push A,3,Cable lateral raise,Shoulders — Side Delt Isolation,shoulders_side_delt,Side deltoids,6,12–20,60 sec,cables
ppl_6x,Push / Pull / Legs 6×/week,6,advanced,1 of 4,muscle,muscle | maintain | default | recomp | cut_strength | cut_endurance | powerbuilding | hybrid_muscle | hybrid_strength | powerbuilding_cut | athletic_recomp | athletic_cut | athletic_bulk,0,push_a,Push A,4,Overhead tricep extension,Triceps,triceps,Triceps,4,12–15,60 sec,cables
ppl_6x,Push / Pull / Legs 6×/week,6,advanced,1 of 4,muscle,muscle | maintain | default | recomp | cut_strength | cut_endurance | powerbuilding | hybrid_muscle | hybrid_strength | powerbuilding_cut | athletic_recomp | athletic_cut | athletic_bulk,0,push_a,Push A,5,Cable tricep pushdown (rope or bar),Triceps,triceps,Triceps,3,12–15,60 sec,cables
ppl_6x,Push / Pull / Legs 6×/week,6,advanced,1 of 4,muscle,muscle | maintain | default | recomp | cut_strength | cut_endurance | powerbuilding | hybrid_muscle | hybrid_strength | powerbuilding_cut | athletic_recomp | athletic_cut | athletic_bulk,1,pull_a,Pull A,0,Pull-up (overhand),Back — Vertical Pull (Lat Width),back_vertical_pull,"Lats, Biceps, Rear delts",4,6–10,90 sec,pullup_bar
ppl_6x,Push / Pull / Legs 6×/week,6,advanced,1 of 4,muscle,muscle | maintain | default | recomp | cut_strength | cut_endurance | powerbuilding | hybrid_muscle | hybrid_strength | powerbuilding_cut | athletic_recomp | athletic_cut | athletic_bulk,1,pull_a,Pull A,1,Barbell row,Back — Horizontal Pull (Back Thickness + Inner Back),back_horizontal_pull,"Lats, Rhomboids, Mid-traps, Rear delts, Biceps",3,10–15,90 sec,barbell
ppl_6x,Push / Pull / Legs 6×/week,6,advanced,1 of 4,muscle,muscle | maintain | default | recomp | cut_strength | cut_endurance | powerbuilding | hybrid_muscle | hybrid_strength | powerbuilding_cut | athletic_recomp | athletic_cut | athletic_bulk,1,pull_a,Pull A,2,Face pull (cable),Rear Delt and Upper Back,rear_delt,"Rear deltoids, External rotators, Upper traps",5,15–20,60 sec,cables
ppl_6x,Push / Pull / Legs 6×/week,6,advanced,1 of 4,muscle,muscle | maintain | default | recomp | cut_strength | cut_endurance | powerbuilding | hybrid_muscle | hybrid_strength | powerbuilding_cut | athletic_recomp | athletic_cut | athletic_bulk,1,pull_a,Pull A,3,Bayesian cable curl,Biceps,biceps,"Biceps, Brachialis",4,12–15,60 sec,cables
ppl_6x,Push / Pull / Legs 6×/week,6,advanced,1 of 4,muscle,muscle | maintain | default | recomp | cut_strength | cut_endurance | powerbuilding | hybrid_muscle | hybrid_strength | powerbuilding_cut | athletic_recomp | athletic_cut | athletic_bulk,1,pull_a,Pull A,4,Barbell shrug,Upper Traps,upper_traps,"Upper trapezius, Levator scapulae",3,10–15,60 sec,barbell
ppl_6x,Push / Pull / Legs 6×/week,6,advanced,1 of 4,muscle,muscle | maintain | default | recomp | cut_strength | cut_endurance | powerbuilding | hybrid_muscle | hybrid_strength | powerbuilding_cut | athletic_recomp | athletic_cut | athletic_bulk,1,pull_a,Pull A,5,Cable crunch,Core — Weighted Ab Training,core,"Rectus abdominis, Obliques",2,12–20,60 sec,cables
ppl_6x,Push / Pull / Legs 6×/week,6,advanced,1 of 4,muscle,muscle | maintain | default | recomp | cut_strength | cut_endurance | powerbuilding | hybrid_muscle | hybrid_strength | powerbuilding_cut | athletic_recomp | athletic_cut | athletic_bulk,2,legs_a,Legs A,0,Barbell back squat,Quads — Squat Pattern,squat_pattern,"Quads, Glutes, Hamstrings",5,10–15,90 sec,barbell
ppl_6x,Push / Pull / Legs 6×/week,6,advanced,1 of 4,muscle,muscle | maintain | default | recomp | cut_strength | cut_endurance | powerbuilding | hybrid_muscle | hybrid_strength | powerbuilding_cut | athletic_recomp | athletic_cut | athletic_bulk,2,legs_a,Legs A,1,Romanian deadlift (barbell),Hamstrings and Glutes — Hip Hinge,hip_hinge,"Hamstrings, Glutes, Lower back",4,10–15,90 sec,barbell
ppl_6x,Push / Pull / Legs 6×/week,6,advanced,1 of 4,muscle,muscle | maintain | default | recomp | cut_strength | cut_endurance | powerbuilding | hybrid_muscle | hybrid_strength | powerbuilding_cut | athletic_recomp | athletic_cut | athletic_bulk,2,legs_a,Legs A,2,Walking lunge (long stride),Glutes — Compound and Isolation,glute_focused,"Glutes, Glute medius, Adductors",6,10–15,60 sec,bodyweight+dumbbells
ppl_6x,Push / Pull / Legs 6×/week,6,advanced,1 of 4,muscle,muscle | maintain | default | recomp | cut_strength | cut_endurance | powerbuilding | hybrid_muscle | hybrid_strength | powerbuilding_cut | athletic_recomp | athletic_cut | athletic_bulk,2,legs_a,Legs A,3,Leg extensions,Quads — Isolation,quad_isolation,Quads,5,12–20,60 sec,machines
ppl_6x,Push / Pull / Legs 6×/week,6,advanced,1 of 4,muscle,muscle | maintain | default | recomp | cut_strength | cut_endurance | powerbuilding | hybrid_muscle | hybrid_strength | powerbuilding_cut | athletic_recomp | athletic_cut | athletic_bulk,2,legs_a,Legs A,4,Standing calf raise,Calves,calves,"Gastrocnemius, Soleus",4,10–15,60 sec,machines
ppl_6x,Push / Pull / Legs 6×/week,6,advanced,1 of 4,muscle,muscle | maintain | default | recomp | cut_strength | cut_endurance | powerbuilding | hybrid_muscle | hybrid_strength | powerbuilding_cut | athletic_recomp | athletic_cut | athletic_bulk,2,legs_a,Legs A,5,Seated calf raise,Calves,calves,"Gastrocnemius, Soleus",3,10–15,60 sec,machines
ppl_6x,Push / Pull / Legs 6×/week,6,advanced,1 of 4,muscle,muscle | maintain | default | recomp | cut_strength | cut_endurance | powerbuilding | hybrid_muscle | hybrid_strength | powerbuilding_cut | athletic_recomp | athletic_cut | athletic_bulk,3,push_b,Push B,0,Incline barbell press,Chest — Incline Push (Upper Chest),chest_incline_push,"Upper chest, Shoulders, Triceps",3,10–15,90 sec,barbell
ppl_6x,Push / Pull / Legs 6×/week,6,advanced,1 of 4,muscle,muscle | maintain | default | recomp | cut_strength | cut_endurance | powerbuilding | hybrid_muscle | hybrid_strength | powerbuilding_cut | athletic_recomp | athletic_cut | athletic_bulk,3,push_b,Push B,1,Cable crossover (lower chest),Chest — Decline / Lower Chest,chest_decline,"Lower chest, Mid chest, Triceps",3,12–15,60 sec,cables
ppl_6x,Push / Pull / Legs 6×/week,6,advanced,1 of 4,muscle,muscle | maintain | default | recomp | cut_strength | cut_endurance | powerbuilding | hybrid_muscle | hybrid_strength | powerbuilding_cut | athletic_recomp | athletic_cut | athletic_bulk,3,push_b,Push B,2,Barbell overhead press,Shoulders — Vertical Push,shoulders_vertical_push,"Shoulders, Triceps, Upper chest",3,10–15,90 sec,barbell
ppl_6x,Push / Pull / Legs 6×/week,6,advanced,1 of 4,muscle,muscle | maintain | default | recomp | cut_strength | cut_endurance | powerbuilding | hybrid_muscle | hybrid_strength | powerbuilding_cut | athletic_recomp | athletic_cut | athletic_bulk,3,push_b,Push B,3,Cable lateral raise,Shoulders — Side Delt Isolation,shoulders_side_delt,Side deltoids,6,12–20,60 sec,cables
ppl_6x,Push / Pull / Legs 6×/week,6,advanced,1 of 4,muscle,muscle | maintain | default | recomp | cut_strength | cut_endurance | powerbuilding | hybrid_muscle | hybrid_strength | powerbuilding_cut | athletic_recomp | athletic_cut | athletic_bulk,3,push_b,Push B,4,Cable tricep pushdown (rope or bar),Triceps,triceps,Triceps,3,12–15,60 sec,cables
ppl_6x,Push / Pull / Legs 6×/week,6,advanced,1 of 4,muscle,muscle | maintain | default | recomp | cut_strength | cut_endurance | powerbuilding | hybrid_muscle | hybrid_strength | powerbuilding_cut | athletic_recomp | athletic_cut | athletic_bulk,3,push_b,Push B,5,Cable crunch,Core — Weighted Ab Training,core,"Rectus abdominis, Obliques",2,12–20,60 sec,cables
ppl_6x,Push / Pull / Legs 6×/week,6,advanced,1 of 4,muscle,muscle | maintain | default | recomp | cut_strength | cut_endurance | powerbuilding | hybrid_muscle | hybrid_strength | powerbuilding_cut | athletic_recomp | athletic_cut | athletic_bulk,4,pull_b,Pull B,0,Cable row (wide grip / flared elbows),Back — Inner Back / Rhomboids,back_inner,"Rhomboids, Mid-traps, Rear delts",3,10–15,60 sec,cables
ppl_6x,Push / Pull / Legs 6×/week,6,advanced,1 of 4,muscle,muscle | maintain | default | recomp | cut_strength | cut_endurance | powerbuilding | hybrid_muscle | hybrid_strength | powerbuilding_cut | athletic_recomp | athletic_cut | athletic_bulk,4,pull_b,Pull B,1,Cable lat pullover (rope or bar),Back — Isolation / Lat Stretch,back_isolation,Lats,3,12–15,60 sec,cables
ppl_6x,Push / Pull / Legs 6×/week,6,advanced,1 of 4,muscle,muscle | maintain | default | recomp | cut_strength | cut_endurance | powerbuilding | hybrid_muscle | hybrid_strength | powerbuilding_cut | athletic_recomp | athletic_cut | athletic_bulk,4,pull_b,Pull B,2,Face pull (cable),Rear Delt and Upper Back,rear_delt,"Rear deltoids, External rotators, Upper traps",5,15–20,60 sec,cables
ppl_6x,Push / Pull / Legs 6×/week,6,advanced,1 of 4,muscle,muscle | maintain | default | recomp | cut_strength | cut_endurance | powerbuilding | hybrid_muscle | hybrid_strength | powerbuilding_cut | athletic_recomp | athletic_cut | athletic_bulk,4,pull_b,Pull B,3,Preacher curl,Biceps,biceps,"Biceps, Brachialis",4,12–15,60 sec,barbell
ppl_6x,Push / Pull / Legs 6×/week,6,advanced,1 of 4,muscle,muscle | maintain | default | recomp | cut_strength | cut_endurance | powerbuilding | hybrid_muscle | hybrid_strength | powerbuilding_cut | athletic_recomp | athletic_cut | athletic_bulk,4,pull_b,Pull B,4,Cable crunch,Core — Weighted Ab Training,core,"Rectus abdominis, Obliques",2,12–20,60 sec,cables
ppl_6x,Push / Pull / Legs 6×/week,6,advanced,1 of 4,muscle,muscle | maintain | default | recomp | cut_strength | cut_endurance | powerbuilding | hybrid_muscle | hybrid_strength | powerbuilding_cut | athletic_recomp | athletic_cut | athletic_bulk,5,legs_b,Legs B,0,45° leg press,Quads — Squat Pattern,squat_pattern,"Quads, Glutes, Hamstrings",4,10–15,90 sec,machines
ppl_6x,Push / Pull / Legs 6×/week,6,advanced,1 of 4,muscle,muscle | maintain | default | recomp | cut_strength | cut_endurance | powerbuilding | hybrid_muscle | hybrid_strength | powerbuilding_cut | athletic_recomp | athletic_cut | athletic_bulk,5,legs_b,Legs B,1,Conventional deadlift,Hamstrings and Glutes — Hip Hinge,hip_hinge,"Hamstrings, Glutes, Lower back",3,10–15,90 sec,barbell
ppl_6x,Push / Pull / Legs 6×/week,6,advanced,1 of 4,muscle,muscle | maintain | default | recomp | cut_strength | cut_endurance | powerbuilding | hybrid_muscle | hybrid_strength | powerbuilding_cut | athletic_recomp | athletic_cut | athletic_bulk,5,legs_b,Legs B,2,Cable pull-through,Glutes — Compound and Isolation,glute_focused,"Glutes, Glute medius, Adductors",6,10–15,60 sec,cables
ppl_6x,Push / Pull / Legs 6×/week,6,advanced,1 of 4,muscle,muscle | maintain | default | recomp | cut_strength | cut_endurance | powerbuilding | hybrid_muscle | hybrid_strength | powerbuilding_cut | athletic_recomp | athletic_cut | athletic_bulk,5,legs_b,Legs B,3,Seated leg curl,Hamstrings — Isolation,hamstring_isolation,Hamstrings,3,12–15,60 sec,machines
ppl_6x,Push / Pull / Legs 6×/week,6,advanced,1 of 4,muscle,muscle | maintain | default | recomp | cut_strength | cut_endurance | powerbuilding | hybrid_muscle | hybrid_strength | powerbuilding_cut | athletic_recomp | athletic_cut | athletic_bulk,5,legs_b,Legs B,4,Seated calf raise,Calves,calves,"Gastrocnemius, Soleus",3,10–15,60 sec,machines
ppl_6x,Push / Pull / Legs 6×/week,6,advanced,1 of 4,muscle,muscle | maintain | default | recomp | cut_strength | cut_endurance | powerbuilding | hybrid_muscle | hybrid_strength | powerbuilding_cut | athletic_recomp | athletic_cut | athletic_bulk,5,legs_b,Legs B,5,Cable crunch,Core — Weighted Ab Training,core,"Rectus abdominis, Obliques",2,12–20,60 sec,cables
ppl_6x,Push / Pull / Legs 6×/week,6,advanced,2 of 4,strength,strength,0,push_a,Push A,0,Barbell bench press,Chest — Horizontal Push,chest_horizontal_push,"Chest, Shoulders, Triceps",5,3–6,3–5 min,barbell
ppl_6x,Push / Pull / Legs 6×/week,6,advanced,2 of 4,strength,strength,0,push_a,Push A,1,Barbell overhead press,Shoulders — Vertical Push,shoulders_vertical_push,"Shoulders, Triceps, Upper chest",3,3–6,3–5 min,barbell
ppl_6x,Push / Pull / Legs 6×/week,6,advanced,2 of 4,strength,strength,0,push_a,Push A,2,Cable fly (seated or standing),Chest — Isolation (Fly / Stretch),chest_isolation,Chest,3,8–12,2 min,cables
ppl_6x,Push / Pull / Legs 6×/week,6,advanced,2 of 4,strength,strength,0,push_a,Push A,3,Cable lateral raise,Shoulders — Side Delt Isolation,shoulders_side_delt,Side deltoids,6,12–20,2 min,cables
ppl_6x,Push / Pull / Legs 6×/week,6,advanced,2 of 4,strength,strength,0,push_a,Push A,4,Overhead tricep extension,Triceps,triceps,Triceps,4,8–12,2 min,cables
ppl_6x,Push / Pull / Legs 6×/week,6,advanced,2 of 4,strength,strength,0,push_a,Push A,5,Cable tricep pushdown (rope or bar),Triceps,triceps,Triceps,3,8–12,2 min,cables
ppl_6x,Push / Pull / Legs 6×/week,6,advanced,2 of 4,strength,strength,1,pull_a,Pull A,0,Pull-up (overhand),Back — Vertical Pull (Lat Width),back_vertical_pull,"Lats, Biceps, Rear delts",4,6–10,3–5 min,pullup_bar
ppl_6x,Push / Pull / Legs 6×/week,6,advanced,2 of 4,strength,strength,1,pull_a,Pull A,1,Barbell row,Back — Horizontal Pull (Back Thickness + Inner Back),back_horizontal_pull,"Lats, Rhomboids, Mid-traps, Rear delts, Biceps",3,3–6,3–5 min,barbell
ppl_6x,Push / Pull / Legs 6×/week,6,advanced,2 of 4,strength,strength,1,pull_a,Pull A,2,Face pull (cable),Rear Delt and Upper Back,rear_delt,"Rear deltoids, External rotators, Upper traps",5,15–20,2 min,cables
ppl_6x,Push / Pull / Legs 6×/week,6,advanced,2 of 4,strength,strength,1,pull_a,Pull A,3,Bayesian cable curl,Biceps,biceps,"Biceps, Brachialis",4,8–12,2 min,cables
ppl_6x,Push / Pull / Legs 6×/week,6,advanced,2 of 4,strength,strength,1,pull_a,Pull A,4,Barbell shrug,Upper Traps,upper_traps,"Upper trapezius, Levator scapulae",3,10–15,2 min,barbell
ppl_6x,Push / Pull / Legs 6×/week,6,advanced,2 of 4,strength,strength,1,pull_a,Pull A,5,Cable crunch,Core — Weighted Ab Training,core,"Rectus abdominis, Obliques",2,12–20,2 min,cables
ppl_6x,Push / Pull / Legs 6×/week,6,advanced,2 of 4,strength,strength,2,legs_a,Legs A,0,Barbell back squat,Quads — Squat Pattern,squat_pattern,"Quads, Glutes, Hamstrings",6,3–6,3–5 min,barbell
ppl_6x,Push / Pull / Legs 6×/week,6,advanced,2 of 4,strength,strength,2,legs_a,Legs A,1,Romanian deadlift (barbell),Hamstrings and Glutes — Hip Hinge,hip_hinge,"Hamstrings, Glutes, Lower back",4,3–6,3–5 min,barbell
ppl_6x,Push / Pull / Legs 6×/week,6,advanced,2 of 4,strength,strength,2,legs_a,Legs A,2,Walking lunge (long stride),Glutes — Compound and Isolation,glute_focused,"Glutes, Glute medius, Adductors",6,10–15,2 min,bodyweight+dumbbells
ppl_6x,Push / Pull / Legs 6×/week,6,advanced,2 of 4,strength,strength,2,legs_a,Legs A,3,Leg extensions,Quads — Isolation,quad_isolation,Quads,4,12–20,2 min,machines
ppl_6x,Push / Pull / Legs 6×/week,6,advanced,2 of 4,strength,strength,2,legs_a,Legs A,4,Standing calf raise,Calves,calves,"Gastrocnemius, Soleus",4,10–15,2 min,machines
ppl_6x,Push / Pull / Legs 6×/week,6,advanced,2 of 4,strength,strength,2,legs_a,Legs A,5,Seated calf raise,Calves,calves,"Gastrocnemius, Soleus",3,10–15,2 min,machines
ppl_6x,Push / Pull / Legs 6×/week,6,advanced,2 of 4,strength,strength,3,push_b,Push B,0,Incline barbell press,Chest — Incline Push (Upper Chest),chest_incline_push,"Upper chest, Shoulders, Triceps",3,3–6,3–5 min,barbell
ppl_6x,Push / Pull / Legs 6×/week,6,advanced,2 of 4,strength,strength,3,push_b,Push B,1,Cable crossover (lower chest),Chest — Decline / Lower Chest,chest_decline,"Lower chest, Mid chest, Triceps",3,8–12,2 min,cables
ppl_6x,Push / Pull / Legs 6×/week,6,advanced,2 of 4,strength,strength,3,push_b,Push B,2,Barbell overhead press,Shoulders — Vertical Push,shoulders_vertical_push,"Shoulders, Triceps, Upper chest",3,3–6,3–5 min,barbell
ppl_6x,Push / Pull / Legs 6×/week,6,advanced,2 of 4,strength,strength,3,push_b,Push B,3,Cable lateral raise,Shoulders — Side Delt Isolation,shoulders_side_delt,Side deltoids,6,12–20,2 min,cables
ppl_6x,Push / Pull / Legs 6×/week,6,advanced,2 of 4,strength,strength,3,push_b,Push B,4,Cable tricep pushdown (rope or bar),Triceps,triceps,Triceps,3,8–12,2 min,cables
ppl_6x,Push / Pull / Legs 6×/week,6,advanced,2 of 4,strength,strength,3,push_b,Push B,5,Cable crunch,Core — Weighted Ab Training,core,"Rectus abdominis, Obliques",2,12–20,2 min,cables
ppl_6x,Push / Pull / Legs 6×/week,6,advanced,2 of 4,strength,strength,4,pull_b,Pull B,0,Cable row (wide grip / flared elbows),Back — Inner Back / Rhomboids,back_inner,"Rhomboids, Mid-traps, Rear delts",3,10–15,2 min,cables
ppl_6x,Push / Pull / Legs 6×/week,6,advanced,2 of 4,strength,strength,4,pull_b,Pull B,1,Cable lat pullover (rope or bar),Back — Isolation / Lat Stretch,back_isolation,Lats,3,8–12,2 min,cables
ppl_6x,Push / Pull / Legs 6×/week,6,advanced,2 of 4,strength,strength,4,pull_b,Pull B,2,Face pull (cable),Rear Delt and Upper Back,rear_delt,"Rear deltoids, External rotators, Upper traps",5,15–20,2 min,cables
ppl_6x,Push / Pull / Legs 6×/week,6,advanced,2 of 4,strength,strength,4,pull_b,Pull B,3,Preacher curl,Biceps,biceps,"Biceps, Brachialis",4,8–12,2 min,barbell
ppl_6x,Push / Pull / Legs 6×/week,6,advanced,2 of 4,strength,strength,4,pull_b,Pull B,4,Cable crunch,Core — Weighted Ab Training,core,"Rectus abdominis, Obliques",2,12–20,2 min,cables
ppl_6x,Push / Pull / Legs 6×/week,6,advanced,2 of 4,strength,strength,5,legs_b,Legs B,0,45° leg press,Quads — Squat Pattern,squat_pattern,"Quads, Glutes, Hamstrings",4,3–6,3–5 min,machines
ppl_6x,Push / Pull / Legs 6×/week,6,advanced,2 of 4,strength,strength,5,legs_b,Legs B,1,Conventional deadlift,Hamstrings and Glutes — Hip Hinge,hip_hinge,"Hamstrings, Glutes, Lower back",4,3–6,3–5 min,barbell
ppl_6x,Push / Pull / Legs 6×/week,6,advanced,2 of 4,strength,strength,5,legs_b,Legs B,2,Cable pull-through,Glutes — Compound and Isolation,glute_focused,"Glutes, Glute medius, Adductors",6,10–15,2 min,cables
ppl_6x,Push / Pull / Legs 6×/week,6,advanced,2 of 4,strength,strength,5,legs_b,Legs B,3,Seated leg curl,Hamstrings — Isolation,hamstring_isolation,Hamstrings,2,8–12,2 min,machines
ppl_6x,Push / Pull / Legs 6×/week,6,advanced,2 of 4,strength,strength,5,legs_b,Legs B,4,Seated calf raise,Calves,calves,"Gastrocnemius, Soleus",3,10–15,2 min,machines
ppl_6x,Push / Pull / Legs 6×/week,6,advanced,2 of 4,strength,strength,5,legs_b,Legs B,5,Cable crunch,Core — Weighted Ab Training,core,"Rectus abdominis, Obliques",2,12–20,2 min,cables
ppl_6x,Push / Pull / Legs 6×/week,6,advanced,3 of 4,lose,lose,0,push_a,Push A,0,Barbell bench press,Chest — Horizontal Push,chest_horizontal_push,"Chest, Shoulders, Triceps",4,6–10,2–3 min,barbell
ppl_6x,Push / Pull / Legs 6×/week,6,advanced,3 of 4,lose,lose,0,push_a,Push A,1,Barbell overhead press,Shoulders — Vertical Push,shoulders_vertical_push,"Shoulders, Triceps, Upper chest",3,6–10,2–3 min,barbell
ppl_6x,Push / Pull / Legs 6×/week,6,advanced,3 of 4,lose,lose,0,push_a,Push A,2,Cable fly (seated or standing),Chest — Isolation (Fly / Stretch),chest_isolation,Chest,4,12–15,90 sec,cables
ppl_6x,Push / Pull / Legs 6×/week,6,advanced,3 of 4,lose,lose,0,push_a,Push A,3,Cable lateral raise,Shoulders — Side Delt Isolation,shoulders_side_delt,Side deltoids,6,12–20,90 sec,cables
ppl_6x,Push / Pull / Legs 6×/week,6,advanced,3 of 4,lose,lose,0,push_a,Push A,4,Overhead tricep extension,Triceps,triceps,Triceps,4,12–15,90 sec,cables
ppl_6x,Push / Pull / Legs 6×/week,6,advanced,3 of 4,lose,lose,0,push_a,Push A,5,Cable tricep pushdown (rope or bar),Triceps,triceps,Triceps,3,12–15,90 sec,cables
ppl_6x,Push / Pull / Legs 6×/week,6,advanced,3 of 4,lose,lose,1,pull_a,Pull A,0,Pull-up (overhand),Back — Vertical Pull (Lat Width),back_vertical_pull,"Lats, Biceps, Rear delts",4,6–10,2–3 min,pullup_bar
ppl_6x,Push / Pull / Legs 6×/week,6,advanced,3 of 4,lose,lose,1,pull_a,Pull A,1,Barbell row,Back — Horizontal Pull (Back Thickness + Inner Back),back_horizontal_pull,"Lats, Rhomboids, Mid-traps, Rear delts, Biceps",3,6–10,2–3 min,barbell
ppl_6x,Push / Pull / Legs 6×/week,6,advanced,3 of 4,lose,lose,1,pull_a,Pull A,2,Face pull (cable),Rear Delt and Upper Back,rear_delt,"Rear deltoids, External rotators, Upper traps",5,15–20,90 sec,cables
ppl_6x,Push / Pull / Legs 6×/week,6,advanced,3 of 4,lose,lose,1,pull_a,Pull A,3,Bayesian cable curl,Biceps,biceps,"Biceps, Brachialis",4,12–15,90 sec,cables
ppl_6x,Push / Pull / Legs 6×/week,6,advanced,3 of 4,lose,lose,1,pull_a,Pull A,4,Barbell shrug,Upper Traps,upper_traps,"Upper trapezius, Levator scapulae",3,10–15,90 sec,barbell
ppl_6x,Push / Pull / Legs 6×/week,6,advanced,3 of 4,lose,lose,1,pull_a,Pull A,5,Cable crunch,Core — Weighted Ab Training,core,"Rectus abdominis, Obliques",2,12–20,90 sec,cables
ppl_6x,Push / Pull / Legs 6×/week,6,advanced,3 of 4,lose,lose,2,legs_a,Legs A,0,Barbell back squat,Quads — Squat Pattern,squat_pattern,"Quads, Glutes, Hamstrings",5,6–10,2–3 min,barbell
ppl_6x,Push / Pull / Legs 6×/week,6,advanced,3 of 4,lose,lose,2,legs_a,Legs A,1,Romanian deadlift (barbell),Hamstrings and Glutes — Hip Hinge,hip_hinge,"Hamstrings, Glutes, Lower back",4,6–10,2–3 min,barbell
ppl_6x,Push / Pull / Legs 6×/week,6,advanced,3 of 4,lose,lose,2,legs_a,Legs A,2,Walking lunge (long stride),Glutes — Compound and Isolation,glute_focused,"Glutes, Glute medius, Adductors",6,10–15,90 sec,bodyweight+dumbbells
ppl_6x,Push / Pull / Legs 6×/week,6,advanced,3 of 4,lose,lose,2,legs_a,Legs A,3,Leg extensions,Quads — Isolation,quad_isolation,Quads,5,12–20,90 sec,machines
ppl_6x,Push / Pull / Legs 6×/week,6,advanced,3 of 4,lose,lose,2,legs_a,Legs A,4,Standing calf raise,Calves,calves,"Gastrocnemius, Soleus",4,10–15,90 sec,machines
ppl_6x,Push / Pull / Legs 6×/week,6,advanced,3 of 4,lose,lose,2,legs_a,Legs A,5,Seated calf raise,Calves,calves,"Gastrocnemius, Soleus",3,10–15,90 sec,machines
ppl_6x,Push / Pull / Legs 6×/week,6,advanced,3 of 4,lose,lose,3,push_b,Push B,0,Incline barbell press,Chest — Incline Push (Upper Chest),chest_incline_push,"Upper chest, Shoulders, Triceps",3,6–10,2–3 min,barbell
ppl_6x,Push / Pull / Legs 6×/week,6,advanced,3 of 4,lose,lose,3,push_b,Push B,1,Cable crossover (lower chest),Chest — Decline / Lower Chest,chest_decline,"Lower chest, Mid chest, Triceps",3,12–15,90 sec,cables
ppl_6x,Push / Pull / Legs 6×/week,6,advanced,3 of 4,lose,lose,3,push_b,Push B,2,Barbell overhead press,Shoulders — Vertical Push,shoulders_vertical_push,"Shoulders, Triceps, Upper chest",3,6–10,2–3 min,barbell
ppl_6x,Push / Pull / Legs 6×/week,6,advanced,3 of 4,lose,lose,3,push_b,Push B,3,Cable lateral raise,Shoulders — Side Delt Isolation,shoulders_side_delt,Side deltoids,6,12–20,90 sec,cables
ppl_6x,Push / Pull / Legs 6×/week,6,advanced,3 of 4,lose,lose,3,push_b,Push B,4,Cable tricep pushdown (rope or bar),Triceps,triceps,Triceps,3,12–15,90 sec,cables
ppl_6x,Push / Pull / Legs 6×/week,6,advanced,3 of 4,lose,lose,3,push_b,Push B,5,Cable crunch,Core — Weighted Ab Training,core,"Rectus abdominis, Obliques",2,12–20,90 sec,cables
ppl_6x,Push / Pull / Legs 6×/week,6,advanced,3 of 4,lose,lose,4,pull_b,Pull B,0,Cable row (wide grip / flared elbows),Back — Inner Back / Rhomboids,back_inner,"Rhomboids, Mid-traps, Rear delts",3,10–15,90 sec,cables
ppl_6x,Push / Pull / Legs 6×/week,6,advanced,3 of 4,lose,lose,4,pull_b,Pull B,1,Cable lat pullover (rope or bar),Back — Isolation / Lat Stretch,back_isolation,Lats,3,12–15,90 sec,cables
ppl_6x,Push / Pull / Legs 6×/week,6,advanced,3 of 4,lose,lose,4,pull_b,Pull B,2,Face pull (cable),Rear Delt and Upper Back,rear_delt,"Rear deltoids, External rotators, Upper traps",5,15–20,90 sec,cables
ppl_6x,Push / Pull / Legs 6×/week,6,advanced,3 of 4,lose,lose,4,pull_b,Pull B,3,Preacher curl,Biceps,biceps,"Biceps, Brachialis",4,12–15,90 sec,barbell
ppl_6x,Push / Pull / Legs 6×/week,6,advanced,3 of 4,lose,lose,4,pull_b,Pull B,4,Cable crunch,Core — Weighted Ab Training,core,"Rectus abdominis, Obliques",2,12–20,90 sec,cables
ppl_6x,Push / Pull / Legs 6×/week,6,advanced,3 of 4,lose,lose,5,legs_b,Legs B,0,45° leg press,Quads — Squat Pattern,squat_pattern,"Quads, Glutes, Hamstrings",4,6–10,2–3 min,machines
ppl_6x,Push / Pull / Legs 6×/week,6,advanced,3 of 4,lose,lose,5,legs_b,Legs B,1,Conventional deadlift,Hamstrings and Glutes — Hip Hinge,hip_hinge,"Hamstrings, Glutes, Lower back",3,6–10,2–3 min,barbell
ppl_6x,Push / Pull / Legs 6×/week,6,advanced,3 of 4,lose,lose,5,legs_b,Legs B,2,Cable pull-through,Glutes — Compound and Isolation,glute_focused,"Glutes, Glute medius, Adductors",6,10–15,90 sec,cables
ppl_6x,Push / Pull / Legs 6×/week,6,advanced,3 of 4,lose,lose,5,legs_b,Legs B,3,Seated leg curl,Hamstrings — Isolation,hamstring_isolation,Hamstrings,3,12–15,90 sec,machines
ppl_6x,Push / Pull / Legs 6×/week,6,advanced,3 of 4,lose,lose,5,legs_b,Legs B,4,Seated calf raise,Calves,calves,"Gastrocnemius, Soleus",3,10–15,90 sec,machines
ppl_6x,Push / Pull / Legs 6×/week,6,advanced,3 of 4,lose,lose,5,legs_b,Legs B,5,Cable crunch,Core — Weighted Ab Training,core,"Rectus abdominis, Obliques",2,12–20,90 sec,cables
ppl_6x,Push / Pull / Legs 6×/week,6,advanced,4 of 4,endurance,endurance,0,push_a,Push A,0,Barbell bench press,Chest — Horizontal Push,chest_horizontal_push,"Chest, Shoulders, Triceps",4,12–20,60 sec,barbell
ppl_6x,Push / Pull / Legs 6×/week,6,advanced,4 of 4,endurance,endurance,0,push_a,Push A,1,Barbell overhead press,Shoulders — Vertical Push,shoulders_vertical_push,"Shoulders, Triceps, Upper chest",3,12–20,60 sec,barbell
ppl_6x,Push / Pull / Legs 6×/week,6,advanced,4 of 4,endurance,endurance,0,push_a,Push A,2,Cable fly (seated or standing),Chest — Isolation (Fly / Stretch),chest_isolation,Chest,4,15–25,30–45 sec,cables
ppl_6x,Push / Pull / Legs 6×/week,6,advanced,4 of 4,endurance,endurance,0,push_a,Push A,3,Cable lateral raise,Shoulders — Side Delt Isolation,shoulders_side_delt,Side deltoids,6,12–20,30–45 sec,cables
ppl_6x,Push / Pull / Legs 6×/week,6,advanced,4 of 4,endurance,endurance,0,push_a,Push A,4,Overhead tricep extension,Triceps,triceps,Triceps,4,15–25,30–45 sec,cables
ppl_6x,Push / Pull / Legs 6×/week,6,advanced,4 of 4,endurance,endurance,0,push_a,Push A,5,Cable tricep pushdown (rope or bar),Triceps,triceps,Triceps,3,15–25,30–45 sec,cables
ppl_6x,Push / Pull / Legs 6×/week,6,advanced,4 of 4,endurance,endurance,1,pull_a,Pull A,0,Pull-up (overhand),Back — Vertical Pull (Lat Width),back_vertical_pull,"Lats, Biceps, Rear delts",4,6–10,60 sec,pullup_bar
ppl_6x,Push / Pull / Legs 6×/week,6,advanced,4 of 4,endurance,endurance,1,pull_a,Pull A,1,Barbell row,Back — Horizontal Pull (Back Thickness + Inner Back),back_horizontal_pull,"Lats, Rhomboids, Mid-traps, Rear delts, Biceps",3,12–20,60 sec,barbell
ppl_6x,Push / Pull / Legs 6×/week,6,advanced,4 of 4,endurance,endurance,1,pull_a,Pull A,2,Face pull (cable),Rear Delt and Upper Back,rear_delt,"Rear deltoids, External rotators, Upper traps",5,15–20,30–45 sec,cables
ppl_6x,Push / Pull / Legs 6×/week,6,advanced,4 of 4,endurance,endurance,1,pull_a,Pull A,3,Bayesian cable curl,Biceps,biceps,"Biceps, Brachialis",4,15–25,30–45 sec,cables
ppl_6x,Push / Pull / Legs 6×/week,6,advanced,4 of 4,endurance,endurance,1,pull_a,Pull A,4,Barbell shrug,Upper Traps,upper_traps,"Upper trapezius, Levator scapulae",3,10–15,30–45 sec,barbell
ppl_6x,Push / Pull / Legs 6×/week,6,advanced,4 of 4,endurance,endurance,1,pull_a,Pull A,5,Cable crunch,Core — Weighted Ab Training,core,"Rectus abdominis, Obliques",2,12–20,30–45 sec,cables
ppl_6x,Push / Pull / Legs 6×/week,6,advanced,4 of 4,endurance,endurance,2,legs_a,Legs A,0,Barbell back squat,Quads — Squat Pattern,squat_pattern,"Quads, Glutes, Hamstrings",5,12–20,60 sec,barbell
ppl_6x,Push / Pull / Legs 6×/week,6,advanced,4 of 4,endurance,endurance,2,legs_a,Legs A,1,Romanian deadlift (barbell),Hamstrings and Glutes — Hip Hinge,hip_hinge,"Hamstrings, Glutes, Lower back",4,12–20,60 sec,barbell
ppl_6x,Push / Pull / Legs 6×/week,6,advanced,4 of 4,endurance,endurance,2,legs_a,Legs A,2,Walking lunge (long stride),Glutes — Compound and Isolation,glute_focused,"Glutes, Glute medius, Adductors",6,10–15,30–45 sec,bodyweight+dumbbells
ppl_6x,Push / Pull / Legs 6×/week,6,advanced,4 of 4,endurance,endurance,2,legs_a,Legs A,3,Leg extensions,Quads — Isolation,quad_isolation,Quads,5,12–20,30–45 sec,machines
ppl_6x,Push / Pull / Legs 6×/week,6,advanced,4 of 4,endurance,endurance,2,legs_a,Legs A,4,Standing calf raise,Calves,calves,"Gastrocnemius, Soleus",4,10–15,30–45 sec,machines
ppl_6x,Push / Pull / Legs 6×/week,6,advanced,4 of 4,endurance,endurance,2,legs_a,Legs A,5,Seated calf raise,Calves,calves,"Gastrocnemius, Soleus",3,10–15,30–45 sec,machines
ppl_6x,Push / Pull / Legs 6×/week,6,advanced,4 of 4,endurance,endurance,3,push_b,Push B,0,Incline barbell press,Chest — Incline Push (Upper Chest),chest_incline_push,"Upper chest, Shoulders, Triceps",3,12–20,60 sec,barbell
ppl_6x,Push / Pull / Legs 6×/week,6,advanced,4 of 4,endurance,endurance,3,push_b,Push B,1,Cable crossover (lower chest),Chest — Decline / Lower Chest,chest_decline,"Lower chest, Mid chest, Triceps",3,15–25,30–45 sec,cables
ppl_6x,Push / Pull / Legs 6×/week,6,advanced,4 of 4,endurance,endurance,3,push_b,Push B,2,Barbell overhead press,Shoulders — Vertical Push,shoulders_vertical_push,"Shoulders, Triceps, Upper chest",3,12–20,60 sec,barbell
ppl_6x,Push / Pull / Legs 6×/week,6,advanced,4 of 4,endurance,endurance,3,push_b,Push B,3,Cable lateral raise,Shoulders — Side Delt Isolation,shoulders_side_delt,Side deltoids,6,12–20,30–45 sec,cables
ppl_6x,Push / Pull / Legs 6×/week,6,advanced,4 of 4,endurance,endurance,3,push_b,Push B,4,Cable tricep pushdown (rope or bar),Triceps,triceps,Triceps,3,15–25,30–45 sec,cables
ppl_6x,Push / Pull / Legs 6×/week,6,advanced,4 of 4,endurance,endurance,3,push_b,Push B,5,Cable crunch,Core — Weighted Ab Training,core,"Rectus abdominis, Obliques",2,12–20,30–45 sec,cables
ppl_6x,Push / Pull / Legs 6×/week,6,advanced,4 of 4,endurance,endurance,4,pull_b,Pull B,0,Cable row (wide grip / flared elbows),Back — Inner Back / Rhomboids,back_inner,"Rhomboids, Mid-traps, Rear delts",3,10–15,30–45 sec,cables
ppl_6x,Push / Pull / Legs 6×/week,6,advanced,4 of 4,endurance,endurance,4,pull_b,Pull B,1,Cable lat pullover (rope or bar),Back — Isolation / Lat Stretch,back_isolation,Lats,3,15–25,30–45 sec,cables
ppl_6x,Push / Pull / Legs 6×/week,6,advanced,4 of 4,endurance,endurance,4,pull_b,Pull B,2,Face pull (cable),Rear Delt and Upper Back,rear_delt,"Rear deltoids, External rotators, Upper traps",5,15–20,30–45 sec,cables
ppl_6x,Push / Pull / Legs 6×/week,6,advanced,4 of 4,endurance,endurance,4,pull_b,Pull B,3,Preacher curl,Biceps,biceps,"Biceps, Brachialis",4,15–25,30–45 sec,barbell
ppl_6x,Push / Pull / Legs 6×/week,6,advanced,4 of 4,endurance,endurance,4,pull_b,Pull B,4,Cable crunch,Core — Weighted Ab Training,core,"Rectus abdominis, Obliques",2,12–20,30–45 sec,cables
ppl_6x,Push / Pull / Legs 6×/week,6,advanced,4 of 4,endurance,endurance,5,legs_b,Legs B,0,45° leg press,Quads — Squat Pattern,squat_pattern,"Quads, Glutes, Hamstrings",4,12–20,60 sec,machines
ppl_6x,Push / Pull / Legs 6×/week,6,advanced,4 of 4,endurance,endurance,5,legs_b,Legs B,1,Conventional deadlift,Hamstrings and Glutes — Hip Hinge,hip_hinge,"Hamstrings, Glutes, Lower back",3,12–20,60 sec,barbell
ppl_6x,Push / Pull / Legs 6×/week,6,advanced,4 of 4,endurance,endurance,5,legs_b,Legs B,2,Cable pull-through,Glutes — Compound and Isolation,glute_focused,"Glutes, Glute medius, Adductors",6,10–15,30–45 sec,cables
ppl_6x,Push / Pull / Legs 6×/week,6,advanced,4 of 4,endurance,endurance,5,legs_b,Legs B,3,Seated leg curl,Hamstrings — Isolation,hamstring_isolation,Hamstrings,3,15–25,30–45 sec,machines
ppl_6x,Push / Pull / Legs 6×/week,6,advanced,4 of 4,endurance,endurance,5,legs_b,Legs B,4,Seated calf raise,Calves,calves,"Gastrocnemius, Soleus",3,10–15,30–45 sec,machines
ppl_6x,Push / Pull / Legs 6×/week,6,advanced,4 of 4,endurance,endurance,5,legs_b,Legs B,5,Cable crunch,Core — Weighted Ab Training,core,"Rectus abdominis, Obliques",2,12–20,30–45 sec,cables
hybrid_3x,Full Body / Upper / Lower 3×/week,3,beginner,1 of 4,muscle,muscle | maintain | default | recomp | cut_strength | cut_endurance | powerbuilding | hybrid_muscle | hybrid_strength | powerbuilding_cut | athletic_recomp | athletic_cut | athletic_bulk,0,full_body,Full Body,0,Barbell back squat,Quads — Squat Pattern,squat_pattern,"Quads, Glutes, Hamstrings",2,10–15,90 sec,barbell
hybrid_3x,Full Body / Upper / Lower 3×/week,3,beginner,1 of 4,muscle,muscle | maintain | default | recomp | cut_strength | cut_endurance | powerbuilding | hybrid_muscle | hybrid_strength | powerbuilding_cut | athletic_recomp | athletic_cut | athletic_bulk,0,full_body,Full Body,1,Barbell bench press,Chest — Horizontal Push,chest_horizontal_push,"Chest, Shoulders, Triceps",2,10–15,90 sec,barbell
hybrid_3x,Full Body / Upper / Lower 3×/week,3,beginner,1 of 4,muscle,muscle | maintain | default | recomp | cut_strength | cut_endurance | powerbuilding | hybrid_muscle | hybrid_strength | powerbuilding_cut | athletic_recomp | athletic_cut | athletic_bulk,0,full_body,Full Body,2,Barbell row,Back — Horizontal Pull (Back Thickness + Inner Back),back_horizontal_pull,"Lats, Rhomboids, Mid-traps, Rear delts, Biceps",3,10–15,90 sec,barbell
hybrid_3x,Full Body / Upper / Lower 3×/week,3,beginner,1 of 4,muscle,muscle | maintain | default | recomp | cut_strength | cut_endurance | powerbuilding | hybrid_muscle | hybrid_strength | powerbuilding_cut | athletic_recomp | athletic_cut | athletic_bulk,0,full_body,Full Body,3,Cable lateral raise,Shoulders — Side Delt Isolation,shoulders_side_delt,Side deltoids,3,12–20,60 sec,cables
hybrid_3x,Full Body / Upper / Lower 3×/week,3,beginner,1 of 4,muscle,muscle | maintain | default | recomp | cut_strength | cut_endurance | powerbuilding | hybrid_muscle | hybrid_strength | powerbuilding_cut | athletic_recomp | athletic_cut | athletic_bulk,0,full_body,Full Body,4,Face pull (cable),Rear Delt and Upper Back,rear_delt,"Rear deltoids, External rotators, Upper traps",2,15–20,60 sec,cables
hybrid_3x,Full Body / Upper / Lower 3×/week,3,beginner,1 of 4,muscle,muscle | maintain | default | recomp | cut_strength | cut_endurance | powerbuilding | hybrid_muscle | hybrid_strength | powerbuilding_cut | athletic_recomp | athletic_cut | athletic_bulk,0,full_body,Full Body,5,Overhead tricep extension,Triceps,triceps,Triceps,2,12–15,60 sec,cables
hybrid_3x,Full Body / Upper / Lower 3×/week,3,beginner,1 of 4,muscle,muscle | maintain | default | recomp | cut_strength | cut_endurance | powerbuilding | hybrid_muscle | hybrid_strength | powerbuilding_cut | athletic_recomp | athletic_cut | athletic_bulk,0,full_body,Full Body,6,Bayesian cable curl,Biceps,biceps,"Biceps, Brachialis",2,12–15,60 sec,cables
hybrid_3x,Full Body / Upper / Lower 3×/week,3,beginner,1 of 4,muscle,muscle | maintain | default | recomp | cut_strength | cut_endurance | powerbuilding | hybrid_muscle | hybrid_strength | powerbuilding_cut | athletic_recomp | athletic_cut | athletic_bulk,0,full_body,Full Body,7,Standing calf raise,Calves,calves,"Gastrocnemius, Soleus",2,10–15,60 sec,machines
hybrid_3x,Full Body / Upper / Lower 3×/week,3,beginner,1 of 4,muscle,muscle | maintain | default | recomp | cut_strength | cut_endurance | powerbuilding | hybrid_muscle | hybrid_strength | powerbuilding_cut | athletic_recomp | athletic_cut | athletic_bulk,0,full_body,Full Body,8,Cable crunch,Core — Weighted Ab Training,core,"Rectus abdominis, Obliques",2,12–20,60 sec,cables
hybrid_3x,Full Body / Upper / Lower 3×/week,3,beginner,1 of 4,muscle,muscle | maintain | default | recomp | cut_strength | cut_endurance | powerbuilding | hybrid_muscle | hybrid_strength | powerbuilding_cut | athletic_recomp | athletic_cut | athletic_bulk,1,upper,Upper,0,Incline barbell press,Chest — Incline Push (Upper Chest),chest_incline_push,"Upper chest, Shoulders, Triceps",2,10–15,90 sec,barbell
hybrid_3x,Full Body / Upper / Lower 3×/week,3,beginner,1 of 4,muscle,muscle | maintain | default | recomp | cut_strength | cut_endurance | powerbuilding | hybrid_muscle | hybrid_strength | powerbuilding_cut | athletic_recomp | athletic_cut | athletic_bulk,1,upper,Upper,1,Cable crossover (lower chest),Chest — Decline / Lower Chest,chest_decline,"Lower chest, Mid chest, Triceps",2,12–15,60 sec,cables
hybrid_3x,Full Body / Upper / Lower 3×/week,3,beginner,1 of 4,muscle,muscle | maintain | default | recomp | cut_strength | cut_endurance | powerbuilding | hybrid_muscle | hybrid_strength | powerbuilding_cut | athletic_recomp | athletic_cut | athletic_bulk,1,upper,Upper,2,Pull-up (overhand),Back — Vertical Pull (Lat Width),back_vertical_pull,"Lats, Biceps, Rear delts",3,6–10,90 sec,pullup_bar
hybrid_3x,Full Body / Upper / Lower 3×/week,3,beginner,1 of 4,muscle,muscle | maintain | default | recomp | cut_strength | cut_endurance | powerbuilding | hybrid_muscle | hybrid_strength | powerbuilding_cut | athletic_recomp | athletic_cut | athletic_bulk,1,upper,Upper,3,Cable row (wide grip / flared elbows),Back — Inner Back / Rhomboids,back_inner,"Rhomboids, Mid-traps, Rear delts",2,10–15,60 sec,cables
hybrid_3x,Full Body / Upper / Lower 3×/week,3,beginner,1 of 4,muscle,muscle | maintain | default | recomp | cut_strength | cut_endurance | powerbuilding | hybrid_muscle | hybrid_strength | powerbuilding_cut | athletic_recomp | athletic_cut | athletic_bulk,1,upper,Upper,4,Cable lateral raise,Shoulders — Side Delt Isolation,shoulders_side_delt,Side deltoids,2,12–20,60 sec,cables
hybrid_3x,Full Body / Upper / Lower 3×/week,3,beginner,1 of 4,muscle,muscle | maintain | default | recomp | cut_strength | cut_endurance | powerbuilding | hybrid_muscle | hybrid_strength | powerbuilding_cut | athletic_recomp | athletic_cut | athletic_bulk,1,upper,Upper,5,Barbell overhead press,Shoulders — Vertical Push,shoulders_vertical_push,"Shoulders, Triceps, Upper chest",3,10–15,90 sec,barbell
hybrid_3x,Full Body / Upper / Lower 3×/week,3,beginner,1 of 4,muscle,muscle | maintain | default | recomp | cut_strength | cut_endurance | powerbuilding | hybrid_muscle | hybrid_strength | powerbuilding_cut | athletic_recomp | athletic_cut | athletic_bulk,1,upper,Upper,6,Face pull (cable),Rear Delt and Upper Back,rear_delt,"Rear deltoids, External rotators, Upper traps",2,15–20,60 sec,cables
hybrid_3x,Full Body / Upper / Lower 3×/week,3,beginner,1 of 4,muscle,muscle | maintain | default | recomp | cut_strength | cut_endurance | powerbuilding | hybrid_muscle | hybrid_strength | powerbuilding_cut | athletic_recomp | athletic_cut | athletic_bulk,1,upper,Upper,7,Bayesian cable curl,Biceps,biceps,"Biceps, Brachialis",2,12–15,60 sec,cables
hybrid_3x,Full Body / Upper / Lower 3×/week,3,beginner,1 of 4,muscle,muscle | maintain | default | recomp | cut_strength | cut_endurance | powerbuilding | hybrid_muscle | hybrid_strength | powerbuilding_cut | athletic_recomp | athletic_cut | athletic_bulk,1,upper,Upper,8,Cable tricep pushdown (rope or bar),Triceps,triceps,Triceps,2,12–15,60 sec,cables
hybrid_3x,Full Body / Upper / Lower 3×/week,3,beginner,1 of 4,muscle,muscle | maintain | default | recomp | cut_strength | cut_endurance | powerbuilding | hybrid_muscle | hybrid_strength | powerbuilding_cut | athletic_recomp | athletic_cut | athletic_bulk,2,lower,Lower,0,45° leg press,Quads — Squat Pattern,squat_pattern,"Quads, Glutes, Hamstrings",2,10–15,90 sec,machines
hybrid_3x,Full Body / Upper / Lower 3×/week,3,beginner,1 of 4,muscle,muscle | maintain | default | recomp | cut_strength | cut_endurance | powerbuilding | hybrid_muscle | hybrid_strength | powerbuilding_cut | athletic_recomp | athletic_cut | athletic_bulk,2,lower,Lower,1,Romanian deadlift (barbell),Hamstrings and Glutes — Hip Hinge,hip_hinge,"Hamstrings, Glutes, Lower back",3,10–15,90 sec,barbell
hybrid_3x,Full Body / Upper / Lower 3×/week,3,beginner,1 of 4,muscle,muscle | maintain | default | recomp | cut_strength | cut_endurance | powerbuilding | hybrid_muscle | hybrid_strength | powerbuilding_cut | athletic_recomp | athletic_cut | athletic_bulk,2,lower,Lower,2,Walking lunge (long stride),Glutes — Compound and Isolation,glute_focused,"Glutes, Glute medius, Adductors",3,10–15,60 sec,bodyweight+dumbbells
hybrid_3x,Full Body / Upper / Lower 3×/week,3,beginner,1 of 4,muscle,muscle | maintain | default | recomp | cut_strength | cut_endurance | powerbuilding | hybrid_muscle | hybrid_strength | powerbuilding_cut | athletic_recomp | athletic_cut | athletic_bulk,2,lower,Lower,3,Cable pull-through,Glutes — Compound and Isolation,glute_focused,"Glutes, Glute medius, Adductors",3,10–15,60 sec,cables
hybrid_3x,Full Body / Upper / Lower 3×/week,3,beginner,1 of 4,muscle,muscle | maintain | default | recomp | cut_strength | cut_endurance | powerbuilding | hybrid_muscle | hybrid_strength | powerbuilding_cut | athletic_recomp | athletic_cut | athletic_bulk,2,lower,Lower,4,Leg extensions,Quads — Isolation,quad_isolation,Quads,2,12–20,60 sec,machines
hybrid_3x,Full Body / Upper / Lower 3×/week,3,beginner,1 of 4,muscle,muscle | maintain | default | recomp | cut_strength | cut_endurance | powerbuilding | hybrid_muscle | hybrid_strength | powerbuilding_cut | athletic_recomp | athletic_cut | athletic_bulk,2,lower,Lower,5,Seated leg curl,Hamstrings — Isolation,hamstring_isolation,Hamstrings,2,12–15,60 sec,machines
hybrid_3x,Full Body / Upper / Lower 3×/week,3,beginner,1 of 4,muscle,muscle | maintain | default | recomp | cut_strength | cut_endurance | powerbuilding | hybrid_muscle | hybrid_strength | powerbuilding_cut | athletic_recomp | athletic_cut | athletic_bulk,2,lower,Lower,6,Seated calf raise,Calves,calves,"Gastrocnemius, Soleus",2,10–15,60 sec,machines
hybrid_3x,Full Body / Upper / Lower 3×/week,3,beginner,1 of 4,muscle,muscle | maintain | default | recomp | cut_strength | cut_endurance | powerbuilding | hybrid_muscle | hybrid_strength | powerbuilding_cut | athletic_recomp | athletic_cut | athletic_bulk,2,lower,Lower,7,Cable crunch,Core — Weighted Ab Training,core,"Rectus abdominis, Obliques",2,12–20,60 sec,cables
hybrid_3x,Full Body / Upper / Lower 3×/week,3,beginner,2 of 4,strength,strength,0,full_body,Full Body,0,Barbell back squat,Quads — Squat Pattern,squat_pattern,"Quads, Glutes, Hamstrings",2,3–6,3–5 min,barbell
hybrid_3x,Full Body / Upper / Lower 3×/week,3,beginner,2 of 4,strength,strength,0,full_body,Full Body,1,Barbell bench press,Chest — Horizontal Push,chest_horizontal_push,"Chest, Shoulders, Triceps",2,3–6,3–5 min,barbell
hybrid_3x,Full Body / Upper / Lower 3×/week,3,beginner,2 of 4,strength,strength,0,full_body,Full Body,2,Barbell row,Back — Horizontal Pull (Back Thickness + Inner Back),back_horizontal_pull,"Lats, Rhomboids, Mid-traps, Rear delts, Biceps",3,3–6,3–5 min,barbell
hybrid_3x,Full Body / Upper / Lower 3×/week,3,beginner,2 of 4,strength,strength,0,full_body,Full Body,3,Cable lateral raise,Shoulders — Side Delt Isolation,shoulders_side_delt,Side deltoids,3,12–20,2 min,cables
hybrid_3x,Full Body / Upper / Lower 3×/week,3,beginner,2 of 4,strength,strength,0,full_body,Full Body,4,Face pull (cable),Rear Delt and Upper Back,rear_delt,"Rear deltoids, External rotators, Upper traps",2,15–20,2 min,cables
hybrid_3x,Full Body / Upper / Lower 3×/week,3,beginner,2 of 4,strength,strength,0,full_body,Full Body,5,Overhead tricep extension,Triceps,triceps,Triceps,2,8–12,2 min,cables
hybrid_3x,Full Body / Upper / Lower 3×/week,3,beginner,2 of 4,strength,strength,0,full_body,Full Body,6,Bayesian cable curl,Biceps,biceps,"Biceps, Brachialis",2,8–12,2 min,cables
hybrid_3x,Full Body / Upper / Lower 3×/week,3,beginner,2 of 4,strength,strength,0,full_body,Full Body,7,Standing calf raise,Calves,calves,"Gastrocnemius, Soleus",2,10–15,2 min,machines
hybrid_3x,Full Body / Upper / Lower 3×/week,3,beginner,2 of 4,strength,strength,0,full_body,Full Body,8,Cable crunch,Core — Weighted Ab Training,core,"Rectus abdominis, Obliques",2,12–20,2 min,cables
hybrid_3x,Full Body / Upper / Lower 3×/week,3,beginner,2 of 4,strength,strength,1,upper,Upper,0,Incline barbell press,Chest — Incline Push (Upper Chest),chest_incline_push,"Upper chest, Shoulders, Triceps",2,3–6,3–5 min,barbell
hybrid_3x,Full Body / Upper / Lower 3×/week,3,beginner,2 of 4,strength,strength,1,upper,Upper,1,Cable crossover (lower chest),Chest — Decline / Lower Chest,chest_decline,"Lower chest, Mid chest, Triceps",2,8–12,2 min,cables
hybrid_3x,Full Body / Upper / Lower 3×/week,3,beginner,2 of 4,strength,strength,1,upper,Upper,2,Pull-up (overhand),Back — Vertical Pull (Lat Width),back_vertical_pull,"Lats, Biceps, Rear delts",3,6–10,3–5 min,pullup_bar
hybrid_3x,Full Body / Upper / Lower 3×/week,3,beginner,2 of 4,strength,strength,1,upper,Upper,3,Cable row (wide grip / flared elbows),Back — Inner Back / Rhomboids,back_inner,"Rhomboids, Mid-traps, Rear delts",2,10–15,2 min,cables
hybrid_3x,Full Body / Upper / Lower 3×/week,3,beginner,2 of 4,strength,strength,1,upper,Upper,4,Cable lateral raise,Shoulders — Side Delt Isolation,shoulders_side_delt,Side deltoids,2,12–20,2 min,cables
hybrid_3x,Full Body / Upper / Lower 3×/week,3,beginner,2 of 4,strength,strength,1,upper,Upper,5,Barbell overhead press,Shoulders — Vertical Push,shoulders_vertical_push,"Shoulders, Triceps, Upper chest",3,3–6,3–5 min,barbell
hybrid_3x,Full Body / Upper / Lower 3×/week,3,beginner,2 of 4,strength,strength,1,upper,Upper,6,Face pull (cable),Rear Delt and Upper Back,rear_delt,"Rear deltoids, External rotators, Upper traps",2,15–20,2 min,cables
hybrid_3x,Full Body / Upper / Lower 3×/week,3,beginner,2 of 4,strength,strength,1,upper,Upper,7,Bayesian cable curl,Biceps,biceps,"Biceps, Brachialis",2,8–12,2 min,cables
hybrid_3x,Full Body / Upper / Lower 3×/week,3,beginner,2 of 4,strength,strength,1,upper,Upper,8,Cable tricep pushdown (rope or bar),Triceps,triceps,Triceps,2,8–12,2 min,cables
hybrid_3x,Full Body / Upper / Lower 3×/week,3,beginner,2 of 4,strength,strength,2,lower,Lower,0,45° leg press,Quads — Squat Pattern,squat_pattern,"Quads, Glutes, Hamstrings",2,3–6,3–5 min,machines
hybrid_3x,Full Body / Upper / Lower 3×/week,3,beginner,2 of 4,strength,strength,2,lower,Lower,1,Romanian deadlift (barbell),Hamstrings and Glutes — Hip Hinge,hip_hinge,"Hamstrings, Glutes, Lower back",3,3–6,3–5 min,barbell
hybrid_3x,Full Body / Upper / Lower 3×/week,3,beginner,2 of 4,strength,strength,2,lower,Lower,2,Walking lunge (long stride),Glutes — Compound and Isolation,glute_focused,"Glutes, Glute medius, Adductors",3,10–15,2 min,bodyweight+dumbbells
hybrid_3x,Full Body / Upper / Lower 3×/week,3,beginner,2 of 4,strength,strength,2,lower,Lower,3,Cable pull-through,Glutes — Compound and Isolation,glute_focused,"Glutes, Glute medius, Adductors",3,10–15,2 min,cables
hybrid_3x,Full Body / Upper / Lower 3×/week,3,beginner,2 of 4,strength,strength,2,lower,Lower,4,Leg extensions,Quads — Isolation,quad_isolation,Quads,2,12–20,2 min,machines
hybrid_3x,Full Body / Upper / Lower 3×/week,3,beginner,2 of 4,strength,strength,2,lower,Lower,5,Seated leg curl,Hamstrings — Isolation,hamstring_isolation,Hamstrings,2,8–12,2 min,machines
hybrid_3x,Full Body / Upper / Lower 3×/week,3,beginner,2 of 4,strength,strength,2,lower,Lower,6,Seated calf raise,Calves,calves,"Gastrocnemius, Soleus",2,10–15,2 min,machines
hybrid_3x,Full Body / Upper / Lower 3×/week,3,beginner,2 of 4,strength,strength,2,lower,Lower,7,Cable crunch,Core — Weighted Ab Training,core,"Rectus abdominis, Obliques",2,12–20,2 min,cables
hybrid_3x,Full Body / Upper / Lower 3×/week,3,beginner,3 of 4,lose,lose,0,full_body,Full Body,0,Barbell back squat,Quads — Squat Pattern,squat_pattern,"Quads, Glutes, Hamstrings",2,6–10,2–3 min,barbell
hybrid_3x,Full Body / Upper / Lower 3×/week,3,beginner,3 of 4,lose,lose,0,full_body,Full Body,1,Barbell bench press,Chest — Horizontal Push,chest_horizontal_push,"Chest, Shoulders, Triceps",2,6–10,2–3 min,barbell
hybrid_3x,Full Body / Upper / Lower 3×/week,3,beginner,3 of 4,lose,lose,0,full_body,Full Body,2,Barbell row,Back — Horizontal Pull (Back Thickness + Inner Back),back_horizontal_pull,"Lats, Rhomboids, Mid-traps, Rear delts, Biceps",3,6–10,2–3 min,barbell
hybrid_3x,Full Body / Upper / Lower 3×/week,3,beginner,3 of 4,lose,lose,0,full_body,Full Body,3,Cable lateral raise,Shoulders — Side Delt Isolation,shoulders_side_delt,Side deltoids,3,12–20,90 sec,cables
hybrid_3x,Full Body / Upper / Lower 3×/week,3,beginner,3 of 4,lose,lose,0,full_body,Full Body,4,Face pull (cable),Rear Delt and Upper Back,rear_delt,"Rear deltoids, External rotators, Upper traps",2,15–20,90 sec,cables
hybrid_3x,Full Body / Upper / Lower 3×/week,3,beginner,3 of 4,lose,lose,0,full_body,Full Body,5,Overhead tricep extension,Triceps,triceps,Triceps,2,12–15,90 sec,cables
hybrid_3x,Full Body / Upper / Lower 3×/week,3,beginner,3 of 4,lose,lose,0,full_body,Full Body,6,Bayesian cable curl,Biceps,biceps,"Biceps, Brachialis",2,12–15,90 sec,cables
hybrid_3x,Full Body / Upper / Lower 3×/week,3,beginner,3 of 4,lose,lose,0,full_body,Full Body,7,Standing calf raise,Calves,calves,"Gastrocnemius, Soleus",2,10–15,90 sec,machines
hybrid_3x,Full Body / Upper / Lower 3×/week,3,beginner,3 of 4,lose,lose,0,full_body,Full Body,8,Cable crunch,Core — Weighted Ab Training,core,"Rectus abdominis, Obliques",2,12–20,90 sec,cables
hybrid_3x,Full Body / Upper / Lower 3×/week,3,beginner,3 of 4,lose,lose,1,upper,Upper,0,Incline barbell press,Chest — Incline Push (Upper Chest),chest_incline_push,"Upper chest, Shoulders, Triceps",2,6–10,2–3 min,barbell
hybrid_3x,Full Body / Upper / Lower 3×/week,3,beginner,3 of 4,lose,lose,1,upper,Upper,1,Cable crossover (lower chest),Chest — Decline / Lower Chest,chest_decline,"Lower chest, Mid chest, Triceps",2,12–15,90 sec,cables
hybrid_3x,Full Body / Upper / Lower 3×/week,3,beginner,3 of 4,lose,lose,1,upper,Upper,2,Pull-up (overhand),Back — Vertical Pull (Lat Width),back_vertical_pull,"Lats, Biceps, Rear delts",3,6–10,2–3 min,pullup_bar
hybrid_3x,Full Body / Upper / Lower 3×/week,3,beginner,3 of 4,lose,lose,1,upper,Upper,3,Cable row (wide grip / flared elbows),Back — Inner Back / Rhomboids,back_inner,"Rhomboids, Mid-traps, Rear delts",2,10–15,90 sec,cables
hybrid_3x,Full Body / Upper / Lower 3×/week,3,beginner,3 of 4,lose,lose,1,upper,Upper,4,Cable lateral raise,Shoulders — Side Delt Isolation,shoulders_side_delt,Side deltoids,2,12–20,90 sec,cables
hybrid_3x,Full Body / Upper / Lower 3×/week,3,beginner,3 of 4,lose,lose,1,upper,Upper,5,Barbell overhead press,Shoulders — Vertical Push,shoulders_vertical_push,"Shoulders, Triceps, Upper chest",3,6–10,2–3 min,barbell
hybrid_3x,Full Body / Upper / Lower 3×/week,3,beginner,3 of 4,lose,lose,1,upper,Upper,6,Face pull (cable),Rear Delt and Upper Back,rear_delt,"Rear deltoids, External rotators, Upper traps",2,15–20,90 sec,cables
hybrid_3x,Full Body / Upper / Lower 3×/week,3,beginner,3 of 4,lose,lose,1,upper,Upper,7,Bayesian cable curl,Biceps,biceps,"Biceps, Brachialis",2,12–15,90 sec,cables
hybrid_3x,Full Body / Upper / Lower 3×/week,3,beginner,3 of 4,lose,lose,1,upper,Upper,8,Cable tricep pushdown (rope or bar),Triceps,triceps,Triceps,2,12–15,90 sec,cables
hybrid_3x,Full Body / Upper / Lower 3×/week,3,beginner,3 of 4,lose,lose,2,lower,Lower,0,45° leg press,Quads — Squat Pattern,squat_pattern,"Quads, Glutes, Hamstrings",2,6–10,2–3 min,machines
hybrid_3x,Full Body / Upper / Lower 3×/week,3,beginner,3 of 4,lose,lose,2,lower,Lower,1,Romanian deadlift (barbell),Hamstrings and Glutes — Hip Hinge,hip_hinge,"Hamstrings, Glutes, Lower back",3,6–10,2–3 min,barbell
hybrid_3x,Full Body / Upper / Lower 3×/week,3,beginner,3 of 4,lose,lose,2,lower,Lower,2,Walking lunge (long stride),Glutes — Compound and Isolation,glute_focused,"Glutes, Glute medius, Adductors",3,10–15,90 sec,bodyweight+dumbbells
hybrid_3x,Full Body / Upper / Lower 3×/week,3,beginner,3 of 4,lose,lose,2,lower,Lower,3,Cable pull-through,Glutes — Compound and Isolation,glute_focused,"Glutes, Glute medius, Adductors",3,10–15,90 sec,cables
hybrid_3x,Full Body / Upper / Lower 3×/week,3,beginner,3 of 4,lose,lose,2,lower,Lower,4,Leg extensions,Quads — Isolation,quad_isolation,Quads,2,12–20,90 sec,machines
hybrid_3x,Full Body / Upper / Lower 3×/week,3,beginner,3 of 4,lose,lose,2,lower,Lower,5,Seated leg curl,Hamstrings — Isolation,hamstring_isolation,Hamstrings,2,12–15,90 sec,machines
hybrid_3x,Full Body / Upper / Lower 3×/week,3,beginner,3 of 4,lose,lose,2,lower,Lower,6,Seated calf raise,Calves,calves,"Gastrocnemius, Soleus",2,10–15,90 sec,machines
hybrid_3x,Full Body / Upper / Lower 3×/week,3,beginner,3 of 4,lose,lose,2,lower,Lower,7,Cable crunch,Core — Weighted Ab Training,core,"Rectus abdominis, Obliques",2,12–20,90 sec,cables
hybrid_3x,Full Body / Upper / Lower 3×/week,3,beginner,4 of 4,endurance,endurance,0,full_body,Full Body,0,Barbell back squat,Quads — Squat Pattern,squat_pattern,"Quads, Glutes, Hamstrings",2,12–20,60 sec,barbell
hybrid_3x,Full Body / Upper / Lower 3×/week,3,beginner,4 of 4,endurance,endurance,0,full_body,Full Body,1,Barbell bench press,Chest — Horizontal Push,chest_horizontal_push,"Chest, Shoulders, Triceps",2,12–20,60 sec,barbell
hybrid_3x,Full Body / Upper / Lower 3×/week,3,beginner,4 of 4,endurance,endurance,0,full_body,Full Body,2,Barbell row,Back — Horizontal Pull (Back Thickness + Inner Back),back_horizontal_pull,"Lats, Rhomboids, Mid-traps, Rear delts, Biceps",3,12–20,60 sec,barbell
hybrid_3x,Full Body / Upper / Lower 3×/week,3,beginner,4 of 4,endurance,endurance,0,full_body,Full Body,3,Cable lateral raise,Shoulders — Side Delt Isolation,shoulders_side_delt,Side deltoids,3,12–20,30–45 sec,cables
hybrid_3x,Full Body / Upper / Lower 3×/week,3,beginner,4 of 4,endurance,endurance,0,full_body,Full Body,4,Face pull (cable),Rear Delt and Upper Back,rear_delt,"Rear deltoids, External rotators, Upper traps",2,15–20,30–45 sec,cables
hybrid_3x,Full Body / Upper / Lower 3×/week,3,beginner,4 of 4,endurance,endurance,0,full_body,Full Body,5,Overhead tricep extension,Triceps,triceps,Triceps,2,15–25,30–45 sec,cables
hybrid_3x,Full Body / Upper / Lower 3×/week,3,beginner,4 of 4,endurance,endurance,0,full_body,Full Body,6,Bayesian cable curl,Biceps,biceps,"Biceps, Brachialis",2,15–25,30–45 sec,cables
hybrid_3x,Full Body / Upper / Lower 3×/week,3,beginner,4 of 4,endurance,endurance,0,full_body,Full Body,7,Standing calf raise,Calves,calves,"Gastrocnemius, Soleus",2,10–15,30–45 sec,machines
hybrid_3x,Full Body / Upper / Lower 3×/week,3,beginner,4 of 4,endurance,endurance,0,full_body,Full Body,8,Cable crunch,Core — Weighted Ab Training,core,"Rectus abdominis, Obliques",2,12–20,30–45 sec,cables
hybrid_3x,Full Body / Upper / Lower 3×/week,3,beginner,4 of 4,endurance,endurance,1,upper,Upper,0,Incline barbell press,Chest — Incline Push (Upper Chest),chest_incline_push,"Upper chest, Shoulders, Triceps",2,12–20,60 sec,barbell
hybrid_3x,Full Body / Upper / Lower 3×/week,3,beginner,4 of 4,endurance,endurance,1,upper,Upper,1,Cable crossover (lower chest),Chest — Decline / Lower Chest,chest_decline,"Lower chest, Mid chest, Triceps",2,15–25,30–45 sec,cables
hybrid_3x,Full Body / Upper / Lower 3×/week,3,beginner,4 of 4,endurance,endurance,1,upper,Upper,2,Pull-up (overhand),Back — Vertical Pull (Lat Width),back_vertical_pull,"Lats, Biceps, Rear delts",3,6–10,60 sec,pullup_bar
hybrid_3x,Full Body / Upper / Lower 3×/week,3,beginner,4 of 4,endurance,endurance,1,upper,Upper,3,Cable row (wide grip / flared elbows),Back — Inner Back / Rhomboids,back_inner,"Rhomboids, Mid-traps, Rear delts",2,10–15,30–45 sec,cables
hybrid_3x,Full Body / Upper / Lower 3×/week,3,beginner,4 of 4,endurance,endurance,1,upper,Upper,4,Cable lateral raise,Shoulders — Side Delt Isolation,shoulders_side_delt,Side deltoids,2,12–20,30–45 sec,cables
hybrid_3x,Full Body / Upper / Lower 3×/week,3,beginner,4 of 4,endurance,endurance,1,upper,Upper,5,Barbell overhead press,Shoulders — Vertical Push,shoulders_vertical_push,"Shoulders, Triceps, Upper chest",3,12–20,60 sec,barbell
hybrid_3x,Full Body / Upper / Lower 3×/week,3,beginner,4 of 4,endurance,endurance,1,upper,Upper,6,Face pull (cable),Rear Delt and Upper Back,rear_delt,"Rear deltoids, External rotators, Upper traps",2,15–20,30–45 sec,cables
hybrid_3x,Full Body / Upper / Lower 3×/week,3,beginner,4 of 4,endurance,endurance,1,upper,Upper,7,Bayesian cable curl,Biceps,biceps,"Biceps, Brachialis",2,15–25,30–45 sec,cables
hybrid_3x,Full Body / Upper / Lower 3×/week,3,beginner,4 of 4,endurance,endurance,1,upper,Upper,8,Cable tricep pushdown (rope or bar),Triceps,triceps,Triceps,2,15–25,30–45 sec,cables
hybrid_3x,Full Body / Upper / Lower 3×/week,3,beginner,4 of 4,endurance,endurance,2,lower,Lower,0,45° leg press,Quads — Squat Pattern,squat_pattern,"Quads, Glutes, Hamstrings",2,12–20,60 sec,machines
hybrid_3x,Full Body / Upper / Lower 3×/week,3,beginner,4 of 4,endurance,endurance,2,lower,Lower,1,Romanian deadlift (barbell),Hamstrings and Glutes — Hip Hinge,hip_hinge,"Hamstrings, Glutes, Lower back",3,12–20,60 sec,barbell
hybrid_3x,Full Body / Upper / Lower 3×/week,3,beginner,4 of 4,endurance,endurance,2,lower,Lower,2,Walking lunge (long stride),Glutes — Compound and Isolation,glute_focused,"Glutes, Glute medius, Adductors",3,10–15,30–45 sec,bodyweight+dumbbells
hybrid_3x,Full Body / Upper / Lower 3×/week,3,beginner,4 of 4,endurance,endurance,2,lower,Lower,3,Cable pull-through,Glutes — Compound and Isolation,glute_focused,"Glutes, Glute medius, Adductors",3,10–15,30–45 sec,cables
hybrid_3x,Full Body / Upper / Lower 3×/week,3,beginner,4 of 4,endurance,endurance,2,lower,Lower,4,Leg extensions,Quads — Isolation,quad_isolation,Quads,2,12–20,30–45 sec,machines
hybrid_3x,Full Body / Upper / Lower 3×/week,3,beginner,4 of 4,endurance,endurance,2,lower,Lower,5,Seated leg curl,Hamstrings — Isolation,hamstring_isolation,Hamstrings,2,15–25,30–45 sec,machines
hybrid_3x,Full Body / Upper / Lower 3×/week,3,beginner,4 of 4,endurance,endurance,2,lower,Lower,6,Seated calf raise,Calves,calves,"Gastrocnemius, Soleus",2,10–15,30–45 sec,machines
hybrid_3x,Full Body / Upper / Lower 3×/week,3,beginner,4 of 4,endurance,endurance,2,lower,Lower,7,Cable crunch,Core — Weighted Ab Training,core,"Rectus abdominis, Obliques",2,12–20,30–45 sec,cables
hybrid_3x,Full Body / Upper / Lower 3×/week,3,intermediate,1 of 4,muscle,muscle | maintain | default | recomp | cut_strength | cut_endurance | powerbuilding | hybrid_muscle | hybrid_strength | powerbuilding_cut | athletic_recomp | athletic_cut | athletic_bulk,0,full_body,Full Body,0,Barbell back squat,Quads — Squat Pattern,squat_pattern,"Quads, Glutes, Hamstrings",4,10–15,90 sec,barbell
hybrid_3x,Full Body / Upper / Lower 3×/week,3,intermediate,1 of 4,muscle,muscle | maintain | default | recomp | cut_strength | cut_endurance | powerbuilding | hybrid_muscle | hybrid_strength | powerbuilding_cut | athletic_recomp | athletic_cut | athletic_bulk,0,full_body,Full Body,1,Barbell bench press,Chest — Horizontal Push,chest_horizontal_push,"Chest, Shoulders, Triceps",4,10–15,90 sec,barbell
hybrid_3x,Full Body / Upper / Lower 3×/week,3,intermediate,1 of 4,muscle,muscle | maintain | default | recomp | cut_strength | cut_endurance | powerbuilding | hybrid_muscle | hybrid_strength | powerbuilding_cut | athletic_recomp | athletic_cut | athletic_bulk,0,full_body,Full Body,2,Barbell row,Back — Horizontal Pull (Back Thickness + Inner Back),back_horizontal_pull,"Lats, Rhomboids, Mid-traps, Rear delts, Biceps",4,10–15,90 sec,barbell
hybrid_3x,Full Body / Upper / Lower 3×/week,3,intermediate,1 of 4,muscle,muscle | maintain | default | recomp | cut_strength | cut_endurance | powerbuilding | hybrid_muscle | hybrid_strength | powerbuilding_cut | athletic_recomp | athletic_cut | athletic_bulk,0,full_body,Full Body,3,Cable lateral raise,Shoulders — Side Delt Isolation,shoulders_side_delt,Side deltoids,4,12–20,60 sec,cables
hybrid_3x,Full Body / Upper / Lower 3×/week,3,intermediate,1 of 4,muscle,muscle | maintain | default | recomp | cut_strength | cut_endurance | powerbuilding | hybrid_muscle | hybrid_strength | powerbuilding_cut | athletic_recomp | athletic_cut | athletic_bulk,0,full_body,Full Body,4,Face pull (cable),Rear Delt and Upper Back,rear_delt,"Rear deltoids, External rotators, Upper traps",3,15–20,60 sec,cables
hybrid_3x,Full Body / Upper / Lower 3×/week,3,intermediate,1 of 4,muscle,muscle | maintain | default | recomp | cut_strength | cut_endurance | powerbuilding | hybrid_muscle | hybrid_strength | powerbuilding_cut | athletic_recomp | athletic_cut | athletic_bulk,0,full_body,Full Body,5,Overhead tricep extension,Triceps,triceps,Triceps,3,12–15,60 sec,cables
hybrid_3x,Full Body / Upper / Lower 3×/week,3,intermediate,1 of 4,muscle,muscle | maintain | default | recomp | cut_strength | cut_endurance | powerbuilding | hybrid_muscle | hybrid_strength | powerbuilding_cut | athletic_recomp | athletic_cut | athletic_bulk,0,full_body,Full Body,6,Bayesian cable curl,Biceps,biceps,"Biceps, Brachialis",3,12–15,60 sec,cables
hybrid_3x,Full Body / Upper / Lower 3×/week,3,intermediate,1 of 4,muscle,muscle | maintain | default | recomp | cut_strength | cut_endurance | powerbuilding | hybrid_muscle | hybrid_strength | powerbuilding_cut | athletic_recomp | athletic_cut | athletic_bulk,0,full_body,Full Body,7,Standing calf raise,Calves,calves,"Gastrocnemius, Soleus",3,10–15,60 sec,machines
hybrid_3x,Full Body / Upper / Lower 3×/week,3,intermediate,1 of 4,muscle,muscle | maintain | default | recomp | cut_strength | cut_endurance | powerbuilding | hybrid_muscle | hybrid_strength | powerbuilding_cut | athletic_recomp | athletic_cut | athletic_bulk,0,full_body,Full Body,8,Cable crunch,Core — Weighted Ab Training,core,"Rectus abdominis, Obliques",3,12–20,60 sec,cables
hybrid_3x,Full Body / Upper / Lower 3×/week,3,intermediate,1 of 4,muscle,muscle | maintain | default | recomp | cut_strength | cut_endurance | powerbuilding | hybrid_muscle | hybrid_strength | powerbuilding_cut | athletic_recomp | athletic_cut | athletic_bulk,1,upper,Upper,0,Incline barbell press,Chest — Incline Push (Upper Chest),chest_incline_push,"Upper chest, Shoulders, Triceps",3,10–15,90 sec,barbell
hybrid_3x,Full Body / Upper / Lower 3×/week,3,intermediate,1 of 4,muscle,muscle | maintain | default | recomp | cut_strength | cut_endurance | powerbuilding | hybrid_muscle | hybrid_strength | powerbuilding_cut | athletic_recomp | athletic_cut | athletic_bulk,1,upper,Upper,1,Cable crossover (lower chest),Chest — Decline / Lower Chest,chest_decline,"Lower chest, Mid chest, Triceps",3,12–15,60 sec,cables
hybrid_3x,Full Body / Upper / Lower 3×/week,3,intermediate,1 of 4,muscle,muscle | maintain | default | recomp | cut_strength | cut_endurance | powerbuilding | hybrid_muscle | hybrid_strength | powerbuilding_cut | athletic_recomp | athletic_cut | athletic_bulk,1,upper,Upper,2,Pull-up (overhand),Back — Vertical Pull (Lat Width),back_vertical_pull,"Lats, Biceps, Rear delts",3,6–10,90 sec,pullup_bar
hybrid_3x,Full Body / Upper / Lower 3×/week,3,intermediate,1 of 4,muscle,muscle | maintain | default | recomp | cut_strength | cut_endurance | powerbuilding | hybrid_muscle | hybrid_strength | powerbuilding_cut | athletic_recomp | athletic_cut | athletic_bulk,1,upper,Upper,3,Cable row (wide grip / flared elbows),Back — Inner Back / Rhomboids,back_inner,"Rhomboids, Mid-traps, Rear delts",3,10–15,60 sec,cables
hybrid_3x,Full Body / Upper / Lower 3×/week,3,intermediate,1 of 4,muscle,muscle | maintain | default | recomp | cut_strength | cut_endurance | powerbuilding | hybrid_muscle | hybrid_strength | powerbuilding_cut | athletic_recomp | athletic_cut | athletic_bulk,1,upper,Upper,4,Cable lateral raise,Shoulders — Side Delt Isolation,shoulders_side_delt,Side deltoids,4,12–20,60 sec,cables
hybrid_3x,Full Body / Upper / Lower 3×/week,3,intermediate,1 of 4,muscle,muscle | maintain | default | recomp | cut_strength | cut_endurance | powerbuilding | hybrid_muscle | hybrid_strength | powerbuilding_cut | athletic_recomp | athletic_cut | athletic_bulk,1,upper,Upper,5,Barbell overhead press,Shoulders — Vertical Push,shoulders_vertical_push,"Shoulders, Triceps, Upper chest",3,10–15,90 sec,barbell
hybrid_3x,Full Body / Upper / Lower 3×/week,3,intermediate,1 of 4,muscle,muscle | maintain | default | recomp | cut_strength | cut_endurance | powerbuilding | hybrid_muscle | hybrid_strength | powerbuilding_cut | athletic_recomp | athletic_cut | athletic_bulk,1,upper,Upper,6,Face pull (cable),Rear Delt and Upper Back,rear_delt,"Rear deltoids, External rotators, Upper traps",3,15–20,60 sec,cables
hybrid_3x,Full Body / Upper / Lower 3×/week,3,intermediate,1 of 4,muscle,muscle | maintain | default | recomp | cut_strength | cut_endurance | powerbuilding | hybrid_muscle | hybrid_strength | powerbuilding_cut | athletic_recomp | athletic_cut | athletic_bulk,1,upper,Upper,7,Bayesian cable curl,Biceps,biceps,"Biceps, Brachialis",3,12–15,60 sec,cables
hybrid_3x,Full Body / Upper / Lower 3×/week,3,intermediate,1 of 4,muscle,muscle | maintain | default | recomp | cut_strength | cut_endurance | powerbuilding | hybrid_muscle | hybrid_strength | powerbuilding_cut | athletic_recomp | athletic_cut | athletic_bulk,1,upper,Upper,8,Cable tricep pushdown (rope or bar),Triceps,triceps,Triceps,3,12–15,60 sec,cables
hybrid_3x,Full Body / Upper / Lower 3×/week,3,intermediate,1 of 4,muscle,muscle | maintain | default | recomp | cut_strength | cut_endurance | powerbuilding | hybrid_muscle | hybrid_strength | powerbuilding_cut | athletic_recomp | athletic_cut | athletic_bulk,2,lower,Lower,0,45° leg press,Quads — Squat Pattern,squat_pattern,"Quads, Glutes, Hamstrings",3,10–15,90 sec,machines
hybrid_3x,Full Body / Upper / Lower 3×/week,3,intermediate,1 of 4,muscle,muscle | maintain | default | recomp | cut_strength | cut_endurance | powerbuilding | hybrid_muscle | hybrid_strength | powerbuilding_cut | athletic_recomp | athletic_cut | athletic_bulk,2,lower,Lower,1,Conventional deadlift,Hamstrings and Glutes — Hip Hinge,hip_hinge,"Hamstrings, Glutes, Lower back",4,10–15,90 sec,barbell
hybrid_3x,Full Body / Upper / Lower 3×/week,3,intermediate,1 of 4,muscle,muscle | maintain | default | recomp | cut_strength | cut_endurance | powerbuilding | hybrid_muscle | hybrid_strength | powerbuilding_cut | athletic_recomp | athletic_cut | athletic_bulk,2,lower,Lower,2,Walking lunge (long stride),Glutes — Compound and Isolation,glute_focused,"Glutes, Glute medius, Adductors",4,10–15,60 sec,bodyweight+dumbbells
hybrid_3x,Full Body / Upper / Lower 3×/week,3,intermediate,1 of 4,muscle,muscle | maintain | default | recomp | cut_strength | cut_endurance | powerbuilding | hybrid_muscle | hybrid_strength | powerbuilding_cut | athletic_recomp | athletic_cut | athletic_bulk,2,lower,Lower,3,Cable pull-through,Glutes — Compound and Isolation,glute_focused,"Glutes, Glute medius, Adductors",4,10–15,60 sec,cables
hybrid_3x,Full Body / Upper / Lower 3×/week,3,intermediate,1 of 4,muscle,muscle | maintain | default | recomp | cut_strength | cut_endurance | powerbuilding | hybrid_muscle | hybrid_strength | powerbuilding_cut | athletic_recomp | athletic_cut | athletic_bulk,2,lower,Lower,4,Leg extensions,Quads — Isolation,quad_isolation,Quads,3,12–20,60 sec,machines
hybrid_3x,Full Body / Upper / Lower 3×/week,3,intermediate,1 of 4,muscle,muscle | maintain | default | recomp | cut_strength | cut_endurance | powerbuilding | hybrid_muscle | hybrid_strength | powerbuilding_cut | athletic_recomp | athletic_cut | athletic_bulk,2,lower,Lower,5,Seated leg curl,Hamstrings — Isolation,hamstring_isolation,Hamstrings,4,12–15,60 sec,machines
hybrid_3x,Full Body / Upper / Lower 3×/week,3,intermediate,1 of 4,muscle,muscle | maintain | default | recomp | cut_strength | cut_endurance | powerbuilding | hybrid_muscle | hybrid_strength | powerbuilding_cut | athletic_recomp | athletic_cut | athletic_bulk,2,lower,Lower,6,Seated calf raise,Calves,calves,"Gastrocnemius, Soleus",3,10–15,60 sec,machines
hybrid_3x,Full Body / Upper / Lower 3×/week,3,intermediate,1 of 4,muscle,muscle | maintain | default | recomp | cut_strength | cut_endurance | powerbuilding | hybrid_muscle | hybrid_strength | powerbuilding_cut | athletic_recomp | athletic_cut | athletic_bulk,2,lower,Lower,7,Cable crunch,Core — Weighted Ab Training,core,"Rectus abdominis, Obliques",3,12–20,60 sec,cables
hybrid_3x,Full Body / Upper / Lower 3×/week,3,intermediate,2 of 4,strength,strength,0,full_body,Full Body,0,Barbell back squat,Quads — Squat Pattern,squat_pattern,"Quads, Glutes, Hamstrings",4,3–6,3–5 min,barbell
hybrid_3x,Full Body / Upper / Lower 3×/week,3,intermediate,2 of 4,strength,strength,0,full_body,Full Body,1,Barbell bench press,Chest — Horizontal Push,chest_horizontal_push,"Chest, Shoulders, Triceps",4,3–6,3–5 min,barbell
hybrid_3x,Full Body / Upper / Lower 3×/week,3,intermediate,2 of 4,strength,strength,0,full_body,Full Body,2,Barbell row,Back — Horizontal Pull (Back Thickness + Inner Back),back_horizontal_pull,"Lats, Rhomboids, Mid-traps, Rear delts, Biceps",4,3–6,3–5 min,barbell
hybrid_3x,Full Body / Upper / Lower 3×/week,3,intermediate,2 of 4,strength,strength,0,full_body,Full Body,3,Cable lateral raise,Shoulders — Side Delt Isolation,shoulders_side_delt,Side deltoids,4,12–20,2 min,cables
hybrid_3x,Full Body / Upper / Lower 3×/week,3,intermediate,2 of 4,strength,strength,0,full_body,Full Body,4,Face pull (cable),Rear Delt and Upper Back,rear_delt,"Rear deltoids, External rotators, Upper traps",3,15–20,2 min,cables
hybrid_3x,Full Body / Upper / Lower 3×/week,3,intermediate,2 of 4,strength,strength,0,full_body,Full Body,5,Overhead tricep extension,Triceps,triceps,Triceps,3,8–12,2 min,cables
hybrid_3x,Full Body / Upper / Lower 3×/week,3,intermediate,2 of 4,strength,strength,0,full_body,Full Body,6,Bayesian cable curl,Biceps,biceps,"Biceps, Brachialis",3,8–12,2 min,cables
hybrid_3x,Full Body / Upper / Lower 3×/week,3,intermediate,2 of 4,strength,strength,0,full_body,Full Body,7,Standing calf raise,Calves,calves,"Gastrocnemius, Soleus",3,10–15,2 min,machines
hybrid_3x,Full Body / Upper / Lower 3×/week,3,intermediate,2 of 4,strength,strength,0,full_body,Full Body,8,Cable crunch,Core — Weighted Ab Training,core,"Rectus abdominis, Obliques",3,12–20,2 min,cables
hybrid_3x,Full Body / Upper / Lower 3×/week,3,intermediate,2 of 4,strength,strength,1,upper,Upper,0,Incline barbell press,Chest — Incline Push (Upper Chest),chest_incline_push,"Upper chest, Shoulders, Triceps",3,3–6,3–5 min,barbell
hybrid_3x,Full Body / Upper / Lower 3×/week,3,intermediate,2 of 4,strength,strength,1,upper,Upper,1,Cable crossover (lower chest),Chest — Decline / Lower Chest,chest_decline,"Lower chest, Mid chest, Triceps",3,8–12,2 min,cables
hybrid_3x,Full Body / Upper / Lower 3×/week,3,intermediate,2 of 4,strength,strength,1,upper,Upper,2,Pull-up (overhand),Back — Vertical Pull (Lat Width),back_vertical_pull,"Lats, Biceps, Rear delts",4,6–10,3–5 min,pullup_bar
hybrid_3x,Full Body / Upper / Lower 3×/week,3,intermediate,2 of 4,strength,strength,1,upper,Upper,3,Cable row (wide grip / flared elbows),Back — Inner Back / Rhomboids,back_inner,"Rhomboids, Mid-traps, Rear delts",2,10–15,2 min,cables
hybrid_3x,Full Body / Upper / Lower 3×/week,3,intermediate,2 of 4,strength,strength,1,upper,Upper,4,Cable lateral raise,Shoulders — Side Delt Isolation,shoulders_side_delt,Side deltoids,4,12–20,2 min,cables
hybrid_3x,Full Body / Upper / Lower 3×/week,3,intermediate,2 of 4,strength,strength,1,upper,Upper,5,Barbell overhead press,Shoulders — Vertical Push,shoulders_vertical_push,"Shoulders, Triceps, Upper chest",3,3–6,3–5 min,barbell
hybrid_3x,Full Body / Upper / Lower 3×/week,3,intermediate,2 of 4,strength,strength,1,upper,Upper,6,Face pull (cable),Rear Delt and Upper Back,rear_delt,"Rear deltoids, External rotators, Upper traps",3,15–20,2 min,cables
hybrid_3x,Full Body / Upper / Lower 3×/week,3,intermediate,2 of 4,strength,strength,1,upper,Upper,7,Bayesian cable curl,Biceps,biceps,"Biceps, Brachialis",3,8–12,2 min,cables
hybrid_3x,Full Body / Upper / Lower 3×/week,3,intermediate,2 of 4,strength,strength,1,upper,Upper,8,Cable tricep pushdown (rope or bar),Triceps,triceps,Triceps,3,8–12,2 min,cables
hybrid_3x,Full Body / Upper / Lower 3×/week,3,intermediate,2 of 4,strength,strength,2,lower,Lower,0,45° leg press,Quads — Squat Pattern,squat_pattern,"Quads, Glutes, Hamstrings",4,3–6,3–5 min,machines
hybrid_3x,Full Body / Upper / Lower 3×/week,3,intermediate,2 of 4,strength,strength,2,lower,Lower,1,Conventional deadlift,Hamstrings and Glutes — Hip Hinge,hip_hinge,"Hamstrings, Glutes, Lower back",5,3–6,3–5 min,barbell
hybrid_3x,Full Body / Upper / Lower 3×/week,3,intermediate,2 of 4,strength,strength,2,lower,Lower,2,Walking lunge (long stride),Glutes — Compound and Isolation,glute_focused,"Glutes, Glute medius, Adductors",4,10–15,2 min,bodyweight+dumbbells
hybrid_3x,Full Body / Upper / Lower 3×/week,3,intermediate,2 of 4,strength,strength,2,lower,Lower,3,Cable pull-through,Glutes — Compound and Isolation,glute_focused,"Glutes, Glute medius, Adductors",4,10–15,2 min,cables
hybrid_3x,Full Body / Upper / Lower 3×/week,3,intermediate,2 of 4,strength,strength,2,lower,Lower,4,Leg extensions,Quads — Isolation,quad_isolation,Quads,2,12–20,2 min,machines
hybrid_3x,Full Body / Upper / Lower 3×/week,3,intermediate,2 of 4,strength,strength,2,lower,Lower,5,Seated leg curl,Hamstrings — Isolation,hamstring_isolation,Hamstrings,3,8–12,2 min,machines
hybrid_3x,Full Body / Upper / Lower 3×/week,3,intermediate,2 of 4,strength,strength,2,lower,Lower,6,Seated calf raise,Calves,calves,"Gastrocnemius, Soleus",3,10–15,2 min,machines
hybrid_3x,Full Body / Upper / Lower 3×/week,3,intermediate,2 of 4,strength,strength,2,lower,Lower,7,Cable crunch,Core — Weighted Ab Training,core,"Rectus abdominis, Obliques",3,12–20,2 min,cables
hybrid_3x,Full Body / Upper / Lower 3×/week,3,intermediate,3 of 4,lose,lose,0,full_body,Full Body,0,Barbell back squat,Quads — Squat Pattern,squat_pattern,"Quads, Glutes, Hamstrings",4,6–10,2–3 min,barbell
hybrid_3x,Full Body / Upper / Lower 3×/week,3,intermediate,3 of 4,lose,lose,0,full_body,Full Body,1,Barbell bench press,Chest — Horizontal Push,chest_horizontal_push,"Chest, Shoulders, Triceps",4,6–10,2–3 min,barbell
hybrid_3x,Full Body / Upper / Lower 3×/week,3,intermediate,3 of 4,lose,lose,0,full_body,Full Body,2,Barbell row,Back — Horizontal Pull (Back Thickness + Inner Back),back_horizontal_pull,"Lats, Rhomboids, Mid-traps, Rear delts, Biceps",4,6–10,2–3 min,barbell
hybrid_3x,Full Body / Upper / Lower 3×/week,3,intermediate,3 of 4,lose,lose,0,full_body,Full Body,3,Cable lateral raise,Shoulders — Side Delt Isolation,shoulders_side_delt,Side deltoids,4,12–20,90 sec,cables
hybrid_3x,Full Body / Upper / Lower 3×/week,3,intermediate,3 of 4,lose,lose,0,full_body,Full Body,4,Face pull (cable),Rear Delt and Upper Back,rear_delt,"Rear deltoids, External rotators, Upper traps",3,15–20,90 sec,cables
hybrid_3x,Full Body / Upper / Lower 3×/week,3,intermediate,3 of 4,lose,lose,0,full_body,Full Body,5,Overhead tricep extension,Triceps,triceps,Triceps,3,12–15,90 sec,cables
hybrid_3x,Full Body / Upper / Lower 3×/week,3,intermediate,3 of 4,lose,lose,0,full_body,Full Body,6,Bayesian cable curl,Biceps,biceps,"Biceps, Brachialis",3,12–15,90 sec,cables
hybrid_3x,Full Body / Upper / Lower 3×/week,3,intermediate,3 of 4,lose,lose,0,full_body,Full Body,7,Standing calf raise,Calves,calves,"Gastrocnemius, Soleus",3,10–15,90 sec,machines
hybrid_3x,Full Body / Upper / Lower 3×/week,3,intermediate,3 of 4,lose,lose,0,full_body,Full Body,8,Cable crunch,Core — Weighted Ab Training,core,"Rectus abdominis, Obliques",3,12–20,90 sec,cables
hybrid_3x,Full Body / Upper / Lower 3×/week,3,intermediate,3 of 4,lose,lose,1,upper,Upper,0,Incline barbell press,Chest — Incline Push (Upper Chest),chest_incline_push,"Upper chest, Shoulders, Triceps",3,6–10,2–3 min,barbell
hybrid_3x,Full Body / Upper / Lower 3×/week,3,intermediate,3 of 4,lose,lose,1,upper,Upper,1,Cable crossover (lower chest),Chest — Decline / Lower Chest,chest_decline,"Lower chest, Mid chest, Triceps",3,12–15,90 sec,cables
hybrid_3x,Full Body / Upper / Lower 3×/week,3,intermediate,3 of 4,lose,lose,1,upper,Upper,2,Pull-up (overhand),Back — Vertical Pull (Lat Width),back_vertical_pull,"Lats, Biceps, Rear delts",3,6–10,2–3 min,pullup_bar
hybrid_3x,Full Body / Upper / Lower 3×/week,3,intermediate,3 of 4,lose,lose,1,upper,Upper,3,Cable row (wide grip / flared elbows),Back — Inner Back / Rhomboids,back_inner,"Rhomboids, Mid-traps, Rear delts",3,10–15,90 sec,cables
hybrid_3x,Full Body / Upper / Lower 3×/week,3,intermediate,3 of 4,lose,lose,1,upper,Upper,4,Cable lateral raise,Shoulders — Side Delt Isolation,shoulders_side_delt,Side deltoids,4,12–20,90 sec,cables
hybrid_3x,Full Body / Upper / Lower 3×/week,3,intermediate,3 of 4,lose,lose,1,upper,Upper,5,Barbell overhead press,Shoulders — Vertical Push,shoulders_vertical_push,"Shoulders, Triceps, Upper chest",3,6–10,2–3 min,barbell
hybrid_3x,Full Body / Upper / Lower 3×/week,3,intermediate,3 of 4,lose,lose,1,upper,Upper,6,Face pull (cable),Rear Delt and Upper Back,rear_delt,"Rear deltoids, External rotators, Upper traps",3,15–20,90 sec,cables
hybrid_3x,Full Body / Upper / Lower 3×/week,3,intermediate,3 of 4,lose,lose,1,upper,Upper,7,Bayesian cable curl,Biceps,biceps,"Biceps, Brachialis",3,12–15,90 sec,cables
hybrid_3x,Full Body / Upper / Lower 3×/week,3,intermediate,3 of 4,lose,lose,1,upper,Upper,8,Cable tricep pushdown (rope or bar),Triceps,triceps,Triceps,3,12–15,90 sec,cables
hybrid_3x,Full Body / Upper / Lower 3×/week,3,intermediate,3 of 4,lose,lose,2,lower,Lower,0,45° leg press,Quads — Squat Pattern,squat_pattern,"Quads, Glutes, Hamstrings",3,6–10,2–3 min,machines
hybrid_3x,Full Body / Upper / Lower 3×/week,3,intermediate,3 of 4,lose,lose,2,lower,Lower,1,Conventional deadlift,Hamstrings and Glutes — Hip Hinge,hip_hinge,"Hamstrings, Glutes, Lower back",4,6–10,2–3 min,barbell
hybrid_3x,Full Body / Upper / Lower 3×/week,3,intermediate,3 of 4,lose,lose,2,lower,Lower,2,Walking lunge (long stride),Glutes — Compound and Isolation,glute_focused,"Glutes, Glute medius, Adductors",4,10–15,90 sec,bodyweight+dumbbells
hybrid_3x,Full Body / Upper / Lower 3×/week,3,intermediate,3 of 4,lose,lose,2,lower,Lower,3,Cable pull-through,Glutes — Compound and Isolation,glute_focused,"Glutes, Glute medius, Adductors",4,10–15,90 sec,cables
hybrid_3x,Full Body / Upper / Lower 3×/week,3,intermediate,3 of 4,lose,lose,2,lower,Lower,4,Leg extensions,Quads — Isolation,quad_isolation,Quads,3,12–20,90 sec,machines
hybrid_3x,Full Body / Upper / Lower 3×/week,3,intermediate,3 of 4,lose,lose,2,lower,Lower,5,Seated leg curl,Hamstrings — Isolation,hamstring_isolation,Hamstrings,4,12–15,90 sec,machines
hybrid_3x,Full Body / Upper / Lower 3×/week,3,intermediate,3 of 4,lose,lose,2,lower,Lower,6,Seated calf raise,Calves,calves,"Gastrocnemius, Soleus",3,10–15,90 sec,machines
hybrid_3x,Full Body / Upper / Lower 3×/week,3,intermediate,3 of 4,lose,lose,2,lower,Lower,7,Cable crunch,Core — Weighted Ab Training,core,"Rectus abdominis, Obliques",3,12–20,90 sec,cables
hybrid_3x,Full Body / Upper / Lower 3×/week,3,intermediate,4 of 4,endurance,endurance,0,full_body,Full Body,0,Barbell back squat,Quads — Squat Pattern,squat_pattern,"Quads, Glutes, Hamstrings",4,12–20,60 sec,barbell
hybrid_3x,Full Body / Upper / Lower 3×/week,3,intermediate,4 of 4,endurance,endurance,0,full_body,Full Body,1,Barbell bench press,Chest — Horizontal Push,chest_horizontal_push,"Chest, Shoulders, Triceps",4,12–20,60 sec,barbell
hybrid_3x,Full Body / Upper / Lower 3×/week,3,intermediate,4 of 4,endurance,endurance,0,full_body,Full Body,2,Barbell row,Back — Horizontal Pull (Back Thickness + Inner Back),back_horizontal_pull,"Lats, Rhomboids, Mid-traps, Rear delts, Biceps",4,12–20,60 sec,barbell
hybrid_3x,Full Body / Upper / Lower 3×/week,3,intermediate,4 of 4,endurance,endurance,0,full_body,Full Body,3,Cable lateral raise,Shoulders — Side Delt Isolation,shoulders_side_delt,Side deltoids,4,12–20,30–45 sec,cables
hybrid_3x,Full Body / Upper / Lower 3×/week,3,intermediate,4 of 4,endurance,endurance,0,full_body,Full Body,4,Face pull (cable),Rear Delt and Upper Back,rear_delt,"Rear deltoids, External rotators, Upper traps",3,15–20,30–45 sec,cables
hybrid_3x,Full Body / Upper / Lower 3×/week,3,intermediate,4 of 4,endurance,endurance,0,full_body,Full Body,5,Overhead tricep extension,Triceps,triceps,Triceps,3,15–25,30–45 sec,cables
hybrid_3x,Full Body / Upper / Lower 3×/week,3,intermediate,4 of 4,endurance,endurance,0,full_body,Full Body,6,Bayesian cable curl,Biceps,biceps,"Biceps, Brachialis",3,15–25,30–45 sec,cables
hybrid_3x,Full Body / Upper / Lower 3×/week,3,intermediate,4 of 4,endurance,endurance,0,full_body,Full Body,7,Standing calf raise,Calves,calves,"Gastrocnemius, Soleus",3,10–15,30–45 sec,machines
hybrid_3x,Full Body / Upper / Lower 3×/week,3,intermediate,4 of 4,endurance,endurance,0,full_body,Full Body,8,Cable crunch,Core — Weighted Ab Training,core,"Rectus abdominis, Obliques",3,12–20,30–45 sec,cables
hybrid_3x,Full Body / Upper / Lower 3×/week,3,intermediate,4 of 4,endurance,endurance,1,upper,Upper,0,Incline barbell press,Chest — Incline Push (Upper Chest),chest_incline_push,"Upper chest, Shoulders, Triceps",3,12–20,60 sec,barbell
hybrid_3x,Full Body / Upper / Lower 3×/week,3,intermediate,4 of 4,endurance,endurance,1,upper,Upper,1,Cable crossover (lower chest),Chest — Decline / Lower Chest,chest_decline,"Lower chest, Mid chest, Triceps",3,15–25,30–45 sec,cables
hybrid_3x,Full Body / Upper / Lower 3×/week,3,intermediate,4 of 4,endurance,endurance,1,upper,Upper,2,Pull-up (overhand),Back — Vertical Pull (Lat Width),back_vertical_pull,"Lats, Biceps, Rear delts",3,6–10,60 sec,pullup_bar
hybrid_3x,Full Body / Upper / Lower 3×/week,3,intermediate,4 of 4,endurance,endurance,1,upper,Upper,3,Cable row (wide grip / flared elbows),Back — Inner Back / Rhomboids,back_inner,"Rhomboids, Mid-traps, Rear delts",3,10–15,30–45 sec,cables
hybrid_3x,Full Body / Upper / Lower 3×/week,3,intermediate,4 of 4,endurance,endurance,1,upper,Upper,4,Cable lateral raise,Shoulders — Side Delt Isolation,shoulders_side_delt,Side deltoids,4,12–20,30–45 sec,cables
hybrid_3x,Full Body / Upper / Lower 3×/week,3,intermediate,4 of 4,endurance,endurance,1,upper,Upper,5,Barbell overhead press,Shoulders — Vertical Push,shoulders_vertical_push,"Shoulders, Triceps, Upper chest",3,12–20,60 sec,barbell
hybrid_3x,Full Body / Upper / Lower 3×/week,3,intermediate,4 of 4,endurance,endurance,1,upper,Upper,6,Face pull (cable),Rear Delt and Upper Back,rear_delt,"Rear deltoids, External rotators, Upper traps",3,15–20,30–45 sec,cables
hybrid_3x,Full Body / Upper / Lower 3×/week,3,intermediate,4 of 4,endurance,endurance,1,upper,Upper,7,Bayesian cable curl,Biceps,biceps,"Biceps, Brachialis",3,15–25,30–45 sec,cables
hybrid_3x,Full Body / Upper / Lower 3×/week,3,intermediate,4 of 4,endurance,endurance,1,upper,Upper,8,Cable tricep pushdown (rope or bar),Triceps,triceps,Triceps,3,15–25,30–45 sec,cables
hybrid_3x,Full Body / Upper / Lower 3×/week,3,intermediate,4 of 4,endurance,endurance,2,lower,Lower,0,45° leg press,Quads — Squat Pattern,squat_pattern,"Quads, Glutes, Hamstrings",3,12–20,60 sec,machines
hybrid_3x,Full Body / Upper / Lower 3×/week,3,intermediate,4 of 4,endurance,endurance,2,lower,Lower,1,Conventional deadlift,Hamstrings and Glutes — Hip Hinge,hip_hinge,"Hamstrings, Glutes, Lower back",4,12–20,60 sec,barbell
hybrid_3x,Full Body / Upper / Lower 3×/week,3,intermediate,4 of 4,endurance,endurance,2,lower,Lower,2,Walking lunge (long stride),Glutes — Compound and Isolation,glute_focused,"Glutes, Glute medius, Adductors",4,10–15,30–45 sec,bodyweight+dumbbells
hybrid_3x,Full Body / Upper / Lower 3×/week,3,intermediate,4 of 4,endurance,endurance,2,lower,Lower,3,Cable pull-through,Glutes — Compound and Isolation,glute_focused,"Glutes, Glute medius, Adductors",4,10–15,30–45 sec,cables
hybrid_3x,Full Body / Upper / Lower 3×/week,3,intermediate,4 of 4,endurance,endurance,2,lower,Lower,4,Leg extensions,Quads — Isolation,quad_isolation,Quads,3,12–20,30–45 sec,machines
hybrid_3x,Full Body / Upper / Lower 3×/week,3,intermediate,4 of 4,endurance,endurance,2,lower,Lower,5,Seated leg curl,Hamstrings — Isolation,hamstring_isolation,Hamstrings,4,15–25,30–45 sec,machines
hybrid_3x,Full Body / Upper / Lower 3×/week,3,intermediate,4 of 4,endurance,endurance,2,lower,Lower,6,Seated calf raise,Calves,calves,"Gastrocnemius, Soleus",3,10–15,30–45 sec,machines
hybrid_3x,Full Body / Upper / Lower 3×/week,3,intermediate,4 of 4,endurance,endurance,2,lower,Lower,7,Cable crunch,Core — Weighted Ab Training,core,"Rectus abdominis, Obliques",3,12–20,30–45 sec,cables
hybrid_3x,Full Body / Upper / Lower 3×/week,3,advanced,1 of 4,muscle,muscle | maintain | default | recomp | cut_strength | cut_endurance | powerbuilding | hybrid_muscle | hybrid_strength | powerbuilding_cut | athletic_recomp | athletic_cut | athletic_bulk,0,full_body,Full Body,0,Barbell back squat,Quads — Squat Pattern,squat_pattern,"Quads, Glutes, Hamstrings",5,10–15,90 sec,barbell
hybrid_3x,Full Body / Upper / Lower 3×/week,3,advanced,1 of 4,muscle,muscle | maintain | default | recomp | cut_strength | cut_endurance | powerbuilding | hybrid_muscle | hybrid_strength | powerbuilding_cut | athletic_recomp | athletic_cut | athletic_bulk,0,full_body,Full Body,1,Barbell bench press,Chest — Horizontal Push,chest_horizontal_push,"Chest, Shoulders, Triceps",5,10–15,90 sec,barbell
hybrid_3x,Full Body / Upper / Lower 3×/week,3,advanced,1 of 4,muscle,muscle | maintain | default | recomp | cut_strength | cut_endurance | powerbuilding | hybrid_muscle | hybrid_strength | powerbuilding_cut | athletic_recomp | athletic_cut | athletic_bulk,0,full_body,Full Body,2,Barbell row,Back — Horizontal Pull (Back Thickness + Inner Back),back_horizontal_pull,"Lats, Rhomboids, Mid-traps, Rear delts, Biceps",6,10–15,90 sec,barbell
hybrid_3x,Full Body / Upper / Lower 3×/week,3,advanced,1 of 4,muscle,muscle | maintain | default | recomp | cut_strength | cut_endurance | powerbuilding | hybrid_muscle | hybrid_strength | powerbuilding_cut | athletic_recomp | athletic_cut | athletic_bulk,0,full_body,Full Body,3,Cable lateral raise,Shoulders — Side Delt Isolation,shoulders_side_delt,Side deltoids,6,12–20,60 sec,cables
hybrid_3x,Full Body / Upper / Lower 3×/week,3,advanced,1 of 4,muscle,muscle | maintain | default | recomp | cut_strength | cut_endurance | powerbuilding | hybrid_muscle | hybrid_strength | powerbuilding_cut | athletic_recomp | athletic_cut | athletic_bulk,0,full_body,Full Body,4,Face pull (cable),Rear Delt and Upper Back,rear_delt,"Rear deltoids, External rotators, Upper traps",5,15–20,60 sec,cables
hybrid_3x,Full Body / Upper / Lower 3×/week,3,advanced,1 of 4,muscle,muscle | maintain | default | recomp | cut_strength | cut_endurance | powerbuilding | hybrid_muscle | hybrid_strength | powerbuilding_cut | athletic_recomp | athletic_cut | athletic_bulk,0,full_body,Full Body,5,Overhead tricep extension,Triceps,triceps,Triceps,5,12–15,60 sec,cables
hybrid_3x,Full Body / Upper / Lower 3×/week,3,advanced,1 of 4,muscle,muscle | maintain | default | recomp | cut_strength | cut_endurance | powerbuilding | hybrid_muscle | hybrid_strength | powerbuilding_cut | athletic_recomp | athletic_cut | athletic_bulk,0,full_body,Full Body,6,Bayesian cable curl,Biceps,biceps,"Biceps, Brachialis",4,12–15,60 sec,cables
hybrid_3x,Full Body / Upper / Lower 3×/week,3,advanced,1 of 4,muscle,muscle | maintain | default | recomp | cut_strength | cut_endurance | powerbuilding | hybrid_muscle | hybrid_strength | powerbuilding_cut | athletic_recomp | athletic_cut | athletic_bulk,0,full_body,Full Body,7,Standing calf raise,Calves,calves,"Gastrocnemius, Soleus",5,10–15,60 sec,machines
hybrid_3x,Full Body / Upper / Lower 3×/week,3,advanced,1 of 4,muscle,muscle | maintain | default | recomp | cut_strength | cut_endurance | powerbuilding | hybrid_muscle | hybrid_strength | powerbuilding_cut | athletic_recomp | athletic_cut | athletic_bulk,0,full_body,Full Body,8,Cable crunch,Core — Weighted Ab Training,core,"Rectus abdominis, Obliques",4,12–20,60 sec,cables
hybrid_3x,Full Body / Upper / Lower 3×/week,3,advanced,1 of 4,muscle,muscle | maintain | default | recomp | cut_strength | cut_endurance | powerbuilding | hybrid_muscle | hybrid_strength | powerbuilding_cut | athletic_recomp | athletic_cut | athletic_bulk,1,upper,Upper,0,Incline barbell press,Chest — Incline Push (Upper Chest),chest_incline_push,"Upper chest, Shoulders, Triceps",5,10–15,90 sec,barbell
hybrid_3x,Full Body / Upper / Lower 3×/week,3,advanced,1 of 4,muscle,muscle | maintain | default | recomp | cut_strength | cut_endurance | powerbuilding | hybrid_muscle | hybrid_strength | powerbuilding_cut | athletic_recomp | athletic_cut | athletic_bulk,1,upper,Upper,1,Cable crossover (lower chest),Chest — Decline / Lower Chest,chest_decline,"Lower chest, Mid chest, Triceps",4,12–15,60 sec,cables
hybrid_3x,Full Body / Upper / Lower 3×/week,3,advanced,1 of 4,muscle,muscle | maintain | default | recomp | cut_strength | cut_endurance | powerbuilding | hybrid_muscle | hybrid_strength | powerbuilding_cut | athletic_recomp | athletic_cut | athletic_bulk,1,upper,Upper,2,Pull-up (overhand),Back — Vertical Pull (Lat Width),back_vertical_pull,"Lats, Biceps, Rear delts",5,6–10,90 sec,pullup_bar
hybrid_3x,Full Body / Upper / Lower 3×/week,3,advanced,1 of 4,muscle,muscle | maintain | default | recomp | cut_strength | cut_endurance | powerbuilding | hybrid_muscle | hybrid_strength | powerbuilding_cut | athletic_recomp | athletic_cut | athletic_bulk,1,upper,Upper,3,Cable row (wide grip / flared elbows),Back — Inner Back / Rhomboids,back_inner,"Rhomboids, Mid-traps, Rear delts",5,10–15,60 sec,cables
hybrid_3x,Full Body / Upper / Lower 3×/week,3,advanced,1 of 4,muscle,muscle | maintain | default | recomp | cut_strength | cut_endurance | powerbuilding | hybrid_muscle | hybrid_strength | powerbuilding_cut | athletic_recomp | athletic_cut | athletic_bulk,1,upper,Upper,4,Cable lateral raise,Shoulders — Side Delt Isolation,shoulders_side_delt,Side deltoids,6,12–20,60 sec,cables
hybrid_3x,Full Body / Upper / Lower 3×/week,3,advanced,1 of 4,muscle,muscle | maintain | default | recomp | cut_strength | cut_endurance | powerbuilding | hybrid_muscle | hybrid_strength | powerbuilding_cut | athletic_recomp | athletic_cut | athletic_bulk,1,upper,Upper,5,Barbell overhead press,Shoulders — Vertical Push,shoulders_vertical_push,"Shoulders, Triceps, Upper chest",3,10–15,90 sec,barbell
hybrid_3x,Full Body / Upper / Lower 3×/week,3,advanced,1 of 4,muscle,muscle | maintain | default | recomp | cut_strength | cut_endurance | powerbuilding | hybrid_muscle | hybrid_strength | powerbuilding_cut | athletic_recomp | athletic_cut | athletic_bulk,1,upper,Upper,6,Face pull (cable),Rear Delt and Upper Back,rear_delt,"Rear deltoids, External rotators, Upper traps",5,15–20,60 sec,cables
hybrid_3x,Full Body / Upper / Lower 3×/week,3,advanced,1 of 4,muscle,muscle | maintain | default | recomp | cut_strength | cut_endurance | powerbuilding | hybrid_muscle | hybrid_strength | powerbuilding_cut | athletic_recomp | athletic_cut | athletic_bulk,1,upper,Upper,7,Bayesian cable curl,Biceps,biceps,"Biceps, Brachialis",4,12–15,60 sec,cables
hybrid_3x,Full Body / Upper / Lower 3×/week,3,advanced,1 of 4,muscle,muscle | maintain | default | recomp | cut_strength | cut_endurance | powerbuilding | hybrid_muscle | hybrid_strength | powerbuilding_cut | athletic_recomp | athletic_cut | athletic_bulk,1,upper,Upper,8,Cable tricep pushdown (rope or bar),Triceps,triceps,Triceps,5,12–15,60 sec,cables
hybrid_3x,Full Body / Upper / Lower 3×/week,3,advanced,1 of 4,muscle,muscle | maintain | default | recomp | cut_strength | cut_endurance | powerbuilding | hybrid_muscle | hybrid_strength | powerbuilding_cut | athletic_recomp | athletic_cut | athletic_bulk,2,lower,Lower,0,45° leg press,Quads — Squat Pattern,squat_pattern,"Quads, Glutes, Hamstrings",5,10–15,90 sec,machines
hybrid_3x,Full Body / Upper / Lower 3×/week,3,advanced,1 of 4,muscle,muscle | maintain | default | recomp | cut_strength | cut_endurance | powerbuilding | hybrid_muscle | hybrid_strength | powerbuilding_cut | athletic_recomp | athletic_cut | athletic_bulk,2,lower,Lower,1,Conventional deadlift,Hamstrings and Glutes — Hip Hinge,hip_hinge,"Hamstrings, Glutes, Lower back",5,10–15,90 sec,barbell
hybrid_3x,Full Body / Upper / Lower 3×/week,3,advanced,1 of 4,muscle,muscle | maintain | default | recomp | cut_strength | cut_endurance | powerbuilding | hybrid_muscle | hybrid_strength | powerbuilding_cut | athletic_recomp | athletic_cut | athletic_bulk,2,lower,Lower,2,Walking lunge (long stride),Glutes — Compound and Isolation,glute_focused,"Glutes, Glute medius, Adductors",6,10–15,60 sec,bodyweight+dumbbells
hybrid_3x,Full Body / Upper / Lower 3×/week,3,advanced,1 of 4,muscle,muscle | maintain | default | recomp | cut_strength | cut_endurance | powerbuilding | hybrid_muscle | hybrid_strength | powerbuilding_cut | athletic_recomp | athletic_cut | athletic_bulk,2,lower,Lower,3,Cable pull-through,Glutes — Compound and Isolation,glute_focused,"Glutes, Glute medius, Adductors",6,10–15,60 sec,cables
hybrid_3x,Full Body / Upper / Lower 3×/week,3,advanced,1 of 4,muscle,muscle | maintain | default | recomp | cut_strength | cut_endurance | powerbuilding | hybrid_muscle | hybrid_strength | powerbuilding_cut | athletic_recomp | athletic_cut | athletic_bulk,2,lower,Lower,4,Leg extensions,Quads — Isolation,quad_isolation,Quads,4,12–20,60 sec,machines
hybrid_3x,Full Body / Upper / Lower 3×/week,3,advanced,1 of 4,muscle,muscle | maintain | default | recomp | cut_strength | cut_endurance | powerbuilding | hybrid_muscle | hybrid_strength | powerbuilding_cut | athletic_recomp | athletic_cut | athletic_bulk,2,lower,Lower,5,Seated leg curl,Hamstrings — Isolation,hamstring_isolation,Hamstrings,5,12–15,60 sec,machines
hybrid_3x,Full Body / Upper / Lower 3×/week,3,advanced,1 of 4,muscle,muscle | maintain | default | recomp | cut_strength | cut_endurance | powerbuilding | hybrid_muscle | hybrid_strength | powerbuilding_cut | athletic_recomp | athletic_cut | athletic_bulk,2,lower,Lower,6,Seated calf raise,Calves,calves,"Gastrocnemius, Soleus",5,10–15,60 sec,machines
hybrid_3x,Full Body / Upper / Lower 3×/week,3,advanced,1 of 4,muscle,muscle | maintain | default | recomp | cut_strength | cut_endurance | powerbuilding | hybrid_muscle | hybrid_strength | powerbuilding_cut | athletic_recomp | athletic_cut | athletic_bulk,2,lower,Lower,7,Cable crunch,Core — Weighted Ab Training,core,"Rectus abdominis, Obliques",4,12–20,60 sec,cables
hybrid_3x,Full Body / Upper / Lower 3×/week,3,advanced,2 of 4,strength,strength,0,full_body,Full Body,0,Barbell back squat,Quads — Squat Pattern,squat_pattern,"Quads, Glutes, Hamstrings",5,3–6,3–5 min,barbell
hybrid_3x,Full Body / Upper / Lower 3×/week,3,advanced,2 of 4,strength,strength,0,full_body,Full Body,1,Barbell bench press,Chest — Horizontal Push,chest_horizontal_push,"Chest, Shoulders, Triceps",5,3–6,3–5 min,barbell
hybrid_3x,Full Body / Upper / Lower 3×/week,3,advanced,2 of 4,strength,strength,0,full_body,Full Body,2,Barbell row,Back — Horizontal Pull (Back Thickness + Inner Back),back_horizontal_pull,"Lats, Rhomboids, Mid-traps, Rear delts, Biceps",6,3–6,3–5 min,barbell
hybrid_3x,Full Body / Upper / Lower 3×/week,3,advanced,2 of 4,strength,strength,0,full_body,Full Body,3,Cable lateral raise,Shoulders — Side Delt Isolation,shoulders_side_delt,Side deltoids,6,12–20,2 min,cables
hybrid_3x,Full Body / Upper / Lower 3×/week,3,advanced,2 of 4,strength,strength,0,full_body,Full Body,4,Face pull (cable),Rear Delt and Upper Back,rear_delt,"Rear deltoids, External rotators, Upper traps",5,15–20,2 min,cables
hybrid_3x,Full Body / Upper / Lower 3×/week,3,advanced,2 of 4,strength,strength,0,full_body,Full Body,5,Overhead tricep extension,Triceps,triceps,Triceps,5,8–12,2 min,cables
hybrid_3x,Full Body / Upper / Lower 3×/week,3,advanced,2 of 4,strength,strength,0,full_body,Full Body,6,Bayesian cable curl,Biceps,biceps,"Biceps, Brachialis",4,8–12,2 min,cables
hybrid_3x,Full Body / Upper / Lower 3×/week,3,advanced,2 of 4,strength,strength,0,full_body,Full Body,7,Standing calf raise,Calves,calves,"Gastrocnemius, Soleus",5,10–15,2 min,machines
hybrid_3x,Full Body / Upper / Lower 3×/week,3,advanced,2 of 4,strength,strength,0,full_body,Full Body,8,Cable crunch,Core — Weighted Ab Training,core,"Rectus abdominis, Obliques",4,12–20,2 min,cables
hybrid_3x,Full Body / Upper / Lower 3×/week,3,advanced,2 of 4,strength,strength,1,upper,Upper,0,Incline barbell press,Chest — Incline Push (Upper Chest),chest_incline_push,"Upper chest, Shoulders, Triceps",5,3–6,3–5 min,barbell
hybrid_3x,Full Body / Upper / Lower 3×/week,3,advanced,2 of 4,strength,strength,1,upper,Upper,1,Cable crossover (lower chest),Chest — Decline / Lower Chest,chest_decline,"Lower chest, Mid chest, Triceps",4,8–12,2 min,cables
hybrid_3x,Full Body / Upper / Lower 3×/week,3,advanced,2 of 4,strength,strength,1,upper,Upper,2,Pull-up (overhand),Back — Vertical Pull (Lat Width),back_vertical_pull,"Lats, Biceps, Rear delts",6,6–10,3–5 min,pullup_bar
hybrid_3x,Full Body / Upper / Lower 3×/week,3,advanced,2 of 4,strength,strength,1,upper,Upper,3,Cable row (wide grip / flared elbows),Back — Inner Back / Rhomboids,back_inner,"Rhomboids, Mid-traps, Rear delts",4,10–15,2 min,cables
hybrid_3x,Full Body / Upper / Lower 3×/week,3,advanced,2 of 4,strength,strength,1,upper,Upper,4,Cable lateral raise,Shoulders — Side Delt Isolation,shoulders_side_delt,Side deltoids,6,12–20,2 min,cables
hybrid_3x,Full Body / Upper / Lower 3×/week,3,advanced,2 of 4,strength,strength,1,upper,Upper,5,Barbell overhead press,Shoulders — Vertical Push,shoulders_vertical_push,"Shoulders, Triceps, Upper chest",3,3–6,3–5 min,barbell
hybrid_3x,Full Body / Upper / Lower 3×/week,3,advanced,2 of 4,strength,strength,1,upper,Upper,6,Face pull (cable),Rear Delt and Upper Back,rear_delt,"Rear deltoids, External rotators, Upper traps",5,15–20,2 min,cables
hybrid_3x,Full Body / Upper / Lower 3×/week,3,advanced,2 of 4,strength,strength,1,upper,Upper,7,Bayesian cable curl,Biceps,biceps,"Biceps, Brachialis",4,8–12,2 min,cables
hybrid_3x,Full Body / Upper / Lower 3×/week,3,advanced,2 of 4,strength,strength,1,upper,Upper,8,Cable tricep pushdown (rope or bar),Triceps,triceps,Triceps,5,8–12,2 min,cables
hybrid_3x,Full Body / Upper / Lower 3×/week,3,advanced,2 of 4,strength,strength,2,lower,Lower,0,45° leg press,Quads — Squat Pattern,squat_pattern,"Quads, Glutes, Hamstrings",6,3–6,3–5 min,machines
hybrid_3x,Full Body / Upper / Lower 3×/week,3,advanced,2 of 4,strength,strength,2,lower,Lower,1,Conventional deadlift,Hamstrings and Glutes — Hip Hinge,hip_hinge,"Hamstrings, Glutes, Lower back",6,3–6,3–5 min,barbell
hybrid_3x,Full Body / Upper / Lower 3×/week,3,advanced,2 of 4,strength,strength,2,lower,Lower,2,Walking lunge (long stride),Glutes — Compound and Isolation,glute_focused,"Glutes, Glute medius, Adductors",6,10–15,2 min,bodyweight+dumbbells
hybrid_3x,Full Body / Upper / Lower 3×/week,3,advanced,2 of 4,strength,strength,2,lower,Lower,3,Cable pull-through,Glutes — Compound and Isolation,glute_focused,"Glutes, Glute medius, Adductors",6,10–15,2 min,cables
hybrid_3x,Full Body / Upper / Lower 3×/week,3,advanced,2 of 4,strength,strength,2,lower,Lower,4,Leg extensions,Quads — Isolation,quad_isolation,Quads,3,12–20,2 min,machines
hybrid_3x,Full Body / Upper / Lower 3×/week,3,advanced,2 of 4,strength,strength,2,lower,Lower,5,Seated leg curl,Hamstrings — Isolation,hamstring_isolation,Hamstrings,4,8–12,2 min,machines
hybrid_3x,Full Body / Upper / Lower 3×/week,3,advanced,2 of 4,strength,strength,2,lower,Lower,6,Seated calf raise,Calves,calves,"Gastrocnemius, Soleus",5,10–15,2 min,machines
hybrid_3x,Full Body / Upper / Lower 3×/week,3,advanced,2 of 4,strength,strength,2,lower,Lower,7,Cable crunch,Core — Weighted Ab Training,core,"Rectus abdominis, Obliques",4,12–20,2 min,cables
hybrid_3x,Full Body / Upper / Lower 3×/week,3,advanced,3 of 4,lose,lose,0,full_body,Full Body,0,Barbell back squat,Quads — Squat Pattern,squat_pattern,"Quads, Glutes, Hamstrings",5,6–10,2–3 min,barbell
hybrid_3x,Full Body / Upper / Lower 3×/week,3,advanced,3 of 4,lose,lose,0,full_body,Full Body,1,Barbell bench press,Chest — Horizontal Push,chest_horizontal_push,"Chest, Shoulders, Triceps",5,6–10,2–3 min,barbell
hybrid_3x,Full Body / Upper / Lower 3×/week,3,advanced,3 of 4,lose,lose,0,full_body,Full Body,2,Barbell row,Back — Horizontal Pull (Back Thickness + Inner Back),back_horizontal_pull,"Lats, Rhomboids, Mid-traps, Rear delts, Biceps",6,6–10,2–3 min,barbell
hybrid_3x,Full Body / Upper / Lower 3×/week,3,advanced,3 of 4,lose,lose,0,full_body,Full Body,3,Cable lateral raise,Shoulders — Side Delt Isolation,shoulders_side_delt,Side deltoids,6,12–20,90 sec,cables
hybrid_3x,Full Body / Upper / Lower 3×/week,3,advanced,3 of 4,lose,lose,0,full_body,Full Body,4,Face pull (cable),Rear Delt and Upper Back,rear_delt,"Rear deltoids, External rotators, Upper traps",5,15–20,90 sec,cables
hybrid_3x,Full Body / Upper / Lower 3×/week,3,advanced,3 of 4,lose,lose,0,full_body,Full Body,5,Overhead tricep extension,Triceps,triceps,Triceps,5,12–15,90 sec,cables
hybrid_3x,Full Body / Upper / Lower 3×/week,3,advanced,3 of 4,lose,lose,0,full_body,Full Body,6,Bayesian cable curl,Biceps,biceps,"Biceps, Brachialis",4,12–15,90 sec,cables
hybrid_3x,Full Body / Upper / Lower 3×/week,3,advanced,3 of 4,lose,lose,0,full_body,Full Body,7,Standing calf raise,Calves,calves,"Gastrocnemius, Soleus",5,10–15,90 sec,machines
hybrid_3x,Full Body / Upper / Lower 3×/week,3,advanced,3 of 4,lose,lose,0,full_body,Full Body,8,Cable crunch,Core — Weighted Ab Training,core,"Rectus abdominis, Obliques",4,12–20,90 sec,cables
hybrid_3x,Full Body / Upper / Lower 3×/week,3,advanced,3 of 4,lose,lose,1,upper,Upper,0,Incline barbell press,Chest — Incline Push (Upper Chest),chest_incline_push,"Upper chest, Shoulders, Triceps",5,6–10,2–3 min,barbell
hybrid_3x,Full Body / Upper / Lower 3×/week,3,advanced,3 of 4,lose,lose,1,upper,Upper,1,Cable crossover (lower chest),Chest — Decline / Lower Chest,chest_decline,"Lower chest, Mid chest, Triceps",4,12–15,90 sec,cables
hybrid_3x,Full Body / Upper / Lower 3×/week,3,advanced,3 of 4,lose,lose,1,upper,Upper,2,Pull-up (overhand),Back — Vertical Pull (Lat Width),back_vertical_pull,"Lats, Biceps, Rear delts",5,6–10,2–3 min,pullup_bar
hybrid_3x,Full Body / Upper / Lower 3×/week,3,advanced,3 of 4,lose,lose,1,upper,Upper,3,Cable row (wide grip / flared elbows),Back — Inner Back / Rhomboids,back_inner,"Rhomboids, Mid-traps, Rear delts",5,10–15,90 sec,cables
hybrid_3x,Full Body / Upper / Lower 3×/week,3,advanced,3 of 4,lose,lose,1,upper,Upper,4,Cable lateral raise,Shoulders — Side Delt Isolation,shoulders_side_delt,Side deltoids,6,12–20,90 sec,cables
hybrid_3x,Full Body / Upper / Lower 3×/week,3,advanced,3 of 4,lose,lose,1,upper,Upper,5,Barbell overhead press,Shoulders — Vertical Push,shoulders_vertical_push,"Shoulders, Triceps, Upper chest",3,6–10,2–3 min,barbell
hybrid_3x,Full Body / Upper / Lower 3×/week,3,advanced,3 of 4,lose,lose,1,upper,Upper,6,Face pull (cable),Rear Delt and Upper Back,rear_delt,"Rear deltoids, External rotators, Upper traps",5,15–20,90 sec,cables
hybrid_3x,Full Body / Upper / Lower 3×/week,3,advanced,3 of 4,lose,lose,1,upper,Upper,7,Bayesian cable curl,Biceps,biceps,"Biceps, Brachialis",4,12–15,90 sec,cables
hybrid_3x,Full Body / Upper / Lower 3×/week,3,advanced,3 of 4,lose,lose,1,upper,Upper,8,Cable tricep pushdown (rope or bar),Triceps,triceps,Triceps,5,12–15,90 sec,cables
hybrid_3x,Full Body / Upper / Lower 3×/week,3,advanced,3 of 4,lose,lose,2,lower,Lower,0,45° leg press,Quads — Squat Pattern,squat_pattern,"Quads, Glutes, Hamstrings",5,6–10,2–3 min,machines
hybrid_3x,Full Body / Upper / Lower 3×/week,3,advanced,3 of 4,lose,lose,2,lower,Lower,1,Conventional deadlift,Hamstrings and Glutes — Hip Hinge,hip_hinge,"Hamstrings, Glutes, Lower back",5,6–10,2–3 min,barbell
hybrid_3x,Full Body / Upper / Lower 3×/week,3,advanced,3 of 4,lose,lose,2,lower,Lower,2,Walking lunge (long stride),Glutes — Compound and Isolation,glute_focused,"Glutes, Glute medius, Adductors",6,10–15,90 sec,bodyweight+dumbbells
hybrid_3x,Full Body / Upper / Lower 3×/week,3,advanced,3 of 4,lose,lose,2,lower,Lower,3,Cable pull-through,Glutes — Compound and Isolation,glute_focused,"Glutes, Glute medius, Adductors",6,10–15,90 sec,cables
hybrid_3x,Full Body / Upper / Lower 3×/week,3,advanced,3 of 4,lose,lose,2,lower,Lower,4,Leg extensions,Quads — Isolation,quad_isolation,Quads,4,12–20,90 sec,machines
hybrid_3x,Full Body / Upper / Lower 3×/week,3,advanced,3 of 4,lose,lose,2,lower,Lower,5,Seated leg curl,Hamstrings — Isolation,hamstring_isolation,Hamstrings,5,12–15,90 sec,machines
hybrid_3x,Full Body / Upper / Lower 3×/week,3,advanced,3 of 4,lose,lose,2,lower,Lower,6,Seated calf raise,Calves,calves,"Gastrocnemius, Soleus",5,10–15,90 sec,machines
hybrid_3x,Full Body / Upper / Lower 3×/week,3,advanced,3 of 4,lose,lose,2,lower,Lower,7,Cable crunch,Core — Weighted Ab Training,core,"Rectus abdominis, Obliques",4,12–20,90 sec,cables
hybrid_3x,Full Body / Upper / Lower 3×/week,3,advanced,4 of 4,endurance,endurance,0,full_body,Full Body,0,Barbell back squat,Quads — Squat Pattern,squat_pattern,"Quads, Glutes, Hamstrings",5,12–20,60 sec,barbell
hybrid_3x,Full Body / Upper / Lower 3×/week,3,advanced,4 of 4,endurance,endurance,0,full_body,Full Body,1,Barbell bench press,Chest — Horizontal Push,chest_horizontal_push,"Chest, Shoulders, Triceps",5,12–20,60 sec,barbell
hybrid_3x,Full Body / Upper / Lower 3×/week,3,advanced,4 of 4,endurance,endurance,0,full_body,Full Body,2,Barbell row,Back — Horizontal Pull (Back Thickness + Inner Back),back_horizontal_pull,"Lats, Rhomboids, Mid-traps, Rear delts, Biceps",6,12–20,60 sec,barbell
hybrid_3x,Full Body / Upper / Lower 3×/week,3,advanced,4 of 4,endurance,endurance,0,full_body,Full Body,3,Cable lateral raise,Shoulders — Side Delt Isolation,shoulders_side_delt,Side deltoids,6,12–20,30–45 sec,cables
hybrid_3x,Full Body / Upper / Lower 3×/week,3,advanced,4 of 4,endurance,endurance,0,full_body,Full Body,4,Face pull (cable),Rear Delt and Upper Back,rear_delt,"Rear deltoids, External rotators, Upper traps",5,15–20,30–45 sec,cables
hybrid_3x,Full Body / Upper / Lower 3×/week,3,advanced,4 of 4,endurance,endurance,0,full_body,Full Body,5,Overhead tricep extension,Triceps,triceps,Triceps,5,15–25,30–45 sec,cables
hybrid_3x,Full Body / Upper / Lower 3×/week,3,advanced,4 of 4,endurance,endurance,0,full_body,Full Body,6,Bayesian cable curl,Biceps,biceps,"Biceps, Brachialis",4,15–25,30–45 sec,cables
hybrid_3x,Full Body / Upper / Lower 3×/week,3,advanced,4 of 4,endurance,endurance,0,full_body,Full Body,7,Standing calf raise,Calves,calves,"Gastrocnemius, Soleus",5,10–15,30–45 sec,machines
hybrid_3x,Full Body / Upper / Lower 3×/week,3,advanced,4 of 4,endurance,endurance,0,full_body,Full Body,8,Cable crunch,Core — Weighted Ab Training,core,"Rectus abdominis, Obliques",4,12–20,30–45 sec,cables
hybrid_3x,Full Body / Upper / Lower 3×/week,3,advanced,4 of 4,endurance,endurance,1,upper,Upper,0,Incline barbell press,Chest — Incline Push (Upper Chest),chest_incline_push,"Upper chest, Shoulders, Triceps",5,12–20,60 sec,barbell
hybrid_3x,Full Body / Upper / Lower 3×/week,3,advanced,4 of 4,endurance,endurance,1,upper,Upper,1,Cable crossover (lower chest),Chest — Decline / Lower Chest,chest_decline,"Lower chest, Mid chest, Triceps",4,15–25,30–45 sec,cables
hybrid_3x,Full Body / Upper / Lower 3×/week,3,advanced,4 of 4,endurance,endurance,1,upper,Upper,2,Pull-up (overhand),Back — Vertical Pull (Lat Width),back_vertical_pull,"Lats, Biceps, Rear delts",5,6–10,60 sec,pullup_bar
hybrid_3x,Full Body / Upper / Lower 3×/week,3,advanced,4 of 4,endurance,endurance,1,upper,Upper,3,Cable row (wide grip / flared elbows),Back — Inner Back / Rhomboids,back_inner,"Rhomboids, Mid-traps, Rear delts",5,10–15,30–45 sec,cables
hybrid_3x,Full Body / Upper / Lower 3×/week,3,advanced,4 of 4,endurance,endurance,1,upper,Upper,4,Cable lateral raise,Shoulders — Side Delt Isolation,shoulders_side_delt,Side deltoids,6,12–20,30–45 sec,cables
hybrid_3x,Full Body / Upper / Lower 3×/week,3,advanced,4 of 4,endurance,endurance,1,upper,Upper,5,Barbell overhead press,Shoulders — Vertical Push,shoulders_vertical_push,"Shoulders, Triceps, Upper chest",3,12–20,60 sec,barbell
hybrid_3x,Full Body / Upper / Lower 3×/week,3,advanced,4 of 4,endurance,endurance,1,upper,Upper,6,Face pull (cable),Rear Delt and Upper Back,rear_delt,"Rear deltoids, External rotators, Upper traps",5,15–20,30–45 sec,cables
hybrid_3x,Full Body / Upper / Lower 3×/week,3,advanced,4 of 4,endurance,endurance,1,upper,Upper,7,Bayesian cable curl,Biceps,biceps,"Biceps, Brachialis",4,15–25,30–45 sec,cables
hybrid_3x,Full Body / Upper / Lower 3×/week,3,advanced,4 of 4,endurance,endurance,1,upper,Upper,8,Cable tricep pushdown (rope or bar),Triceps,triceps,Triceps,5,15–25,30–45 sec,cables
hybrid_3x,Full Body / Upper / Lower 3×/week,3,advanced,4 of 4,endurance,endurance,2,lower,Lower,0,45° leg press,Quads — Squat Pattern,squat_pattern,"Quads, Glutes, Hamstrings",5,12–20,60 sec,machines
hybrid_3x,Full Body / Upper / Lower 3×/week,3,advanced,4 of 4,endurance,endurance,2,lower,Lower,1,Conventional deadlift,Hamstrings and Glutes — Hip Hinge,hip_hinge,"Hamstrings, Glutes, Lower back",5,12–20,60 sec,barbell
hybrid_3x,Full Body / Upper / Lower 3×/week,3,advanced,4 of 4,endurance,endurance,2,lower,Lower,2,Walking lunge (long stride),Glutes — Compound and Isolation,glute_focused,"Glutes, Glute medius, Adductors",6,10–15,30–45 sec,bodyweight+dumbbells
hybrid_3x,Full Body / Upper / Lower 3×/week,3,advanced,4 of 4,endurance,endurance,2,lower,Lower,3,Cable pull-through,Glutes — Compound and Isolation,glute_focused,"Glutes, Glute medius, Adductors",6,10–15,30–45 sec,cables
hybrid_3x,Full Body / Upper / Lower 3×/week,3,advanced,4 of 4,endurance,endurance,2,lower,Lower,4,Leg extensions,Quads — Isolation,quad_isolation,Quads,4,12–20,30–45 sec,machines
hybrid_3x,Full Body / Upper / Lower 3×/week,3,advanced,4 of 4,endurance,endurance,2,lower,Lower,5,Seated leg curl,Hamstrings — Isolation,hamstring_isolation,Hamstrings,5,15–25,30–45 sec,machines
hybrid_3x,Full Body / Upper / Lower 3×/week,3,advanced,4 of 4,endurance,endurance,2,lower,Lower,6,Seated calf raise,Calves,calves,"Gastrocnemius, Soleus",5,10–15,30–45 sec,machines
hybrid_3x,Full Body / Upper / Lower 3×/week,3,advanced,4 of 4,endurance,endurance,2,lower,Lower,7,Cable crunch,Core — Weighted Ab Training,core,"Rectus abdominis, Obliques",4,12–20,30–45 sec,cables
full_body_4x,Full Body 4×/week,4,beginner,1 of 4,muscle,muscle | maintain | default | recomp | cut_strength | cut_endurance | powerbuilding | hybrid_muscle | hybrid_strength | powerbuilding_cut | athletic_recomp | athletic_cut | athletic_bulk,0,full_body_a,Full Body A,0,Barbell back squat,Quads — Squat Pattern,squat_pattern,"Quads, Glutes, Hamstrings",2,10–15,90 sec,barbell
full_body_4x,Full Body 4×/week,4,beginner,1 of 4,muscle,muscle | maintain | default | recomp | cut_strength | cut_endurance | powerbuilding | hybrid_muscle | hybrid_strength | powerbuilding_cut | athletic_recomp | athletic_cut | athletic_bulk,0,full_body_a,Full Body A,1,Barbell bench press,Chest — Horizontal Push,chest_horizontal_push,"Chest, Shoulders, Triceps",2,10–15,90 sec,barbell
full_body_4x,Full Body 4×/week,4,beginner,1 of 4,muscle,muscle | maintain | default | recomp | cut_strength | cut_endurance | powerbuilding | hybrid_muscle | hybrid_strength | powerbuilding_cut | athletic_recomp | athletic_cut | athletic_bulk,0,full_body_a,Full Body A,2,Barbell row,Back — Horizontal Pull (Back Thickness + Inner Back),back_horizontal_pull,"Lats, Rhomboids, Mid-traps, Rear delts, Biceps",3,10–15,90 sec,barbell
full_body_4x,Full Body 4×/week,4,beginner,1 of 4,muscle,muscle | maintain | default | recomp | cut_strength | cut_endurance | powerbuilding | hybrid_muscle | hybrid_strength | powerbuilding_cut | athletic_recomp | athletic_cut | athletic_bulk,0,full_body_a,Full Body A,3,Cable lateral raise,Shoulders — Side Delt Isolation,shoulders_side_delt,Side deltoids,3,12–20,60 sec,cables
full_body_4x,Full Body 4×/week,4,beginner,1 of 4,muscle,muscle | maintain | default | recomp | cut_strength | cut_endurance | powerbuilding | hybrid_muscle | hybrid_strength | powerbuilding_cut | athletic_recomp | athletic_cut | athletic_bulk,0,full_body_a,Full Body A,4,Overhead tricep extension,Triceps,triceps,Triceps,2,12–15,60 sec,cables
full_body_4x,Full Body 4×/week,4,beginner,1 of 4,muscle,muscle | maintain | default | recomp | cut_strength | cut_endurance | powerbuilding | hybrid_muscle | hybrid_strength | powerbuilding_cut | athletic_recomp | athletic_cut | athletic_bulk,0,full_body_a,Full Body A,5,Standing calf raise,Calves,calves,"Gastrocnemius, Soleus",2,10–15,60 sec,machines
full_body_4x,Full Body 4×/week,4,beginner,1 of 4,muscle,muscle | maintain | default | recomp | cut_strength | cut_endurance | powerbuilding | hybrid_muscle | hybrid_strength | powerbuilding_cut | athletic_recomp | athletic_cut | athletic_bulk,0,full_body_a,Full Body A,6,Cable crunch,Core — Weighted Ab Training,core,"Rectus abdominis, Obliques",2,12–20,60 sec,cables
full_body_4x,Full Body 4×/week,4,beginner,1 of 4,muscle,muscle | maintain | default | recomp | cut_strength | cut_endurance | powerbuilding | hybrid_muscle | hybrid_strength | powerbuilding_cut | athletic_recomp | athletic_cut | athletic_bulk,1,full_body_b,Full Body B,0,Romanian deadlift (barbell),Hamstrings and Glutes — Hip Hinge,hip_hinge,"Hamstrings, Glutes, Lower back",2,10–15,90 sec,barbell
full_body_4x,Full Body 4×/week,4,beginner,1 of 4,muscle,muscle | maintain | default | recomp | cut_strength | cut_endurance | powerbuilding | hybrid_muscle | hybrid_strength | powerbuilding_cut | athletic_recomp | athletic_cut | athletic_bulk,1,full_body_b,Full Body B,1,Incline barbell press,Chest — Incline Push (Upper Chest),chest_incline_push,"Upper chest, Shoulders, Triceps",2,10–15,90 sec,barbell
full_body_4x,Full Body 4×/week,4,beginner,1 of 4,muscle,muscle | maintain | default | recomp | cut_strength | cut_endurance | powerbuilding | hybrid_muscle | hybrid_strength | powerbuilding_cut | athletic_recomp | athletic_cut | athletic_bulk,1,full_body_b,Full Body B,2,Pull-up (overhand),Back — Vertical Pull (Lat Width),back_vertical_pull,"Lats, Biceps, Rear delts",3,6–10,90 sec,pullup_bar
full_body_4x,Full Body 4×/week,4,beginner,1 of 4,muscle,muscle | maintain | default | recomp | cut_strength | cut_endurance | powerbuilding | hybrid_muscle | hybrid_strength | powerbuilding_cut | athletic_recomp | athletic_cut | athletic_bulk,1,full_body_b,Full Body B,3,Face pull (cable),Rear Delt and Upper Back,rear_delt,"Rear deltoids, External rotators, Upper traps",2,15–20,60 sec,cables
full_body_4x,Full Body 4×/week,4,beginner,1 of 4,muscle,muscle | maintain | default | recomp | cut_strength | cut_endurance | powerbuilding | hybrid_muscle | hybrid_strength | powerbuilding_cut | athletic_recomp | athletic_cut | athletic_bulk,1,full_body_b,Full Body B,4,Bayesian cable curl,Biceps,biceps,"Biceps, Brachialis",2,12–15,60 sec,cables
full_body_4x,Full Body 4×/week,4,beginner,1 of 4,muscle,muscle | maintain | default | recomp | cut_strength | cut_endurance | powerbuilding | hybrid_muscle | hybrid_strength | powerbuilding_cut | athletic_recomp | athletic_cut | athletic_bulk,1,full_body_b,Full Body B,5,Walking lunge (long stride),Glutes — Compound and Isolation,glute_focused,"Glutes, Glute medius, Adductors",3,10–15,60 sec,bodyweight+dumbbells
full_body_4x,Full Body 4×/week,4,beginner,1 of 4,muscle,muscle | maintain | default | recomp | cut_strength | cut_endurance | powerbuilding | hybrid_muscle | hybrid_strength | powerbuilding_cut | athletic_recomp | athletic_cut | athletic_bulk,1,full_body_b,Full Body B,6,Cable crunch,Core — Weighted Ab Training,core,"Rectus abdominis, Obliques",2,12–20,60 sec,cables
full_body_4x,Full Body 4×/week,4,beginner,1 of 4,muscle,muscle | maintain | default | recomp | cut_strength | cut_endurance | powerbuilding | hybrid_muscle | hybrid_strength | powerbuilding_cut | athletic_recomp | athletic_cut | athletic_bulk,2,full_body_c,Full Body C,0,45° leg press,Quads — Squat Pattern,squat_pattern,"Quads, Glutes, Hamstrings",2,10–15,90 sec,machines
full_body_4x,Full Body 4×/week,4,beginner,1 of 4,muscle,muscle | maintain | default | recomp | cut_strength | cut_endurance | powerbuilding | hybrid_muscle | hybrid_strength | powerbuilding_cut | athletic_recomp | athletic_cut | athletic_bulk,2,full_body_c,Full Body C,1,Cable crossover (lower chest),Chest — Decline / Lower Chest,chest_decline,"Lower chest, Mid chest, Triceps",2,12–15,60 sec,cables
full_body_4x,Full Body 4×/week,4,beginner,1 of 4,muscle,muscle | maintain | default | recomp | cut_strength | cut_endurance | powerbuilding | hybrid_muscle | hybrid_strength | powerbuilding_cut | athletic_recomp | athletic_cut | athletic_bulk,2,full_body_c,Full Body C,2,Cable row (wide grip / flared elbows),Back — Inner Back / Rhomboids,back_inner,"Rhomboids, Mid-traps, Rear delts",2,10–15,60 sec,cables
full_body_4x,Full Body 4×/week,4,beginner,1 of 4,muscle,muscle | maintain | default | recomp | cut_strength | cut_endurance | powerbuilding | hybrid_muscle | hybrid_strength | powerbuilding_cut | athletic_recomp | athletic_cut | athletic_bulk,2,full_body_c,Full Body C,3,Cable lateral raise,Shoulders — Side Delt Isolation,shoulders_side_delt,Side deltoids,2,12–20,60 sec,cables
full_body_4x,Full Body 4×/week,4,beginner,1 of 4,muscle,muscle | maintain | default | recomp | cut_strength | cut_endurance | powerbuilding | hybrid_muscle | hybrid_strength | powerbuilding_cut | athletic_recomp | athletic_cut | athletic_bulk,2,full_body_c,Full Body C,4,Cable tricep pushdown (rope or bar),Triceps,triceps,Triceps,2,12–15,60 sec,cables
full_body_4x,Full Body 4×/week,4,beginner,1 of 4,muscle,muscle | maintain | default | recomp | cut_strength | cut_endurance | powerbuilding | hybrid_muscle | hybrid_strength | powerbuilding_cut | athletic_recomp | athletic_cut | athletic_bulk,2,full_body_c,Full Body C,5,Seated calf raise,Calves,calves,"Gastrocnemius, Soleus",2,10–15,60 sec,machines
full_body_4x,Full Body 4×/week,4,beginner,1 of 4,muscle,muscle | maintain | default | recomp | cut_strength | cut_endurance | powerbuilding | hybrid_muscle | hybrid_strength | powerbuilding_cut | athletic_recomp | athletic_cut | athletic_bulk,2,full_body_c,Full Body C,6,Cable crunch,Core — Weighted Ab Training,core,"Rectus abdominis, Obliques",2,12–20,60 sec,cables
full_body_4x,Full Body 4×/week,4,beginner,1 of 4,muscle,muscle | maintain | default | recomp | cut_strength | cut_endurance | powerbuilding | hybrid_muscle | hybrid_strength | powerbuilding_cut | athletic_recomp | athletic_cut | athletic_bulk,3,full_body_d,Full Body D,0,Romanian deadlift (barbell),Hamstrings and Glutes — Hip Hinge,hip_hinge,"Hamstrings, Glutes, Lower back",2,10–15,90 sec,barbell
full_body_4x,Full Body 4×/week,4,beginner,1 of 4,muscle,muscle | maintain | default | recomp | cut_strength | cut_endurance | powerbuilding | hybrid_muscle | hybrid_strength | powerbuilding_cut | athletic_recomp | athletic_cut | athletic_bulk,3,full_body_d,Full Body D,1,Cable pull-through,Glutes — Compound and Isolation,glute_focused,"Glutes, Glute medius, Adductors",3,10–15,60 sec,cables
full_body_4x,Full Body 4×/week,4,beginner,1 of 4,muscle,muscle | maintain | default | recomp | cut_strength | cut_endurance | powerbuilding | hybrid_muscle | hybrid_strength | powerbuilding_cut | athletic_recomp | athletic_cut | athletic_bulk,3,full_body_d,Full Body D,2,Leg extensions,Quads — Isolation,quad_isolation,Quads,2,12–20,60 sec,machines
full_body_4x,Full Body 4×/week,4,beginner,1 of 4,muscle,muscle | maintain | default | recomp | cut_strength | cut_endurance | powerbuilding | hybrid_muscle | hybrid_strength | powerbuilding_cut | athletic_recomp | athletic_cut | athletic_bulk,3,full_body_d,Full Body D,3,Barbell overhead press,Shoulders — Vertical Push,shoulders_vertical_push,"Shoulders, Triceps, Upper chest",3,10–15,90 sec,barbell
full_body_4x,Full Body 4×/week,4,beginner,1 of 4,muscle,muscle | maintain | default | recomp | cut_strength | cut_endurance | powerbuilding | hybrid_muscle | hybrid_strength | powerbuilding_cut | athletic_recomp | athletic_cut | athletic_bulk,3,full_body_d,Full Body D,4,Face pull (cable),Rear Delt and Upper Back,rear_delt,"Rear deltoids, External rotators, Upper traps",2,15–20,60 sec,cables
full_body_4x,Full Body 4×/week,4,beginner,1 of 4,muscle,muscle | maintain | default | recomp | cut_strength | cut_endurance | powerbuilding | hybrid_muscle | hybrid_strength | powerbuilding_cut | athletic_recomp | athletic_cut | athletic_bulk,3,full_body_d,Full Body D,5,Preacher curl,Biceps,biceps,"Biceps, Brachialis",2,12–15,60 sec,barbell
full_body_4x,Full Body 4×/week,4,beginner,1 of 4,muscle,muscle | maintain | default | recomp | cut_strength | cut_endurance | powerbuilding | hybrid_muscle | hybrid_strength | powerbuilding_cut | athletic_recomp | athletic_cut | athletic_bulk,3,full_body_d,Full Body D,6,Seated leg curl,Hamstrings — Isolation,hamstring_isolation,Hamstrings,2,12–15,60 sec,machines
full_body_4x,Full Body 4×/week,4,beginner,2 of 4,strength,strength,0,full_body_a,Full Body A,0,Barbell back squat,Quads — Squat Pattern,squat_pattern,"Quads, Glutes, Hamstrings",2,3–6,3–5 min,barbell
full_body_4x,Full Body 4×/week,4,beginner,2 of 4,strength,strength,0,full_body_a,Full Body A,1,Barbell bench press,Chest — Horizontal Push,chest_horizontal_push,"Chest, Shoulders, Triceps",2,3–6,3–5 min,barbell
full_body_4x,Full Body 4×/week,4,beginner,2 of 4,strength,strength,0,full_body_a,Full Body A,2,Barbell row,Back — Horizontal Pull (Back Thickness + Inner Back),back_horizontal_pull,"Lats, Rhomboids, Mid-traps, Rear delts, Biceps",3,3–6,3–5 min,barbell
full_body_4x,Full Body 4×/week,4,beginner,2 of 4,strength,strength,0,full_body_a,Full Body A,3,Cable lateral raise,Shoulders — Side Delt Isolation,shoulders_side_delt,Side deltoids,3,12–20,2 min,cables
full_body_4x,Full Body 4×/week,4,beginner,2 of 4,strength,strength,0,full_body_a,Full Body A,4,Overhead tricep extension,Triceps,triceps,Triceps,2,8–12,2 min,cables
full_body_4x,Full Body 4×/week,4,beginner,2 of 4,strength,strength,0,full_body_a,Full Body A,5,Standing calf raise,Calves,calves,"Gastrocnemius, Soleus",2,10–15,2 min,machines
full_body_4x,Full Body 4×/week,4,beginner,2 of 4,strength,strength,0,full_body_a,Full Body A,6,Cable crunch,Core — Weighted Ab Training,core,"Rectus abdominis, Obliques",2,12–20,2 min,cables
full_body_4x,Full Body 4×/week,4,beginner,2 of 4,strength,strength,1,full_body_b,Full Body B,0,Romanian deadlift (barbell),Hamstrings and Glutes — Hip Hinge,hip_hinge,"Hamstrings, Glutes, Lower back",2,3–6,3–5 min,barbell
full_body_4x,Full Body 4×/week,4,beginner,2 of 4,strength,strength,1,full_body_b,Full Body B,1,Incline barbell press,Chest — Incline Push (Upper Chest),chest_incline_push,"Upper chest, Shoulders, Triceps",2,3–6,3–5 min,barbell
full_body_4x,Full Body 4×/week,4,beginner,2 of 4,strength,strength,1,full_body_b,Full Body B,2,Pull-up (overhand),Back — Vertical Pull (Lat Width),back_vertical_pull,"Lats, Biceps, Rear delts",3,6–10,3–5 min,pullup_bar
full_body_4x,Full Body 4×/week,4,beginner,2 of 4,strength,strength,1,full_body_b,Full Body B,3,Face pull (cable),Rear Delt and Upper Back,rear_delt,"Rear deltoids, External rotators, Upper traps",2,15–20,2 min,cables
full_body_4x,Full Body 4×/week,4,beginner,2 of 4,strength,strength,1,full_body_b,Full Body B,4,Bayesian cable curl,Biceps,biceps,"Biceps, Brachialis",2,8–12,2 min,cables
full_body_4x,Full Body 4×/week,4,beginner,2 of 4,strength,strength,1,full_body_b,Full Body B,5,Walking lunge (long stride),Glutes — Compound and Isolation,glute_focused,"Glutes, Glute medius, Adductors",3,10–15,2 min,bodyweight+dumbbells
full_body_4x,Full Body 4×/week,4,beginner,2 of 4,strength,strength,1,full_body_b,Full Body B,6,Cable crunch,Core — Weighted Ab Training,core,"Rectus abdominis, Obliques",2,12–20,2 min,cables
full_body_4x,Full Body 4×/week,4,beginner,2 of 4,strength,strength,2,full_body_c,Full Body C,0,45° leg press,Quads — Squat Pattern,squat_pattern,"Quads, Glutes, Hamstrings",2,3–6,3–5 min,machines
full_body_4x,Full Body 4×/week,4,beginner,2 of 4,strength,strength,2,full_body_c,Full Body C,1,Cable crossover (lower chest),Chest — Decline / Lower Chest,chest_decline,"Lower chest, Mid chest, Triceps",2,8–12,2 min,cables
full_body_4x,Full Body 4×/week,4,beginner,2 of 4,strength,strength,2,full_body_c,Full Body C,2,Cable row (wide grip / flared elbows),Back — Inner Back / Rhomboids,back_inner,"Rhomboids, Mid-traps, Rear delts",2,10–15,2 min,cables
full_body_4x,Full Body 4×/week,4,beginner,2 of 4,strength,strength,2,full_body_c,Full Body C,3,Cable lateral raise,Shoulders — Side Delt Isolation,shoulders_side_delt,Side deltoids,2,12–20,2 min,cables
full_body_4x,Full Body 4×/week,4,beginner,2 of 4,strength,strength,2,full_body_c,Full Body C,4,Cable tricep pushdown (rope or bar),Triceps,triceps,Triceps,2,8–12,2 min,cables
full_body_4x,Full Body 4×/week,4,beginner,2 of 4,strength,strength,2,full_body_c,Full Body C,5,Seated calf raise,Calves,calves,"Gastrocnemius, Soleus",2,10–15,2 min,machines
full_body_4x,Full Body 4×/week,4,beginner,2 of 4,strength,strength,2,full_body_c,Full Body C,6,Cable crunch,Core — Weighted Ab Training,core,"Rectus abdominis, Obliques",2,12–20,2 min,cables
full_body_4x,Full Body 4×/week,4,beginner,2 of 4,strength,strength,3,full_body_d,Full Body D,0,Romanian deadlift (barbell),Hamstrings and Glutes — Hip Hinge,hip_hinge,"Hamstrings, Glutes, Lower back",2,3–6,3–5 min,barbell
full_body_4x,Full Body 4×/week,4,beginner,2 of 4,strength,strength,3,full_body_d,Full Body D,1,Cable pull-through,Glutes — Compound and Isolation,glute_focused,"Glutes, Glute medius, Adductors",3,10–15,2 min,cables
full_body_4x,Full Body 4×/week,4,beginner,2 of 4,strength,strength,3,full_body_d,Full Body D,2,Leg extensions,Quads — Isolation,quad_isolation,Quads,2,12–20,2 min,machines
full_body_4x,Full Body 4×/week,4,beginner,2 of 4,strength,strength,3,full_body_d,Full Body D,3,Barbell overhead press,Shoulders — Vertical Push,shoulders_vertical_push,"Shoulders, Triceps, Upper chest",3,3–6,3–5 min,barbell
full_body_4x,Full Body 4×/week,4,beginner,2 of 4,strength,strength,3,full_body_d,Full Body D,4,Face pull (cable),Rear Delt and Upper Back,rear_delt,"Rear deltoids, External rotators, Upper traps",2,15–20,2 min,cables
full_body_4x,Full Body 4×/week,4,beginner,2 of 4,strength,strength,3,full_body_d,Full Body D,5,Preacher curl,Biceps,biceps,"Biceps, Brachialis",2,8–12,2 min,barbell
full_body_4x,Full Body 4×/week,4,beginner,2 of 4,strength,strength,3,full_body_d,Full Body D,6,Seated leg curl,Hamstrings — Isolation,hamstring_isolation,Hamstrings,2,8–12,2 min,machines
full_body_4x,Full Body 4×/week,4,beginner,3 of 4,lose,lose,0,full_body_a,Full Body A,0,Barbell back squat,Quads — Squat Pattern,squat_pattern,"Quads, Glutes, Hamstrings",2,6–10,2–3 min,barbell
full_body_4x,Full Body 4×/week,4,beginner,3 of 4,lose,lose,0,full_body_a,Full Body A,1,Barbell bench press,Chest — Horizontal Push,chest_horizontal_push,"Chest, Shoulders, Triceps",2,6–10,2–3 min,barbell
full_body_4x,Full Body 4×/week,4,beginner,3 of 4,lose,lose,0,full_body_a,Full Body A,2,Barbell row,Back — Horizontal Pull (Back Thickness + Inner Back),back_horizontal_pull,"Lats, Rhomboids, Mid-traps, Rear delts, Biceps",3,6–10,2–3 min,barbell
full_body_4x,Full Body 4×/week,4,beginner,3 of 4,lose,lose,0,full_body_a,Full Body A,3,Cable lateral raise,Shoulders — Side Delt Isolation,shoulders_side_delt,Side deltoids,3,12–20,90 sec,cables
full_body_4x,Full Body 4×/week,4,beginner,3 of 4,lose,lose,0,full_body_a,Full Body A,4,Overhead tricep extension,Triceps,triceps,Triceps,2,12–15,90 sec,cables
full_body_4x,Full Body 4×/week,4,beginner,3 of 4,lose,lose,0,full_body_a,Full Body A,5,Standing calf raise,Calves,calves,"Gastrocnemius, Soleus",2,10–15,90 sec,machines
full_body_4x,Full Body 4×/week,4,beginner,3 of 4,lose,lose,0,full_body_a,Full Body A,6,Cable crunch,Core — Weighted Ab Training,core,"Rectus abdominis, Obliques",2,12–20,90 sec,cables
full_body_4x,Full Body 4×/week,4,beginner,3 of 4,lose,lose,1,full_body_b,Full Body B,0,Romanian deadlift (barbell),Hamstrings and Glutes — Hip Hinge,hip_hinge,"Hamstrings, Glutes, Lower back",2,6–10,2–3 min,barbell
full_body_4x,Full Body 4×/week,4,beginner,3 of 4,lose,lose,1,full_body_b,Full Body B,1,Incline barbell press,Chest — Incline Push (Upper Chest),chest_incline_push,"Upper chest, Shoulders, Triceps",2,6–10,2–3 min,barbell
full_body_4x,Full Body 4×/week,4,beginner,3 of 4,lose,lose,1,full_body_b,Full Body B,2,Pull-up (overhand),Back — Vertical Pull (Lat Width),back_vertical_pull,"Lats, Biceps, Rear delts",3,6–10,2–3 min,pullup_bar
full_body_4x,Full Body 4×/week,4,beginner,3 of 4,lose,lose,1,full_body_b,Full Body B,3,Face pull (cable),Rear Delt and Upper Back,rear_delt,"Rear deltoids, External rotators, Upper traps",2,15–20,90 sec,cables
full_body_4x,Full Body 4×/week,4,beginner,3 of 4,lose,lose,1,full_body_b,Full Body B,4,Bayesian cable curl,Biceps,biceps,"Biceps, Brachialis",2,12–15,90 sec,cables
full_body_4x,Full Body 4×/week,4,beginner,3 of 4,lose,lose,1,full_body_b,Full Body B,5,Walking lunge (long stride),Glutes — Compound and Isolation,glute_focused,"Glutes, Glute medius, Adductors",3,10–15,90 sec,bodyweight+dumbbells
full_body_4x,Full Body 4×/week,4,beginner,3 of 4,lose,lose,1,full_body_b,Full Body B,6,Cable crunch,Core — Weighted Ab Training,core,"Rectus abdominis, Obliques",2,12–20,90 sec,cables
full_body_4x,Full Body 4×/week,4,beginner,3 of 4,lose,lose,2,full_body_c,Full Body C,0,45° leg press,Quads — Squat Pattern,squat_pattern,"Quads, Glutes, Hamstrings",2,6–10,2–3 min,machines
full_body_4x,Full Body 4×/week,4,beginner,3 of 4,lose,lose,2,full_body_c,Full Body C,1,Cable crossover (lower chest),Chest — Decline / Lower Chest,chest_decline,"Lower chest, Mid chest, Triceps",2,12–15,90 sec,cables
full_body_4x,Full Body 4×/week,4,beginner,3 of 4,lose,lose,2,full_body_c,Full Body C,2,Cable row (wide grip / flared elbows),Back — Inner Back / Rhomboids,back_inner,"Rhomboids, Mid-traps, Rear delts",2,10–15,90 sec,cables
full_body_4x,Full Body 4×/week,4,beginner,3 of 4,lose,lose,2,full_body_c,Full Body C,3,Cable lateral raise,Shoulders — Side Delt Isolation,shoulders_side_delt,Side deltoids,2,12–20,90 sec,cables
full_body_4x,Full Body 4×/week,4,beginner,3 of 4,lose,lose,2,full_body_c,Full Body C,4,Cable tricep pushdown (rope or bar),Triceps,triceps,Triceps,2,12–15,90 sec,cables
full_body_4x,Full Body 4×/week,4,beginner,3 of 4,lose,lose,2,full_body_c,Full Body C,5,Seated calf raise,Calves,calves,"Gastrocnemius, Soleus",2,10–15,90 sec,machines
full_body_4x,Full Body 4×/week,4,beginner,3 of 4,lose,lose,2,full_body_c,Full Body C,6,Cable crunch,Core — Weighted Ab Training,core,"Rectus abdominis, Obliques",2,12–20,90 sec,cables
full_body_4x,Full Body 4×/week,4,beginner,3 of 4,lose,lose,3,full_body_d,Full Body D,0,Romanian deadlift (barbell),Hamstrings and Glutes — Hip Hinge,hip_hinge,"Hamstrings, Glutes, Lower back",2,6–10,2–3 min,barbell
full_body_4x,Full Body 4×/week,4,beginner,3 of 4,lose,lose,3,full_body_d,Full Body D,1,Cable pull-through,Glutes — Compound and Isolation,glute_focused,"Glutes, Glute medius, Adductors",3,10–15,90 sec,cables
full_body_4x,Full Body 4×/week,4,beginner,3 of 4,lose,lose,3,full_body_d,Full Body D,2,Leg extensions,Quads — Isolation,quad_isolation,Quads,2,12–20,90 sec,machines
full_body_4x,Full Body 4×/week,4,beginner,3 of 4,lose,lose,3,full_body_d,Full Body D,3,Barbell overhead press,Shoulders — Vertical Push,shoulders_vertical_push,"Shoulders, Triceps, Upper chest",3,6–10,2–3 min,barbell
full_body_4x,Full Body 4×/week,4,beginner,3 of 4,lose,lose,3,full_body_d,Full Body D,4,Face pull (cable),Rear Delt and Upper Back,rear_delt,"Rear deltoids, External rotators, Upper traps",2,15–20,90 sec,cables
full_body_4x,Full Body 4×/week,4,beginner,3 of 4,lose,lose,3,full_body_d,Full Body D,5,Preacher curl,Biceps,biceps,"Biceps, Brachialis",2,12–15,90 sec,barbell
full_body_4x,Full Body 4×/week,4,beginner,3 of 4,lose,lose,3,full_body_d,Full Body D,6,Seated leg curl,Hamstrings — Isolation,hamstring_isolation,Hamstrings,2,12–15,90 sec,machines
full_body_4x,Full Body 4×/week,4,beginner,4 of 4,endurance,endurance,0,full_body_a,Full Body A,0,Barbell back squat,Quads — Squat Pattern,squat_pattern,"Quads, Glutes, Hamstrings",2,12–20,60 sec,barbell
full_body_4x,Full Body 4×/week,4,beginner,4 of 4,endurance,endurance,0,full_body_a,Full Body A,1,Barbell bench press,Chest — Horizontal Push,chest_horizontal_push,"Chest, Shoulders, Triceps",2,12–20,60 sec,barbell
full_body_4x,Full Body 4×/week,4,beginner,4 of 4,endurance,endurance,0,full_body_a,Full Body A,2,Barbell row,Back — Horizontal Pull (Back Thickness + Inner Back),back_horizontal_pull,"Lats, Rhomboids, Mid-traps, Rear delts, Biceps",3,12–20,60 sec,barbell
full_body_4x,Full Body 4×/week,4,beginner,4 of 4,endurance,endurance,0,full_body_a,Full Body A,3,Cable lateral raise,Shoulders — Side Delt Isolation,shoulders_side_delt,Side deltoids,3,12–20,30–45 sec,cables
full_body_4x,Full Body 4×/week,4,beginner,4 of 4,endurance,endurance,0,full_body_a,Full Body A,4,Overhead tricep extension,Triceps,triceps,Triceps,2,15–25,30–45 sec,cables
full_body_4x,Full Body 4×/week,4,beginner,4 of 4,endurance,endurance,0,full_body_a,Full Body A,5,Standing calf raise,Calves,calves,"Gastrocnemius, Soleus",2,10–15,30–45 sec,machines
full_body_4x,Full Body 4×/week,4,beginner,4 of 4,endurance,endurance,0,full_body_a,Full Body A,6,Cable crunch,Core — Weighted Ab Training,core,"Rectus abdominis, Obliques",2,12–20,30–45 sec,cables
full_body_4x,Full Body 4×/week,4,beginner,4 of 4,endurance,endurance,1,full_body_b,Full Body B,0,Romanian deadlift (barbell),Hamstrings and Glutes — Hip Hinge,hip_hinge,"Hamstrings, Glutes, Lower back",2,12–20,60 sec,barbell
full_body_4x,Full Body 4×/week,4,beginner,4 of 4,endurance,endurance,1,full_body_b,Full Body B,1,Incline barbell press,Chest — Incline Push (Upper Chest),chest_incline_push,"Upper chest, Shoulders, Triceps",2,12–20,60 sec,barbell
full_body_4x,Full Body 4×/week,4,beginner,4 of 4,endurance,endurance,1,full_body_b,Full Body B,2,Pull-up (overhand),Back — Vertical Pull (Lat Width),back_vertical_pull,"Lats, Biceps, Rear delts",3,6–10,60 sec,pullup_bar
full_body_4x,Full Body 4×/week,4,beginner,4 of 4,endurance,endurance,1,full_body_b,Full Body B,3,Face pull (cable),Rear Delt and Upper Back,rear_delt,"Rear deltoids, External rotators, Upper traps",2,15–20,30–45 sec,cables
full_body_4x,Full Body 4×/week,4,beginner,4 of 4,endurance,endurance,1,full_body_b,Full Body B,4,Bayesian cable curl,Biceps,biceps,"Biceps, Brachialis",2,15–25,30–45 sec,cables
full_body_4x,Full Body 4×/week,4,beginner,4 of 4,endurance,endurance,1,full_body_b,Full Body B,5,Walking lunge (long stride),Glutes — Compound and Isolation,glute_focused,"Glutes, Glute medius, Adductors",3,10–15,30–45 sec,bodyweight+dumbbells
full_body_4x,Full Body 4×/week,4,beginner,4 of 4,endurance,endurance,1,full_body_b,Full Body B,6,Cable crunch,Core — Weighted Ab Training,core,"Rectus abdominis, Obliques",2,12–20,30–45 sec,cables
full_body_4x,Full Body 4×/week,4,beginner,4 of 4,endurance,endurance,2,full_body_c,Full Body C,0,45° leg press,Quads — Squat Pattern,squat_pattern,"Quads, Glutes, Hamstrings",2,12–20,60 sec,machines
full_body_4x,Full Body 4×/week,4,beginner,4 of 4,endurance,endurance,2,full_body_c,Full Body C,1,Cable crossover (lower chest),Chest — Decline / Lower Chest,chest_decline,"Lower chest, Mid chest, Triceps",2,15–25,30–45 sec,cables
full_body_4x,Full Body 4×/week,4,beginner,4 of 4,endurance,endurance,2,full_body_c,Full Body C,2,Cable row (wide grip / flared elbows),Back — Inner Back / Rhomboids,back_inner,"Rhomboids, Mid-traps, Rear delts",2,10–15,30–45 sec,cables
full_body_4x,Full Body 4×/week,4,beginner,4 of 4,endurance,endurance,2,full_body_c,Full Body C,3,Cable lateral raise,Shoulders — Side Delt Isolation,shoulders_side_delt,Side deltoids,2,12–20,30–45 sec,cables
full_body_4x,Full Body 4×/week,4,beginner,4 of 4,endurance,endurance,2,full_body_c,Full Body C,4,Cable tricep pushdown (rope or bar),Triceps,triceps,Triceps,2,15–25,30–45 sec,cables
full_body_4x,Full Body 4×/week,4,beginner,4 of 4,endurance,endurance,2,full_body_c,Full Body C,5,Seated calf raise,Calves,calves,"Gastrocnemius, Soleus",2,10–15,30–45 sec,machines
full_body_4x,Full Body 4×/week,4,beginner,4 of 4,endurance,endurance,2,full_body_c,Full Body C,6,Cable crunch,Core — Weighted Ab Training,core,"Rectus abdominis, Obliques",2,12–20,30–45 sec,cables
full_body_4x,Full Body 4×/week,4,beginner,4 of 4,endurance,endurance,3,full_body_d,Full Body D,0,Romanian deadlift (barbell),Hamstrings and Glutes — Hip Hinge,hip_hinge,"Hamstrings, Glutes, Lower back",2,12–20,60 sec,barbell
full_body_4x,Full Body 4×/week,4,beginner,4 of 4,endurance,endurance,3,full_body_d,Full Body D,1,Cable pull-through,Glutes — Compound and Isolation,glute_focused,"Glutes, Glute medius, Adductors",3,10–15,30–45 sec,cables
full_body_4x,Full Body 4×/week,4,beginner,4 of 4,endurance,endurance,3,full_body_d,Full Body D,2,Leg extensions,Quads — Isolation,quad_isolation,Quads,2,12–20,30–45 sec,machines
full_body_4x,Full Body 4×/week,4,beginner,4 of 4,endurance,endurance,3,full_body_d,Full Body D,3,Barbell overhead press,Shoulders — Vertical Push,shoulders_vertical_push,"Shoulders, Triceps, Upper chest",3,12–20,60 sec,barbell
full_body_4x,Full Body 4×/week,4,beginner,4 of 4,endurance,endurance,3,full_body_d,Full Body D,4,Face pull (cable),Rear Delt and Upper Back,rear_delt,"Rear deltoids, External rotators, Upper traps",2,15–20,30–45 sec,cables
full_body_4x,Full Body 4×/week,4,beginner,4 of 4,endurance,endurance,3,full_body_d,Full Body D,5,Preacher curl,Biceps,biceps,"Biceps, Brachialis",2,15–25,30–45 sec,barbell
full_body_4x,Full Body 4×/week,4,beginner,4 of 4,endurance,endurance,3,full_body_d,Full Body D,6,Seated leg curl,Hamstrings — Isolation,hamstring_isolation,Hamstrings,2,15–25,30–45 sec,machines
full_body_4x,Full Body 4×/week,4,intermediate,1 of 4,muscle,muscle | maintain | default | recomp | cut_strength | cut_endurance | powerbuilding | hybrid_muscle | hybrid_strength | powerbuilding_cut | athletic_recomp | athletic_cut | athletic_bulk,0,full_body_a,Full Body A,0,Barbell back squat,Quads — Squat Pattern,squat_pattern,"Quads, Glutes, Hamstrings",4,10–15,90 sec,barbell
full_body_4x,Full Body 4×/week,4,intermediate,1 of 4,muscle,muscle | maintain | default | recomp | cut_strength | cut_endurance | powerbuilding | hybrid_muscle | hybrid_strength | powerbuilding_cut | athletic_recomp | athletic_cut | athletic_bulk,0,full_body_a,Full Body A,1,Barbell bench press,Chest — Horizontal Push,chest_horizontal_push,"Chest, Shoulders, Triceps",4,10–15,90 sec,barbell
full_body_4x,Full Body 4×/week,4,intermediate,1 of 4,muscle,muscle | maintain | default | recomp | cut_strength | cut_endurance | powerbuilding | hybrid_muscle | hybrid_strength | powerbuilding_cut | athletic_recomp | athletic_cut | athletic_bulk,0,full_body_a,Full Body A,2,Barbell row,Back — Horizontal Pull (Back Thickness + Inner Back),back_horizontal_pull,"Lats, Rhomboids, Mid-traps, Rear delts, Biceps",4,10–15,90 sec,barbell
full_body_4x,Full Body 4×/week,4,intermediate,1 of 4,muscle,muscle | maintain | default | recomp | cut_strength | cut_endurance | powerbuilding | hybrid_muscle | hybrid_strength | powerbuilding_cut | athletic_recomp | athletic_cut | athletic_bulk,0,full_body_a,Full Body A,3,Cable lateral raise,Shoulders — Side Delt Isolation,shoulders_side_delt,Side deltoids,5,12–20,60 sec,cables
full_body_4x,Full Body 4×/week,4,intermediate,1 of 4,muscle,muscle | maintain | default | recomp | cut_strength | cut_endurance | powerbuilding | hybrid_muscle | hybrid_strength | powerbuilding_cut | athletic_recomp | athletic_cut | athletic_bulk,0,full_body_a,Full Body A,4,Overhead tricep extension,Triceps,triceps,Triceps,4,12–15,60 sec,cables
full_body_4x,Full Body 4×/week,4,intermediate,1 of 4,muscle,muscle | maintain | default | recomp | cut_strength | cut_endurance | powerbuilding | hybrid_muscle | hybrid_strength | powerbuilding_cut | athletic_recomp | athletic_cut | athletic_bulk,0,full_body_a,Full Body A,5,Standing calf raise,Calves,calves,"Gastrocnemius, Soleus",5,10–15,60 sec,machines
full_body_4x,Full Body 4×/week,4,intermediate,1 of 4,muscle,muscle | maintain | default | recomp | cut_strength | cut_endurance | powerbuilding | hybrid_muscle | hybrid_strength | powerbuilding_cut | athletic_recomp | athletic_cut | athletic_bulk,0,full_body_a,Full Body A,6,Cable crunch,Core — Weighted Ab Training,core,"Rectus abdominis, Obliques",3,12–20,60 sec,cables
full_body_4x,Full Body 4×/week,4,intermediate,1 of 4,muscle,muscle | maintain | default | recomp | cut_strength | cut_endurance | powerbuilding | hybrid_muscle | hybrid_strength | powerbuilding_cut | athletic_recomp | athletic_cut | athletic_bulk,1,full_body_b,Full Body B,0,Romanian deadlift (barbell),Hamstrings and Glutes — Hip Hinge,hip_hinge,"Hamstrings, Glutes, Lower back",4,10–15,90 sec,barbell
full_body_4x,Full Body 4×/week,4,intermediate,1 of 4,muscle,muscle | maintain | default | recomp | cut_strength | cut_endurance | powerbuilding | hybrid_muscle | hybrid_strength | powerbuilding_cut | athletic_recomp | athletic_cut | athletic_bulk,1,full_body_b,Full Body B,1,Incline barbell press,Chest — Incline Push (Upper Chest),chest_incline_push,"Upper chest, Shoulders, Triceps",4,10–15,90 sec,barbell
full_body_4x,Full Body 4×/week,4,intermediate,1 of 4,muscle,muscle | maintain | default | recomp | cut_strength | cut_endurance | powerbuilding | hybrid_muscle | hybrid_strength | powerbuilding_cut | athletic_recomp | athletic_cut | athletic_bulk,1,full_body_b,Full Body B,2,Pull-up (overhand),Back — Vertical Pull (Lat Width),back_vertical_pull,"Lats, Biceps, Rear delts",4,6–10,90 sec,pullup_bar
full_body_4x,Full Body 4×/week,4,intermediate,1 of 4,muscle,muscle | maintain | default | recomp | cut_strength | cut_endurance | powerbuilding | hybrid_muscle | hybrid_strength | powerbuilding_cut | athletic_recomp | athletic_cut | athletic_bulk,1,full_body_b,Full Body B,3,Face pull (cable),Rear Delt and Upper Back,rear_delt,"Rear deltoids, External rotators, Upper traps",4,15–20,60 sec,cables
full_body_4x,Full Body 4×/week,4,intermediate,1 of 4,muscle,muscle | maintain | default | recomp | cut_strength | cut_endurance | powerbuilding | hybrid_muscle | hybrid_strength | powerbuilding_cut | athletic_recomp | athletic_cut | athletic_bulk,1,full_body_b,Full Body B,4,Bayesian cable curl,Biceps,biceps,"Biceps, Brachialis",4,12–15,60 sec,cables
full_body_4x,Full Body 4×/week,4,intermediate,1 of 4,muscle,muscle | maintain | default | recomp | cut_strength | cut_endurance | powerbuilding | hybrid_muscle | hybrid_strength | powerbuilding_cut | athletic_recomp | athletic_cut | athletic_bulk,1,full_body_b,Full Body B,5,Walking lunge (long stride),Glutes — Compound and Isolation,glute_focused,"Glutes, Glute medius, Adductors",4,10–15,60 sec,bodyweight+dumbbells
full_body_4x,Full Body 4×/week,4,intermediate,1 of 4,muscle,muscle | maintain | default | recomp | cut_strength | cut_endurance | powerbuilding | hybrid_muscle | hybrid_strength | powerbuilding_cut | athletic_recomp | athletic_cut | athletic_bulk,1,full_body_b,Full Body B,6,Cable crunch,Core — Weighted Ab Training,core,"Rectus abdominis, Obliques",3,12–20,60 sec,cables
full_body_4x,Full Body 4×/week,4,intermediate,1 of 4,muscle,muscle | maintain | default | recomp | cut_strength | cut_endurance | powerbuilding | hybrid_muscle | hybrid_strength | powerbuilding_cut | athletic_recomp | athletic_cut | athletic_bulk,2,full_body_c,Full Body C,0,45° leg press,Quads — Squat Pattern,squat_pattern,"Quads, Glutes, Hamstrings",4,10–15,90 sec,machines
full_body_4x,Full Body 4×/week,4,intermediate,1 of 4,muscle,muscle | maintain | default | recomp | cut_strength | cut_endurance | powerbuilding | hybrid_muscle | hybrid_strength | powerbuilding_cut | athletic_recomp | athletic_cut | athletic_bulk,2,full_body_c,Full Body C,1,Cable crossover (lower chest),Chest — Decline / Lower Chest,chest_decline,"Lower chest, Mid chest, Triceps",4,12–15,60 sec,cables
full_body_4x,Full Body 4×/week,4,intermediate,1 of 4,muscle,muscle | maintain | default | recomp | cut_strength | cut_endurance | powerbuilding | hybrid_muscle | hybrid_strength | powerbuilding_cut | athletic_recomp | athletic_cut | athletic_bulk,2,full_body_c,Full Body C,2,Cable row (wide grip / flared elbows),Back — Inner Back / Rhomboids,back_inner,"Rhomboids, Mid-traps, Rear delts",4,10–15,60 sec,cables
full_body_4x,Full Body 4×/week,4,intermediate,1 of 4,muscle,muscle | maintain | default | recomp | cut_strength | cut_endurance | powerbuilding | hybrid_muscle | hybrid_strength | powerbuilding_cut | athletic_recomp | athletic_cut | athletic_bulk,2,full_body_c,Full Body C,3,Cable lateral raise,Shoulders — Side Delt Isolation,shoulders_side_delt,Side deltoids,5,12–20,60 sec,cables
full_body_4x,Full Body 4×/week,4,intermediate,1 of 4,muscle,muscle | maintain | default | recomp | cut_strength | cut_endurance | powerbuilding | hybrid_muscle | hybrid_strength | powerbuilding_cut | athletic_recomp | athletic_cut | athletic_bulk,2,full_body_c,Full Body C,4,Cable tricep pushdown (rope or bar),Triceps,triceps,Triceps,4,12–15,60 sec,cables
full_body_4x,Full Body 4×/week,4,intermediate,1 of 4,muscle,muscle | maintain | default | recomp | cut_strength | cut_endurance | powerbuilding | hybrid_muscle | hybrid_strength | powerbuilding_cut | athletic_recomp | athletic_cut | athletic_bulk,2,full_body_c,Full Body C,5,Seated calf raise,Calves,calves,"Gastrocnemius, Soleus",5,10–15,60 sec,machines
full_body_4x,Full Body 4×/week,4,intermediate,1 of 4,muscle,muscle | maintain | default | recomp | cut_strength | cut_endurance | powerbuilding | hybrid_muscle | hybrid_strength | powerbuilding_cut | athletic_recomp | athletic_cut | athletic_bulk,2,full_body_c,Full Body C,6,Cable crunch,Core — Weighted Ab Training,core,"Rectus abdominis, Obliques",2,12–20,60 sec,cables
full_body_4x,Full Body 4×/week,4,intermediate,1 of 4,muscle,muscle | maintain | default | recomp | cut_strength | cut_endurance | powerbuilding | hybrid_muscle | hybrid_strength | powerbuilding_cut | athletic_recomp | athletic_cut | athletic_bulk,3,full_body_d,Full Body D,0,Conventional deadlift,Hamstrings and Glutes — Hip Hinge,hip_hinge,"Hamstrings, Glutes, Lower back",3,10–15,90 sec,barbell
full_body_4x,Full Body 4×/week,4,intermediate,1 of 4,muscle,muscle | maintain | default | recomp | cut_strength | cut_endurance | powerbuilding | hybrid_muscle | hybrid_strength | powerbuilding_cut | athletic_recomp | athletic_cut | athletic_bulk,3,full_body_d,Full Body D,1,Cable pull-through,Glutes — Compound and Isolation,glute_focused,"Glutes, Glute medius, Adductors",4,10–15,60 sec,cables
full_body_4x,Full Body 4×/week,4,intermediate,1 of 4,muscle,muscle | maintain | default | recomp | cut_strength | cut_endurance | powerbuilding | hybrid_muscle | hybrid_strength | powerbuilding_cut | athletic_recomp | athletic_cut | athletic_bulk,3,full_body_d,Full Body D,2,Leg extensions,Quads — Isolation,quad_isolation,Quads,4,12–20,60 sec,machines
full_body_4x,Full Body 4×/week,4,intermediate,1 of 4,muscle,muscle | maintain | default | recomp | cut_strength | cut_endurance | powerbuilding | hybrid_muscle | hybrid_strength | powerbuilding_cut | athletic_recomp | athletic_cut | athletic_bulk,3,full_body_d,Full Body D,3,Barbell overhead press,Shoulders — Vertical Push,shoulders_vertical_push,"Shoulders, Triceps, Upper chest",3,10–15,90 sec,barbell
full_body_4x,Full Body 4×/week,4,intermediate,1 of 4,muscle,muscle | maintain | default | recomp | cut_strength | cut_endurance | powerbuilding | hybrid_muscle | hybrid_strength | powerbuilding_cut | athletic_recomp | athletic_cut | athletic_bulk,3,full_body_d,Full Body D,4,Face pull (cable),Rear Delt and Upper Back,rear_delt,"Rear deltoids, External rotators, Upper traps",4,15–20,60 sec,cables
full_body_4x,Full Body 4×/week,4,intermediate,1 of 4,muscle,muscle | maintain | default | recomp | cut_strength | cut_endurance | powerbuilding | hybrid_muscle | hybrid_strength | powerbuilding_cut | athletic_recomp | athletic_cut | athletic_bulk,3,full_body_d,Full Body D,5,Preacher curl,Biceps,biceps,"Biceps, Brachialis",4,12–15,60 sec,barbell
full_body_4x,Full Body 4×/week,4,intermediate,1 of 4,muscle,muscle | maintain | default | recomp | cut_strength | cut_endurance | powerbuilding | hybrid_muscle | hybrid_strength | powerbuilding_cut | athletic_recomp | athletic_cut | athletic_bulk,3,full_body_d,Full Body D,6,Seated leg curl,Hamstrings — Isolation,hamstring_isolation,Hamstrings,3,12–15,60 sec,machines
full_body_4x,Full Body 4×/week,4,intermediate,2 of 4,strength,strength,0,full_body_a,Full Body A,0,Barbell back squat,Quads — Squat Pattern,squat_pattern,"Quads, Glutes, Hamstrings",4,3–6,3–5 min,barbell
full_body_4x,Full Body 4×/week,4,intermediate,2 of 4,strength,strength,0,full_body_a,Full Body A,1,Barbell bench press,Chest — Horizontal Push,chest_horizontal_push,"Chest, Shoulders, Triceps",4,3–6,3–5 min,barbell
full_body_4x,Full Body 4×/week,4,intermediate,2 of 4,strength,strength,0,full_body_a,Full Body A,2,Barbell row,Back — Horizontal Pull (Back Thickness + Inner Back),back_horizontal_pull,"Lats, Rhomboids, Mid-traps, Rear delts, Biceps",4,3–6,3–5 min,barbell
full_body_4x,Full Body 4×/week,4,intermediate,2 of 4,strength,strength,0,full_body_a,Full Body A,3,Cable lateral raise,Shoulders — Side Delt Isolation,shoulders_side_delt,Side deltoids,5,12–20,2 min,cables
full_body_4x,Full Body 4×/week,4,intermediate,2 of 4,strength,strength,0,full_body_a,Full Body A,4,Overhead tricep extension,Triceps,triceps,Triceps,4,8–12,2 min,cables
full_body_4x,Full Body 4×/week,4,intermediate,2 of 4,strength,strength,0,full_body_a,Full Body A,5,Standing calf raise,Calves,calves,"Gastrocnemius, Soleus",5,10–15,2 min,machines
full_body_4x,Full Body 4×/week,4,intermediate,2 of 4,strength,strength,0,full_body_a,Full Body A,6,Cable crunch,Core — Weighted Ab Training,core,"Rectus abdominis, Obliques",3,12–20,2 min,cables
full_body_4x,Full Body 4×/week,4,intermediate,2 of 4,strength,strength,1,full_body_b,Full Body B,0,Romanian deadlift (barbell),Hamstrings and Glutes — Hip Hinge,hip_hinge,"Hamstrings, Glutes, Lower back",4,3–6,3–5 min,barbell
full_body_4x,Full Body 4×/week,4,intermediate,2 of 4,strength,strength,1,full_body_b,Full Body B,1,Incline barbell press,Chest — Incline Push (Upper Chest),chest_incline_push,"Upper chest, Shoulders, Triceps",4,3–6,3–5 min,barbell
full_body_4x,Full Body 4×/week,4,intermediate,2 of 4,strength,strength,1,full_body_b,Full Body B,2,Pull-up (overhand),Back — Vertical Pull (Lat Width),back_vertical_pull,"Lats, Biceps, Rear delts",4,6–10,3–5 min,pullup_bar
full_body_4x,Full Body 4×/week,4,intermediate,2 of 4,strength,strength,1,full_body_b,Full Body B,3,Face pull (cable),Rear Delt and Upper Back,rear_delt,"Rear deltoids, External rotators, Upper traps",4,15–20,2 min,cables
full_body_4x,Full Body 4×/week,4,intermediate,2 of 4,strength,strength,1,full_body_b,Full Body B,4,Bayesian cable curl,Biceps,biceps,"Biceps, Brachialis",4,8–12,2 min,cables
full_body_4x,Full Body 4×/week,4,intermediate,2 of 4,strength,strength,1,full_body_b,Full Body B,5,Walking lunge (long stride),Glutes — Compound and Isolation,glute_focused,"Glutes, Glute medius, Adductors",4,10–15,2 min,bodyweight+dumbbells
full_body_4x,Full Body 4×/week,4,intermediate,2 of 4,strength,strength,1,full_body_b,Full Body B,6,Cable crunch,Core — Weighted Ab Training,core,"Rectus abdominis, Obliques",3,12–20,2 min,cables
full_body_4x,Full Body 4×/week,4,intermediate,2 of 4,strength,strength,2,full_body_c,Full Body C,0,45° leg press,Quads — Squat Pattern,squat_pattern,"Quads, Glutes, Hamstrings",4,3–6,3–5 min,machines
full_body_4x,Full Body 4×/week,4,intermediate,2 of 4,strength,strength,2,full_body_c,Full Body C,1,Cable crossover (lower chest),Chest — Decline / Lower Chest,chest_decline,"Lower chest, Mid chest, Triceps",4,8–12,2 min,cables
full_body_4x,Full Body 4×/week,4,intermediate,2 of 4,strength,strength,2,full_body_c,Full Body C,2,Cable row (wide grip / flared elbows),Back — Inner Back / Rhomboids,back_inner,"Rhomboids, Mid-traps, Rear delts",4,10–15,2 min,cables
full_body_4x,Full Body 4×/week,4,intermediate,2 of 4,strength,strength,2,full_body_c,Full Body C,3,Cable lateral raise,Shoulders — Side Delt Isolation,shoulders_side_delt,Side deltoids,5,12–20,2 min,cables
full_body_4x,Full Body 4×/week,4,intermediate,2 of 4,strength,strength,2,full_body_c,Full Body C,4,Cable tricep pushdown (rope or bar),Triceps,triceps,Triceps,4,8–12,2 min,cables
full_body_4x,Full Body 4×/week,4,intermediate,2 of 4,strength,strength,2,full_body_c,Full Body C,5,Seated calf raise,Calves,calves,"Gastrocnemius, Soleus",5,10–15,2 min,machines
full_body_4x,Full Body 4×/week,4,intermediate,2 of 4,strength,strength,2,full_body_c,Full Body C,6,Cable crunch,Core — Weighted Ab Training,core,"Rectus abdominis, Obliques",2,12–20,2 min,cables
full_body_4x,Full Body 4×/week,4,intermediate,2 of 4,strength,strength,3,full_body_d,Full Body D,0,Conventional deadlift,Hamstrings and Glutes — Hip Hinge,hip_hinge,"Hamstrings, Glutes, Lower back",4,3–6,3–5 min,barbell
full_body_4x,Full Body 4×/week,4,intermediate,2 of 4,strength,strength,3,full_body_d,Full Body D,1,Cable pull-through,Glutes — Compound and Isolation,glute_focused,"Glutes, Glute medius, Adductors",4,10–15,2 min,cables
full_body_4x,Full Body 4×/week,4,intermediate,2 of 4,strength,strength,3,full_body_d,Full Body D,2,Leg extensions,Quads — Isolation,quad_isolation,Quads,4,12–20,2 min,machines
full_body_4x,Full Body 4×/week,4,intermediate,2 of 4,strength,strength,3,full_body_d,Full Body D,3,Barbell overhead press,Shoulders — Vertical Push,shoulders_vertical_push,"Shoulders, Triceps, Upper chest",3,3–6,3–5 min,barbell
full_body_4x,Full Body 4×/week,4,intermediate,2 of 4,strength,strength,3,full_body_d,Full Body D,4,Face pull (cable),Rear Delt and Upper Back,rear_delt,"Rear deltoids, External rotators, Upper traps",4,15–20,2 min,cables
full_body_4x,Full Body 4×/week,4,intermediate,2 of 4,strength,strength,3,full_body_d,Full Body D,5,Preacher curl,Biceps,biceps,"Biceps, Brachialis",4,8–12,2 min,barbell
full_body_4x,Full Body 4×/week,4,intermediate,2 of 4,strength,strength,3,full_body_d,Full Body D,6,Seated leg curl,Hamstrings — Isolation,hamstring_isolation,Hamstrings,2,8–12,2 min,machines
full_body_4x,Full Body 4×/week,4,intermediate,3 of 4,lose,lose,0,full_body_a,Full Body A,0,Barbell back squat,Quads — Squat Pattern,squat_pattern,"Quads, Glutes, Hamstrings",4,6–10,2–3 min,barbell
full_body_4x,Full Body 4×/week,4,intermediate,3 of 4,lose,lose,0,full_body_a,Full Body A,1,Barbell bench press,Chest — Horizontal Push,chest_horizontal_push,"Chest, Shoulders, Triceps",4,6–10,2–3 min,barbell
full_body_4x,Full Body 4×/week,4,intermediate,3 of 4,lose,lose,0,full_body_a,Full Body A,2,Barbell row,Back — Horizontal Pull (Back Thickness + Inner Back),back_horizontal_pull,"Lats, Rhomboids, Mid-traps, Rear delts, Biceps",4,6–10,2–3 min,barbell
full_body_4x,Full Body 4×/week,4,intermediate,3 of 4,lose,lose,0,full_body_a,Full Body A,3,Cable lateral raise,Shoulders — Side Delt Isolation,shoulders_side_delt,Side deltoids,5,12–20,90 sec,cables
full_body_4x,Full Body 4×/week,4,intermediate,3 of 4,lose,lose,0,full_body_a,Full Body A,4,Overhead tricep extension,Triceps,triceps,Triceps,4,12–15,90 sec,cables
full_body_4x,Full Body 4×/week,4,intermediate,3 of 4,lose,lose,0,full_body_a,Full Body A,5,Standing calf raise,Calves,calves,"Gastrocnemius, Soleus",5,10–15,90 sec,machines
full_body_4x,Full Body 4×/week,4,intermediate,3 of 4,lose,lose,0,full_body_a,Full Body A,6,Cable crunch,Core — Weighted Ab Training,core,"Rectus abdominis, Obliques",3,12–20,90 sec,cables
full_body_4x,Full Body 4×/week,4,intermediate,3 of 4,lose,lose,1,full_body_b,Full Body B,0,Romanian deadlift (barbell),Hamstrings and Glutes — Hip Hinge,hip_hinge,"Hamstrings, Glutes, Lower back",4,6–10,2–3 min,barbell
full_body_4x,Full Body 4×/week,4,intermediate,3 of 4,lose,lose,1,full_body_b,Full Body B,1,Incline barbell press,Chest — Incline Push (Upper Chest),chest_incline_push,"Upper chest, Shoulders, Triceps",4,6–10,2–3 min,barbell
full_body_4x,Full Body 4×/week,4,intermediate,3 of 4,lose,lose,1,full_body_b,Full Body B,2,Pull-up (overhand),Back — Vertical Pull (Lat Width),back_vertical_pull,"Lats, Biceps, Rear delts",4,6–10,2–3 min,pullup_bar
full_body_4x,Full Body 4×/week,4,intermediate,3 of 4,lose,lose,1,full_body_b,Full Body B,3,Face pull (cable),Rear Delt and Upper Back,rear_delt,"Rear deltoids, External rotators, Upper traps",4,15–20,90 sec,cables
full_body_4x,Full Body 4×/week,4,intermediate,3 of 4,lose,lose,1,full_body_b,Full Body B,4,Bayesian cable curl,Biceps,biceps,"Biceps, Brachialis",4,12–15,90 sec,cables
full_body_4x,Full Body 4×/week,4,intermediate,3 of 4,lose,lose,1,full_body_b,Full Body B,5,Walking lunge (long stride),Glutes — Compound and Isolation,glute_focused,"Glutes, Glute medius, Adductors",4,10–15,90 sec,bodyweight+dumbbells
full_body_4x,Full Body 4×/week,4,intermediate,3 of 4,lose,lose,1,full_body_b,Full Body B,6,Cable crunch,Core — Weighted Ab Training,core,"Rectus abdominis, Obliques",3,12–20,90 sec,cables
full_body_4x,Full Body 4×/week,4,intermediate,3 of 4,lose,lose,2,full_body_c,Full Body C,0,45° leg press,Quads — Squat Pattern,squat_pattern,"Quads, Glutes, Hamstrings",4,6–10,2–3 min,machines
full_body_4x,Full Body 4×/week,4,intermediate,3 of 4,lose,lose,2,full_body_c,Full Body C,1,Cable crossover (lower chest),Chest — Decline / Lower Chest,chest_decline,"Lower chest, Mid chest, Triceps",4,12–15,90 sec,cables
full_body_4x,Full Body 4×/week,4,intermediate,3 of 4,lose,lose,2,full_body_c,Full Body C,2,Cable row (wide grip / flared elbows),Back — Inner Back / Rhomboids,back_inner,"Rhomboids, Mid-traps, Rear delts",4,10–15,90 sec,cables
full_body_4x,Full Body 4×/week,4,intermediate,3 of 4,lose,lose,2,full_body_c,Full Body C,3,Cable lateral raise,Shoulders — Side Delt Isolation,shoulders_side_delt,Side deltoids,5,12–20,90 sec,cables
full_body_4x,Full Body 4×/week,4,intermediate,3 of 4,lose,lose,2,full_body_c,Full Body C,4,Cable tricep pushdown (rope or bar),Triceps,triceps,Triceps,4,12–15,90 sec,cables
full_body_4x,Full Body 4×/week,4,intermediate,3 of 4,lose,lose,2,full_body_c,Full Body C,5,Seated calf raise,Calves,calves,"Gastrocnemius, Soleus",5,10–15,90 sec,machines
full_body_4x,Full Body 4×/week,4,intermediate,3 of 4,lose,lose,2,full_body_c,Full Body C,6,Cable crunch,Core — Weighted Ab Training,core,"Rectus abdominis, Obliques",2,12–20,90 sec,cables
full_body_4x,Full Body 4×/week,4,intermediate,3 of 4,lose,lose,3,full_body_d,Full Body D,0,Conventional deadlift,Hamstrings and Glutes — Hip Hinge,hip_hinge,"Hamstrings, Glutes, Lower back",3,6–10,2–3 min,barbell
full_body_4x,Full Body 4×/week,4,intermediate,3 of 4,lose,lose,3,full_body_d,Full Body D,1,Cable pull-through,Glutes — Compound and Isolation,glute_focused,"Glutes, Glute medius, Adductors",4,10–15,90 sec,cables
full_body_4x,Full Body 4×/week,4,intermediate,3 of 4,lose,lose,3,full_body_d,Full Body D,2,Leg extensions,Quads — Isolation,quad_isolation,Quads,4,12–20,90 sec,machines
full_body_4x,Full Body 4×/week,4,intermediate,3 of 4,lose,lose,3,full_body_d,Full Body D,3,Barbell overhead press,Shoulders — Vertical Push,shoulders_vertical_push,"Shoulders, Triceps, Upper chest",3,6–10,2–3 min,barbell
full_body_4x,Full Body 4×/week,4,intermediate,3 of 4,lose,lose,3,full_body_d,Full Body D,4,Face pull (cable),Rear Delt and Upper Back,rear_delt,"Rear deltoids, External rotators, Upper traps",4,15–20,90 sec,cables
full_body_4x,Full Body 4×/week,4,intermediate,3 of 4,lose,lose,3,full_body_d,Full Body D,5,Preacher curl,Biceps,biceps,"Biceps, Brachialis",4,12–15,90 sec,barbell
full_body_4x,Full Body 4×/week,4,intermediate,3 of 4,lose,lose,3,full_body_d,Full Body D,6,Seated leg curl,Hamstrings — Isolation,hamstring_isolation,Hamstrings,3,12–15,90 sec,machines
full_body_4x,Full Body 4×/week,4,intermediate,4 of 4,endurance,endurance,0,full_body_a,Full Body A,0,Barbell back squat,Quads — Squat Pattern,squat_pattern,"Quads, Glutes, Hamstrings",4,12–20,60 sec,barbell
full_body_4x,Full Body 4×/week,4,intermediate,4 of 4,endurance,endurance,0,full_body_a,Full Body A,1,Barbell bench press,Chest — Horizontal Push,chest_horizontal_push,"Chest, Shoulders, Triceps",4,12–20,60 sec,barbell
full_body_4x,Full Body 4×/week,4,intermediate,4 of 4,endurance,endurance,0,full_body_a,Full Body A,2,Barbell row,Back — Horizontal Pull (Back Thickness + Inner Back),back_horizontal_pull,"Lats, Rhomboids, Mid-traps, Rear delts, Biceps",4,12–20,60 sec,barbell
full_body_4x,Full Body 4×/week,4,intermediate,4 of 4,endurance,endurance,0,full_body_a,Full Body A,3,Cable lateral raise,Shoulders — Side Delt Isolation,shoulders_side_delt,Side deltoids,5,12–20,30–45 sec,cables
full_body_4x,Full Body 4×/week,4,intermediate,4 of 4,endurance,endurance,0,full_body_a,Full Body A,4,Overhead tricep extension,Triceps,triceps,Triceps,4,15–25,30–45 sec,cables
full_body_4x,Full Body 4×/week,4,intermediate,4 of 4,endurance,endurance,0,full_body_a,Full Body A,5,Standing calf raise,Calves,calves,"Gastrocnemius, Soleus",5,10–15,30–45 sec,machines
full_body_4x,Full Body 4×/week,4,intermediate,4 of 4,endurance,endurance,0,full_body_a,Full Body A,6,Cable crunch,Core — Weighted Ab Training,core,"Rectus abdominis, Obliques",3,12–20,30–45 sec,cables
full_body_4x,Full Body 4×/week,4,intermediate,4 of 4,endurance,endurance,1,full_body_b,Full Body B,0,Romanian deadlift (barbell),Hamstrings and Glutes — Hip Hinge,hip_hinge,"Hamstrings, Glutes, Lower back",4,12–20,60 sec,barbell
full_body_4x,Full Body 4×/week,4,intermediate,4 of 4,endurance,endurance,1,full_body_b,Full Body B,1,Incline barbell press,Chest — Incline Push (Upper Chest),chest_incline_push,"Upper chest, Shoulders, Triceps",4,12–20,60 sec,barbell
full_body_4x,Full Body 4×/week,4,intermediate,4 of 4,endurance,endurance,1,full_body_b,Full Body B,2,Pull-up (overhand),Back — Vertical Pull (Lat Width),back_vertical_pull,"Lats, Biceps, Rear delts",4,6–10,60 sec,pullup_bar
full_body_4x,Full Body 4×/week,4,intermediate,4 of 4,endurance,endurance,1,full_body_b,Full Body B,3,Face pull (cable),Rear Delt and Upper Back,rear_delt,"Rear deltoids, External rotators, Upper traps",4,15–20,30–45 sec,cables
full_body_4x,Full Body 4×/week,4,intermediate,4 of 4,endurance,endurance,1,full_body_b,Full Body B,4,Bayesian cable curl,Biceps,biceps,"Biceps, Brachialis",4,15–25,30–45 sec,cables
full_body_4x,Full Body 4×/week,4,intermediate,4 of 4,endurance,endurance,1,full_body_b,Full Body B,5,Walking lunge (long stride),Glutes — Compound and Isolation,glute_focused,"Glutes, Glute medius, Adductors",4,10–15,30–45 sec,bodyweight+dumbbells
full_body_4x,Full Body 4×/week,4,intermediate,4 of 4,endurance,endurance,1,full_body_b,Full Body B,6,Cable crunch,Core — Weighted Ab Training,core,"Rectus abdominis, Obliques",3,12–20,30–45 sec,cables
full_body_4x,Full Body 4×/week,4,intermediate,4 of 4,endurance,endurance,2,full_body_c,Full Body C,0,45° leg press,Quads — Squat Pattern,squat_pattern,"Quads, Glutes, Hamstrings",4,12–20,60 sec,machines
full_body_4x,Full Body 4×/week,4,intermediate,4 of 4,endurance,endurance,2,full_body_c,Full Body C,1,Cable crossover (lower chest),Chest — Decline / Lower Chest,chest_decline,"Lower chest, Mid chest, Triceps",4,15–25,30–45 sec,cables
full_body_4x,Full Body 4×/week,4,intermediate,4 of 4,endurance,endurance,2,full_body_c,Full Body C,2,Cable row (wide grip / flared elbows),Back — Inner Back / Rhomboids,back_inner,"Rhomboids, Mid-traps, Rear delts",4,10–15,30–45 sec,cables
full_body_4x,Full Body 4×/week,4,intermediate,4 of 4,endurance,endurance,2,full_body_c,Full Body C,3,Cable lateral raise,Shoulders — Side Delt Isolation,shoulders_side_delt,Side deltoids,5,12–20,30–45 sec,cables
full_body_4x,Full Body 4×/week,4,intermediate,4 of 4,endurance,endurance,2,full_body_c,Full Body C,4,Cable tricep pushdown (rope or bar),Triceps,triceps,Triceps,4,15–25,30–45 sec,cables
full_body_4x,Full Body 4×/week,4,intermediate,4 of 4,endurance,endurance,2,full_body_c,Full Body C,5,Seated calf raise,Calves,calves,"Gastrocnemius, Soleus",5,10–15,30–45 sec,machines
full_body_4x,Full Body 4×/week,4,intermediate,4 of 4,endurance,endurance,2,full_body_c,Full Body C,6,Cable crunch,Core — Weighted Ab Training,core,"Rectus abdominis, Obliques",2,12–20,30–45 sec,cables
full_body_4x,Full Body 4×/week,4,intermediate,4 of 4,endurance,endurance,3,full_body_d,Full Body D,0,Conventional deadlift,Hamstrings and Glutes — Hip Hinge,hip_hinge,"Hamstrings, Glutes, Lower back",3,12–20,60 sec,barbell
full_body_4x,Full Body 4×/week,4,intermediate,4 of 4,endurance,endurance,3,full_body_d,Full Body D,1,Cable pull-through,Glutes — Compound and Isolation,glute_focused,"Glutes, Glute medius, Adductors",4,10–15,30–45 sec,cables
full_body_4x,Full Body 4×/week,4,intermediate,4 of 4,endurance,endurance,3,full_body_d,Full Body D,2,Leg extensions,Quads — Isolation,quad_isolation,Quads,4,12–20,30–45 sec,machines
full_body_4x,Full Body 4×/week,4,intermediate,4 of 4,endurance,endurance,3,full_body_d,Full Body D,3,Barbell overhead press,Shoulders — Vertical Push,shoulders_vertical_push,"Shoulders, Triceps, Upper chest",3,12–20,60 sec,barbell
full_body_4x,Full Body 4×/week,4,intermediate,4 of 4,endurance,endurance,3,full_body_d,Full Body D,4,Face pull (cable),Rear Delt and Upper Back,rear_delt,"Rear deltoids, External rotators, Upper traps",4,15–20,30–45 sec,cables
full_body_4x,Full Body 4×/week,4,intermediate,4 of 4,endurance,endurance,3,full_body_d,Full Body D,5,Preacher curl,Biceps,biceps,"Biceps, Brachialis",4,15–25,30–45 sec,barbell
full_body_4x,Full Body 4×/week,4,intermediate,4 of 4,endurance,endurance,3,full_body_d,Full Body D,6,Seated leg curl,Hamstrings — Isolation,hamstring_isolation,Hamstrings,3,15–25,30–45 sec,machines
full_body_4x,Full Body 4×/week,4,advanced,1 of 4,muscle,muscle | maintain | default | recomp | cut_strength | cut_endurance | powerbuilding | hybrid_muscle | hybrid_strength | powerbuilding_cut | athletic_recomp | athletic_cut | athletic_bulk,0,full_body_a,Full Body A,0,Barbell back squat,Quads — Squat Pattern,squat_pattern,"Quads, Glutes, Hamstrings",5,10–15,90 sec,barbell
full_body_4x,Full Body 4×/week,4,advanced,1 of 4,muscle,muscle | maintain | default | recomp | cut_strength | cut_endurance | powerbuilding | hybrid_muscle | hybrid_strength | powerbuilding_cut | athletic_recomp | athletic_cut | athletic_bulk,0,full_body_a,Full Body A,1,Barbell bench press,Chest — Horizontal Push,chest_horizontal_push,"Chest, Shoulders, Triceps",5,10–15,90 sec,barbell
full_body_4x,Full Body 4×/week,4,advanced,1 of 4,muscle,muscle | maintain | default | recomp | cut_strength | cut_endurance | powerbuilding | hybrid_muscle | hybrid_strength | powerbuilding_cut | athletic_recomp | athletic_cut | athletic_bulk,0,full_body_a,Full Body A,2,Barbell row,Back — Horizontal Pull (Back Thickness + Inner Back),back_horizontal_pull,"Lats, Rhomboids, Mid-traps, Rear delts, Biceps",6,10–15,90 sec,barbell
full_body_4x,Full Body 4×/week,4,advanced,1 of 4,muscle,muscle | maintain | default | recomp | cut_strength | cut_endurance | powerbuilding | hybrid_muscle | hybrid_strength | powerbuilding_cut | athletic_recomp | athletic_cut | athletic_bulk,0,full_body_a,Full Body A,3,Cable lateral raise,Shoulders — Side Delt Isolation,shoulders_side_delt,Side deltoids,6,12–20,60 sec,cables
full_body_4x,Full Body 4×/week,4,advanced,1 of 4,muscle,muscle | maintain | default | recomp | cut_strength | cut_endurance | powerbuilding | hybrid_muscle | hybrid_strength | powerbuilding_cut | athletic_recomp | athletic_cut | athletic_bulk,0,full_body_a,Full Body A,4,Overhead tricep extension,Triceps,triceps,Triceps,5,12–15,60 sec,cables
full_body_4x,Full Body 4×/week,4,advanced,1 of 4,muscle,muscle | maintain | default | recomp | cut_strength | cut_endurance | powerbuilding | hybrid_muscle | hybrid_strength | powerbuilding_cut | athletic_recomp | athletic_cut | athletic_bulk,0,full_body_a,Full Body A,5,Standing calf raise,Calves,calves,"Gastrocnemius, Soleus",5,10–15,60 sec,machines
full_body_4x,Full Body 4×/week,4,advanced,1 of 4,muscle,muscle | maintain | default | recomp | cut_strength | cut_endurance | powerbuilding | hybrid_muscle | hybrid_strength | powerbuilding_cut | athletic_recomp | athletic_cut | athletic_bulk,0,full_body_a,Full Body A,6,Cable crunch,Core — Weighted Ab Training,core,"Rectus abdominis, Obliques",3,12–20,60 sec,cables
full_body_4x,Full Body 4×/week,4,advanced,1 of 4,muscle,muscle | maintain | default | recomp | cut_strength | cut_endurance | powerbuilding | hybrid_muscle | hybrid_strength | powerbuilding_cut | athletic_recomp | athletic_cut | athletic_bulk,1,full_body_b,Full Body B,0,Romanian deadlift (barbell),Hamstrings and Glutes — Hip Hinge,hip_hinge,"Hamstrings, Glutes, Lower back",4,10–15,90 sec,barbell
full_body_4x,Full Body 4×/week,4,advanced,1 of 4,muscle,muscle | maintain | default | recomp | cut_strength | cut_endurance | powerbuilding | hybrid_muscle | hybrid_strength | powerbuilding_cut | athletic_recomp | athletic_cut | athletic_bulk,1,full_body_b,Full Body B,1,Incline barbell press,Chest — Incline Push (Upper Chest),chest_incline_push,"Upper chest, Shoulders, Triceps",5,10–15,90 sec,barbell
full_body_4x,Full Body 4×/week,4,advanced,1 of 4,muscle,muscle | maintain | default | recomp | cut_strength | cut_endurance | powerbuilding | hybrid_muscle | hybrid_strength | powerbuilding_cut | athletic_recomp | athletic_cut | athletic_bulk,1,full_body_b,Full Body B,2,Pull-up (overhand),Back — Vertical Pull (Lat Width),back_vertical_pull,"Lats, Biceps, Rear delts",5,6–10,90 sec,pullup_bar
full_body_4x,Full Body 4×/week,4,advanced,1 of 4,muscle,muscle | maintain | default | recomp | cut_strength | cut_endurance | powerbuilding | hybrid_muscle | hybrid_strength | powerbuilding_cut | athletic_recomp | athletic_cut | athletic_bulk,1,full_body_b,Full Body B,3,Face pull (cable),Rear Delt and Upper Back,rear_delt,"Rear deltoids, External rotators, Upper traps",5,15–20,60 sec,cables
full_body_4x,Full Body 4×/week,4,advanced,1 of 4,muscle,muscle | maintain | default | recomp | cut_strength | cut_endurance | powerbuilding | hybrid_muscle | hybrid_strength | powerbuilding_cut | athletic_recomp | athletic_cut | athletic_bulk,1,full_body_b,Full Body B,4,Bayesian cable curl,Biceps,biceps,"Biceps, Brachialis",4,12–15,60 sec,cables
full_body_4x,Full Body 4×/week,4,advanced,1 of 4,muscle,muscle | maintain | default | recomp | cut_strength | cut_endurance | powerbuilding | hybrid_muscle | hybrid_strength | powerbuilding_cut | athletic_recomp | athletic_cut | athletic_bulk,1,full_body_b,Full Body B,5,Walking lunge (long stride),Glutes — Compound and Isolation,glute_focused,"Glutes, Glute medius, Adductors",6,10–15,60 sec,bodyweight+dumbbells
full_body_4x,Full Body 4×/week,4,advanced,1 of 4,muscle,muscle | maintain | default | recomp | cut_strength | cut_endurance | powerbuilding | hybrid_muscle | hybrid_strength | powerbuilding_cut | athletic_recomp | athletic_cut | athletic_bulk,1,full_body_b,Full Body B,6,Cable crunch,Core — Weighted Ab Training,core,"Rectus abdominis, Obliques",3,12–20,60 sec,cables
full_body_4x,Full Body 4×/week,4,advanced,1 of 4,muscle,muscle | maintain | default | recomp | cut_strength | cut_endurance | powerbuilding | hybrid_muscle | hybrid_strength | powerbuilding_cut | athletic_recomp | athletic_cut | athletic_bulk,2,full_body_c,Full Body C,0,45° leg press,Quads — Squat Pattern,squat_pattern,"Quads, Glutes, Hamstrings",5,10–15,90 sec,machines
full_body_4x,Full Body 4×/week,4,advanced,1 of 4,muscle,muscle | maintain | default | recomp | cut_strength | cut_endurance | powerbuilding | hybrid_muscle | hybrid_strength | powerbuilding_cut | athletic_recomp | athletic_cut | athletic_bulk,2,full_body_c,Full Body C,1,Cable crossover (lower chest),Chest — Decline / Lower Chest,chest_decline,"Lower chest, Mid chest, Triceps",4,12–15,60 sec,cables
full_body_4x,Full Body 4×/week,4,advanced,1 of 4,muscle,muscle | maintain | default | recomp | cut_strength | cut_endurance | powerbuilding | hybrid_muscle | hybrid_strength | powerbuilding_cut | athletic_recomp | athletic_cut | athletic_bulk,2,full_body_c,Full Body C,2,Cable row (wide grip / flared elbows),Back — Inner Back / Rhomboids,back_inner,"Rhomboids, Mid-traps, Rear delts",5,10–15,60 sec,cables
full_body_4x,Full Body 4×/week,4,advanced,1 of 4,muscle,muscle | maintain | default | recomp | cut_strength | cut_endurance | powerbuilding | hybrid_muscle | hybrid_strength | powerbuilding_cut | athletic_recomp | athletic_cut | athletic_bulk,2,full_body_c,Full Body C,3,Cable lateral raise,Shoulders — Side Delt Isolation,shoulders_side_delt,Side deltoids,6,12–20,60 sec,cables
full_body_4x,Full Body 4×/week,4,advanced,1 of 4,muscle,muscle | maintain | default | recomp | cut_strength | cut_endurance | powerbuilding | hybrid_muscle | hybrid_strength | powerbuilding_cut | athletic_recomp | athletic_cut | athletic_bulk,2,full_body_c,Full Body C,4,Cable tricep pushdown (rope or bar),Triceps,triceps,Triceps,5,12–15,60 sec,cables
full_body_4x,Full Body 4×/week,4,advanced,1 of 4,muscle,muscle | maintain | default | recomp | cut_strength | cut_endurance | powerbuilding | hybrid_muscle | hybrid_strength | powerbuilding_cut | athletic_recomp | athletic_cut | athletic_bulk,2,full_body_c,Full Body C,5,Seated calf raise,Calves,calves,"Gastrocnemius, Soleus",5,10–15,60 sec,machines
full_body_4x,Full Body 4×/week,4,advanced,1 of 4,muscle,muscle | maintain | default | recomp | cut_strength | cut_endurance | powerbuilding | hybrid_muscle | hybrid_strength | powerbuilding_cut | athletic_recomp | athletic_cut | athletic_bulk,2,full_body_c,Full Body C,6,Cable crunch,Core — Weighted Ab Training,core,"Rectus abdominis, Obliques",2,12–20,60 sec,cables
full_body_4x,Full Body 4×/week,4,advanced,1 of 4,muscle,muscle | maintain | default | recomp | cut_strength | cut_endurance | powerbuilding | hybrid_muscle | hybrid_strength | powerbuilding_cut | athletic_recomp | athletic_cut | athletic_bulk,3,full_body_d,Full Body D,0,Conventional deadlift,Hamstrings and Glutes — Hip Hinge,hip_hinge,"Hamstrings, Glutes, Lower back",3,10–15,90 sec,barbell
full_body_4x,Full Body 4×/week,4,advanced,1 of 4,muscle,muscle | maintain | default | recomp | cut_strength | cut_endurance | powerbuilding | hybrid_muscle | hybrid_strength | powerbuilding_cut | athletic_recomp | athletic_cut | athletic_bulk,3,full_body_d,Full Body D,1,Cable pull-through,Glutes — Compound and Isolation,glute_focused,"Glutes, Glute medius, Adductors",6,10–15,60 sec,cables
full_body_4x,Full Body 4×/week,4,advanced,1 of 4,muscle,muscle | maintain | default | recomp | cut_strength | cut_endurance | powerbuilding | hybrid_muscle | hybrid_strength | powerbuilding_cut | athletic_recomp | athletic_cut | athletic_bulk,3,full_body_d,Full Body D,2,Leg extensions,Quads — Isolation,quad_isolation,Quads,4,12–20,60 sec,machines
full_body_4x,Full Body 4×/week,4,advanced,1 of 4,muscle,muscle | maintain | default | recomp | cut_strength | cut_endurance | powerbuilding | hybrid_muscle | hybrid_strength | powerbuilding_cut | athletic_recomp | athletic_cut | athletic_bulk,3,full_body_d,Full Body D,3,Barbell overhead press,Shoulders — Vertical Push,shoulders_vertical_push,"Shoulders, Triceps, Upper chest",3,10–15,90 sec,barbell
full_body_4x,Full Body 4×/week,4,advanced,1 of 4,muscle,muscle | maintain | default | recomp | cut_strength | cut_endurance | powerbuilding | hybrid_muscle | hybrid_strength | powerbuilding_cut | athletic_recomp | athletic_cut | athletic_bulk,3,full_body_d,Full Body D,4,Face pull (cable),Rear Delt and Upper Back,rear_delt,"Rear deltoids, External rotators, Upper traps",5,15–20,60 sec,cables
full_body_4x,Full Body 4×/week,4,advanced,1 of 4,muscle,muscle | maintain | default | recomp | cut_strength | cut_endurance | powerbuilding | hybrid_muscle | hybrid_strength | powerbuilding_cut | athletic_recomp | athletic_cut | athletic_bulk,3,full_body_d,Full Body D,5,Preacher curl,Biceps,biceps,"Biceps, Brachialis",4,12–15,60 sec,barbell
full_body_4x,Full Body 4×/week,4,advanced,1 of 4,muscle,muscle | maintain | default | recomp | cut_strength | cut_endurance | powerbuilding | hybrid_muscle | hybrid_strength | powerbuilding_cut | athletic_recomp | athletic_cut | athletic_bulk,3,full_body_d,Full Body D,6,Seated leg curl,Hamstrings — Isolation,hamstring_isolation,Hamstrings,3,12–15,60 sec,machines
full_body_4x,Full Body 4×/week,4,advanced,2 of 4,strength,strength,0,full_body_a,Full Body A,0,Barbell back squat,Quads — Squat Pattern,squat_pattern,"Quads, Glutes, Hamstrings",5,3–6,3–5 min,barbell
full_body_4x,Full Body 4×/week,4,advanced,2 of 4,strength,strength,0,full_body_a,Full Body A,1,Barbell bench press,Chest — Horizontal Push,chest_horizontal_push,"Chest, Shoulders, Triceps",5,3–6,3–5 min,barbell
full_body_4x,Full Body 4×/week,4,advanced,2 of 4,strength,strength,0,full_body_a,Full Body A,2,Barbell row,Back — Horizontal Pull (Back Thickness + Inner Back),back_horizontal_pull,"Lats, Rhomboids, Mid-traps, Rear delts, Biceps",6,3–6,3–5 min,barbell
full_body_4x,Full Body 4×/week,4,advanced,2 of 4,strength,strength,0,full_body_a,Full Body A,3,Cable lateral raise,Shoulders — Side Delt Isolation,shoulders_side_delt,Side deltoids,6,12–20,2 min,cables
full_body_4x,Full Body 4×/week,4,advanced,2 of 4,strength,strength,0,full_body_a,Full Body A,4,Overhead tricep extension,Triceps,triceps,Triceps,5,8–12,2 min,cables
full_body_4x,Full Body 4×/week,4,advanced,2 of 4,strength,strength,0,full_body_a,Full Body A,5,Standing calf raise,Calves,calves,"Gastrocnemius, Soleus",5,10–15,2 min,machines
full_body_4x,Full Body 4×/week,4,advanced,2 of 4,strength,strength,0,full_body_a,Full Body A,6,Cable crunch,Core — Weighted Ab Training,core,"Rectus abdominis, Obliques",3,12–20,2 min,cables
full_body_4x,Full Body 4×/week,4,advanced,2 of 4,strength,strength,1,full_body_b,Full Body B,0,Romanian deadlift (barbell),Hamstrings and Glutes — Hip Hinge,hip_hinge,"Hamstrings, Glutes, Lower back",4,3–6,3–5 min,barbell
full_body_4x,Full Body 4×/week,4,advanced,2 of 4,strength,strength,1,full_body_b,Full Body B,1,Incline barbell press,Chest — Incline Push (Upper Chest),chest_incline_push,"Upper chest, Shoulders, Triceps",5,3–6,3–5 min,barbell
full_body_4x,Full Body 4×/week,4,advanced,2 of 4,strength,strength,1,full_body_b,Full Body B,2,Pull-up (overhand),Back — Vertical Pull (Lat Width),back_vertical_pull,"Lats, Biceps, Rear delts",5,6–10,3–5 min,pullup_bar
full_body_4x,Full Body 4×/week,4,advanced,2 of 4,strength,strength,1,full_body_b,Full Body B,3,Face pull (cable),Rear Delt and Upper Back,rear_delt,"Rear deltoids, External rotators, Upper traps",5,15–20,2 min,cables
full_body_4x,Full Body 4×/week,4,advanced,2 of 4,strength,strength,1,full_body_b,Full Body B,4,Bayesian cable curl,Biceps,biceps,"Biceps, Brachialis",4,8–12,2 min,cables
full_body_4x,Full Body 4×/week,4,advanced,2 of 4,strength,strength,1,full_body_b,Full Body B,5,Walking lunge (long stride),Glutes — Compound and Isolation,glute_focused,"Glutes, Glute medius, Adductors",6,10–15,2 min,bodyweight+dumbbells
full_body_4x,Full Body 4×/week,4,advanced,2 of 4,strength,strength,1,full_body_b,Full Body B,6,Cable crunch,Core — Weighted Ab Training,core,"Rectus abdominis, Obliques",3,12–20,2 min,cables
full_body_4x,Full Body 4×/week,4,advanced,2 of 4,strength,strength,2,full_body_c,Full Body C,0,45° leg press,Quads — Squat Pattern,squat_pattern,"Quads, Glutes, Hamstrings",5,3–6,3–5 min,machines
full_body_4x,Full Body 4×/week,4,advanced,2 of 4,strength,strength,2,full_body_c,Full Body C,1,Cable crossover (lower chest),Chest — Decline / Lower Chest,chest_decline,"Lower chest, Mid chest, Triceps",4,8–12,2 min,cables
full_body_4x,Full Body 4×/week,4,advanced,2 of 4,strength,strength,2,full_body_c,Full Body C,2,Cable row (wide grip / flared elbows),Back — Inner Back / Rhomboids,back_inner,"Rhomboids, Mid-traps, Rear delts",5,10–15,2 min,cables
full_body_4x,Full Body 4×/week,4,advanced,2 of 4,strength,strength,2,full_body_c,Full Body C,3,Cable lateral raise,Shoulders — Side Delt Isolation,shoulders_side_delt,Side deltoids,6,12–20,2 min,cables
full_body_4x,Full Body 4×/week,4,advanced,2 of 4,strength,strength,2,full_body_c,Full Body C,4,Cable tricep pushdown (rope or bar),Triceps,triceps,Triceps,5,8–12,2 min,cables
full_body_4x,Full Body 4×/week,4,advanced,2 of 4,strength,strength,2,full_body_c,Full Body C,5,Seated calf raise,Calves,calves,"Gastrocnemius, Soleus",5,10–15,2 min,machines
full_body_4x,Full Body 4×/week,4,advanced,2 of 4,strength,strength,2,full_body_c,Full Body C,6,Cable crunch,Core — Weighted Ab Training,core,"Rectus abdominis, Obliques",2,12–20,2 min,cables
full_body_4x,Full Body 4×/week,4,advanced,2 of 4,strength,strength,3,full_body_d,Full Body D,0,Conventional deadlift,Hamstrings and Glutes — Hip Hinge,hip_hinge,"Hamstrings, Glutes, Lower back",4,3–6,3–5 min,barbell
full_body_4x,Full Body 4×/week,4,advanced,2 of 4,strength,strength,3,full_body_d,Full Body D,1,Cable pull-through,Glutes — Compound and Isolation,glute_focused,"Glutes, Glute medius, Adductors",6,10–15,2 min,cables
full_body_4x,Full Body 4×/week,4,advanced,2 of 4,strength,strength,3,full_body_d,Full Body D,2,Leg extensions,Quads — Isolation,quad_isolation,Quads,4,12–20,2 min,machines
full_body_4x,Full Body 4×/week,4,advanced,2 of 4,strength,strength,3,full_body_d,Full Body D,3,Barbell overhead press,Shoulders — Vertical Push,shoulders_vertical_push,"Shoulders, Triceps, Upper chest",3,3–6,3–5 min,barbell
full_body_4x,Full Body 4×/week,4,advanced,2 of 4,strength,strength,3,full_body_d,Full Body D,4,Face pull (cable),Rear Delt and Upper Back,rear_delt,"Rear deltoids, External rotators, Upper traps",5,15–20,2 min,cables
full_body_4x,Full Body 4×/week,4,advanced,2 of 4,strength,strength,3,full_body_d,Full Body D,5,Preacher curl,Biceps,biceps,"Biceps, Brachialis",4,8–12,2 min,barbell
full_body_4x,Full Body 4×/week,4,advanced,2 of 4,strength,strength,3,full_body_d,Full Body D,6,Seated leg curl,Hamstrings — Isolation,hamstring_isolation,Hamstrings,2,8–12,2 min,machines
full_body_4x,Full Body 4×/week,4,advanced,3 of 4,lose,lose,0,full_body_a,Full Body A,0,Barbell back squat,Quads — Squat Pattern,squat_pattern,"Quads, Glutes, Hamstrings",5,6–10,2–3 min,barbell
full_body_4x,Full Body 4×/week,4,advanced,3 of 4,lose,lose,0,full_body_a,Full Body A,1,Barbell bench press,Chest — Horizontal Push,chest_horizontal_push,"Chest, Shoulders, Triceps",5,6–10,2–3 min,barbell
full_body_4x,Full Body 4×/week,4,advanced,3 of 4,lose,lose,0,full_body_a,Full Body A,2,Barbell row,Back — Horizontal Pull (Back Thickness + Inner Back),back_horizontal_pull,"Lats, Rhomboids, Mid-traps, Rear delts, Biceps",6,6–10,2–3 min,barbell
full_body_4x,Full Body 4×/week,4,advanced,3 of 4,lose,lose,0,full_body_a,Full Body A,3,Cable lateral raise,Shoulders — Side Delt Isolation,shoulders_side_delt,Side deltoids,6,12–20,90 sec,cables
full_body_4x,Full Body 4×/week,4,advanced,3 of 4,lose,lose,0,full_body_a,Full Body A,4,Overhead tricep extension,Triceps,triceps,Triceps,5,12–15,90 sec,cables
full_body_4x,Full Body 4×/week,4,advanced,3 of 4,lose,lose,0,full_body_a,Full Body A,5,Standing calf raise,Calves,calves,"Gastrocnemius, Soleus",5,10–15,90 sec,machines
full_body_4x,Full Body 4×/week,4,advanced,3 of 4,lose,lose,0,full_body_a,Full Body A,6,Cable crunch,Core — Weighted Ab Training,core,"Rectus abdominis, Obliques",3,12–20,90 sec,cables
full_body_4x,Full Body 4×/week,4,advanced,3 of 4,lose,lose,1,full_body_b,Full Body B,0,Romanian deadlift (barbell),Hamstrings and Glutes — Hip Hinge,hip_hinge,"Hamstrings, Glutes, Lower back",4,6–10,2–3 min,barbell
full_body_4x,Full Body 4×/week,4,advanced,3 of 4,lose,lose,1,full_body_b,Full Body B,1,Incline barbell press,Chest — Incline Push (Upper Chest),chest_incline_push,"Upper chest, Shoulders, Triceps",5,6–10,2–3 min,barbell
full_body_4x,Full Body 4×/week,4,advanced,3 of 4,lose,lose,1,full_body_b,Full Body B,2,Pull-up (overhand),Back — Vertical Pull (Lat Width),back_vertical_pull,"Lats, Biceps, Rear delts",5,6–10,2–3 min,pullup_bar
full_body_4x,Full Body 4×/week,4,advanced,3 of 4,lose,lose,1,full_body_b,Full Body B,3,Face pull (cable),Rear Delt and Upper Back,rear_delt,"Rear deltoids, External rotators, Upper traps",5,15–20,90 sec,cables
full_body_4x,Full Body 4×/week,4,advanced,3 of 4,lose,lose,1,full_body_b,Full Body B,4,Bayesian cable curl,Biceps,biceps,"Biceps, Brachialis",4,12–15,90 sec,cables
full_body_4x,Full Body 4×/week,4,advanced,3 of 4,lose,lose,1,full_body_b,Full Body B,5,Walking lunge (long stride),Glutes — Compound and Isolation,glute_focused,"Glutes, Glute medius, Adductors",6,10–15,90 sec,bodyweight+dumbbells
full_body_4x,Full Body 4×/week,4,advanced,3 of 4,lose,lose,1,full_body_b,Full Body B,6,Cable crunch,Core — Weighted Ab Training,core,"Rectus abdominis, Obliques",3,12–20,90 sec,cables
full_body_4x,Full Body 4×/week,4,advanced,3 of 4,lose,lose,2,full_body_c,Full Body C,0,45° leg press,Quads — Squat Pattern,squat_pattern,"Quads, Glutes, Hamstrings",5,6–10,2–3 min,machines
full_body_4x,Full Body 4×/week,4,advanced,3 of 4,lose,lose,2,full_body_c,Full Body C,1,Cable crossover (lower chest),Chest — Decline / Lower Chest,chest_decline,"Lower chest, Mid chest, Triceps",4,12–15,90 sec,cables
full_body_4x,Full Body 4×/week,4,advanced,3 of 4,lose,lose,2,full_body_c,Full Body C,2,Cable row (wide grip / flared elbows),Back — Inner Back / Rhomboids,back_inner,"Rhomboids, Mid-traps, Rear delts",5,10–15,90 sec,cables
full_body_4x,Full Body 4×/week,4,advanced,3 of 4,lose,lose,2,full_body_c,Full Body C,3,Cable lateral raise,Shoulders — Side Delt Isolation,shoulders_side_delt,Side deltoids,6,12–20,90 sec,cables
full_body_4x,Full Body 4×/week,4,advanced,3 of 4,lose,lose,2,full_body_c,Full Body C,4,Cable tricep pushdown (rope or bar),Triceps,triceps,Triceps,5,12–15,90 sec,cables
full_body_4x,Full Body 4×/week,4,advanced,3 of 4,lose,lose,2,full_body_c,Full Body C,5,Seated calf raise,Calves,calves,"Gastrocnemius, Soleus",5,10–15,90 sec,machines
full_body_4x,Full Body 4×/week,4,advanced,3 of 4,lose,lose,2,full_body_c,Full Body C,6,Cable crunch,Core — Weighted Ab Training,core,"Rectus abdominis, Obliques",2,12–20,90 sec,cables
full_body_4x,Full Body 4×/week,4,advanced,3 of 4,lose,lose,3,full_body_d,Full Body D,0,Conventional deadlift,Hamstrings and Glutes — Hip Hinge,hip_hinge,"Hamstrings, Glutes, Lower back",3,6–10,2–3 min,barbell
full_body_4x,Full Body 4×/week,4,advanced,3 of 4,lose,lose,3,full_body_d,Full Body D,1,Cable pull-through,Glutes — Compound and Isolation,glute_focused,"Glutes, Glute medius, Adductors",6,10–15,90 sec,cables
full_body_4x,Full Body 4×/week,4,advanced,3 of 4,lose,lose,3,full_body_d,Full Body D,2,Leg extensions,Quads — Isolation,quad_isolation,Quads,4,12–20,90 sec,machines
full_body_4x,Full Body 4×/week,4,advanced,3 of 4,lose,lose,3,full_body_d,Full Body D,3,Barbell overhead press,Shoulders — Vertical Push,shoulders_vertical_push,"Shoulders, Triceps, Upper chest",3,6–10,2–3 min,barbell
full_body_4x,Full Body 4×/week,4,advanced,3 of 4,lose,lose,3,full_body_d,Full Body D,4,Face pull (cable),Rear Delt and Upper Back,rear_delt,"Rear deltoids, External rotators, Upper traps",5,15–20,90 sec,cables
full_body_4x,Full Body 4×/week,4,advanced,3 of 4,lose,lose,3,full_body_d,Full Body D,5,Preacher curl,Biceps,biceps,"Biceps, Brachialis",4,12–15,90 sec,barbell
full_body_4x,Full Body 4×/week,4,advanced,3 of 4,lose,lose,3,full_body_d,Full Body D,6,Seated leg curl,Hamstrings — Isolation,hamstring_isolation,Hamstrings,3,12–15,90 sec,machines
full_body_4x,Full Body 4×/week,4,advanced,4 of 4,endurance,endurance,0,full_body_a,Full Body A,0,Barbell back squat,Quads — Squat Pattern,squat_pattern,"Quads, Glutes, Hamstrings",5,12–20,60 sec,barbell
full_body_4x,Full Body 4×/week,4,advanced,4 of 4,endurance,endurance,0,full_body_a,Full Body A,1,Barbell bench press,Chest — Horizontal Push,chest_horizontal_push,"Chest, Shoulders, Triceps",5,12–20,60 sec,barbell
full_body_4x,Full Body 4×/week,4,advanced,4 of 4,endurance,endurance,0,full_body_a,Full Body A,2,Barbell row,Back — Horizontal Pull (Back Thickness + Inner Back),back_horizontal_pull,"Lats, Rhomboids, Mid-traps, Rear delts, Biceps",6,12–20,60 sec,barbell
full_body_4x,Full Body 4×/week,4,advanced,4 of 4,endurance,endurance,0,full_body_a,Full Body A,3,Cable lateral raise,Shoulders — Side Delt Isolation,shoulders_side_delt,Side deltoids,6,12–20,30–45 sec,cables
full_body_4x,Full Body 4×/week,4,advanced,4 of 4,endurance,endurance,0,full_body_a,Full Body A,4,Overhead tricep extension,Triceps,triceps,Triceps,5,15–25,30–45 sec,cables
full_body_4x,Full Body 4×/week,4,advanced,4 of 4,endurance,endurance,0,full_body_a,Full Body A,5,Standing calf raise,Calves,calves,"Gastrocnemius, Soleus",5,10–15,30–45 sec,machines
full_body_4x,Full Body 4×/week,4,advanced,4 of 4,endurance,endurance,0,full_body_a,Full Body A,6,Cable crunch,Core — Weighted Ab Training,core,"Rectus abdominis, Obliques",3,12–20,30–45 sec,cables
full_body_4x,Full Body 4×/week,4,advanced,4 of 4,endurance,endurance,1,full_body_b,Full Body B,0,Romanian deadlift (barbell),Hamstrings and Glutes — Hip Hinge,hip_hinge,"Hamstrings, Glutes, Lower back",4,12–20,60 sec,barbell
full_body_4x,Full Body 4×/week,4,advanced,4 of 4,endurance,endurance,1,full_body_b,Full Body B,1,Incline barbell press,Chest — Incline Push (Upper Chest),chest_incline_push,"Upper chest, Shoulders, Triceps",5,12–20,60 sec,barbell
full_body_4x,Full Body 4×/week,4,advanced,4 of 4,endurance,endurance,1,full_body_b,Full Body B,2,Pull-up (overhand),Back — Vertical Pull (Lat Width),back_vertical_pull,"Lats, Biceps, Rear delts",5,6–10,60 sec,pullup_bar
full_body_4x,Full Body 4×/week,4,advanced,4 of 4,endurance,endurance,1,full_body_b,Full Body B,3,Face pull (cable),Rear Delt and Upper Back,rear_delt,"Rear deltoids, External rotators, Upper traps",5,15–20,30–45 sec,cables
full_body_4x,Full Body 4×/week,4,advanced,4 of 4,endurance,endurance,1,full_body_b,Full Body B,4,Bayesian cable curl,Biceps,biceps,"Biceps, Brachialis",4,15–25,30–45 sec,cables
full_body_4x,Full Body 4×/week,4,advanced,4 of 4,endurance,endurance,1,full_body_b,Full Body B,5,Walking lunge (long stride),Glutes — Compound and Isolation,glute_focused,"Glutes, Glute medius, Adductors",6,10–15,30–45 sec,bodyweight+dumbbells
full_body_4x,Full Body 4×/week,4,advanced,4 of 4,endurance,endurance,1,full_body_b,Full Body B,6,Cable crunch,Core — Weighted Ab Training,core,"Rectus abdominis, Obliques",3,12–20,30–45 sec,cables
full_body_4x,Full Body 4×/week,4,advanced,4 of 4,endurance,endurance,2,full_body_c,Full Body C,0,45° leg press,Quads — Squat Pattern,squat_pattern,"Quads, Glutes, Hamstrings",5,12–20,60 sec,machines
full_body_4x,Full Body 4×/week,4,advanced,4 of 4,endurance,endurance,2,full_body_c,Full Body C,1,Cable crossover (lower chest),Chest — Decline / Lower Chest,chest_decline,"Lower chest, Mid chest, Triceps",4,15–25,30–45 sec,cables
full_body_4x,Full Body 4×/week,4,advanced,4 of 4,endurance,endurance,2,full_body_c,Full Body C,2,Cable row (wide grip / flared elbows),Back — Inner Back / Rhomboids,back_inner,"Rhomboids, Mid-traps, Rear delts",5,10–15,30–45 sec,cables
full_body_4x,Full Body 4×/week,4,advanced,4 of 4,endurance,endurance,2,full_body_c,Full Body C,3,Cable lateral raise,Shoulders — Side Delt Isolation,shoulders_side_delt,Side deltoids,6,12–20,30–45 sec,cables
full_body_4x,Full Body 4×/week,4,advanced,4 of 4,endurance,endurance,2,full_body_c,Full Body C,4,Cable tricep pushdown (rope or bar),Triceps,triceps,Triceps,5,15–25,30–45 sec,cables
full_body_4x,Full Body 4×/week,4,advanced,4 of 4,endurance,endurance,2,full_body_c,Full Body C,5,Seated calf raise,Calves,calves,"Gastrocnemius, Soleus",5,10–15,30–45 sec,machines
full_body_4x,Full Body 4×/week,4,advanced,4 of 4,endurance,endurance,2,full_body_c,Full Body C,6,Cable crunch,Core — Weighted Ab Training,core,"Rectus abdominis, Obliques",2,12–20,30–45 sec,cables
full_body_4x,Full Body 4×/week,4,advanced,4 of 4,endurance,endurance,3,full_body_d,Full Body D,0,Conventional deadlift,Hamstrings and Glutes — Hip Hinge,hip_hinge,"Hamstrings, Glutes, Lower back",3,12–20,60 sec,barbell
full_body_4x,Full Body 4×/week,4,advanced,4 of 4,endurance,endurance,3,full_body_d,Full Body D,1,Cable pull-through,Glutes — Compound and Isolation,glute_focused,"Glutes, Glute medius, Adductors",6,10–15,30–45 sec,cables
full_body_4x,Full Body 4×/week,4,advanced,4 of 4,endurance,endurance,3,full_body_d,Full Body D,2,Leg extensions,Quads — Isolation,quad_isolation,Quads,4,12–20,30–45 sec,machines
full_body_4x,Full Body 4×/week,4,advanced,4 of 4,endurance,endurance,3,full_body_d,Full Body D,3,Barbell overhead press,Shoulders — Vertical Push,shoulders_vertical_push,"Shoulders, Triceps, Upper chest",3,12–20,60 sec,barbell
full_body_4x,Full Body 4×/week,4,advanced,4 of 4,endurance,endurance,3,full_body_d,Full Body D,4,Face pull (cable),Rear Delt and Upper Back,rear_delt,"Rear deltoids, External rotators, Upper traps",5,15–20,30–45 sec,cables
full_body_4x,Full Body 4×/week,4,advanced,4 of 4,endurance,endurance,3,full_body_d,Full Body D,5,Preacher curl,Biceps,biceps,"Biceps, Brachialis",4,15–25,30–45 sec,barbell
full_body_4x,Full Body 4×/week,4,advanced,4 of 4,endurance,endurance,3,full_body_d,Full Body D,6,Seated leg curl,Hamstrings — Isolation,hamstring_isolation,Hamstrings,3,15–25,30–45 sec,machines
upper_lower_6x,Upper / Lower 6×/week,6,beginner,1 of 4,muscle,muscle | maintain | default | recomp | cut_strength | cut_endurance | powerbuilding | hybrid_muscle | hybrid_strength | powerbuilding_cut | athletic_recomp | athletic_cut | athletic_bulk,0,upper_a,Upper A,0,Barbell bench press,Chest — Horizontal Push,chest_horizontal_push,"Chest, Shoulders, Triceps",2,10–15,90 sec,barbell
upper_lower_6x,Upper / Lower 6×/week,6,beginner,1 of 4,muscle,muscle | maintain | default | recomp | cut_strength | cut_endurance | powerbuilding | hybrid_muscle | hybrid_strength | powerbuilding_cut | athletic_recomp | athletic_cut | athletic_bulk,0,upper_a,Upper A,1,Barbell overhead press,Shoulders — Vertical Push,shoulders_vertical_push,"Shoulders, Triceps, Upper chest",3,10–15,90 sec,barbell
upper_lower_6x,Upper / Lower 6×/week,6,beginner,1 of 4,muscle,muscle | maintain | default | recomp | cut_strength | cut_endurance | powerbuilding | hybrid_muscle | hybrid_strength | powerbuilding_cut | athletic_recomp | athletic_cut | athletic_bulk,0,upper_a,Upper A,2,Barbell row,Back — Horizontal Pull (Back Thickness + Inner Back),back_horizontal_pull,"Lats, Rhomboids, Mid-traps, Rear delts, Biceps",2,10–15,90 sec,barbell
upper_lower_6x,Upper / Lower 6×/week,6,beginner,1 of 4,muscle,muscle | maintain | default | recomp | cut_strength | cut_endurance | powerbuilding | hybrid_muscle | hybrid_strength | powerbuilding_cut | athletic_recomp | athletic_cut | athletic_bulk,0,upper_a,Upper A,3,Cable lateral raise,Shoulders — Side Delt Isolation,shoulders_side_delt,Side deltoids,3,12–20,60 sec,cables
upper_lower_6x,Upper / Lower 6×/week,6,beginner,1 of 4,muscle,muscle | maintain | default | recomp | cut_strength | cut_endurance | powerbuilding | hybrid_muscle | hybrid_strength | powerbuilding_cut | athletic_recomp | athletic_cut | athletic_bulk,0,upper_a,Upper A,4,Overhead tricep extension,Triceps,triceps,Triceps,2,12–15,60 sec,cables
upper_lower_6x,Upper / Lower 6×/week,6,beginner,1 of 4,muscle,muscle | maintain | default | recomp | cut_strength | cut_endurance | powerbuilding | hybrid_muscle | hybrid_strength | powerbuilding_cut | athletic_recomp | athletic_cut | athletic_bulk,0,upper_a,Upper A,5,Bayesian cable curl,Biceps,biceps,"Biceps, Brachialis",2,12–15,60 sec,cables
upper_lower_6x,Upper / Lower 6×/week,6,beginner,1 of 4,muscle,muscle | maintain | default | recomp | cut_strength | cut_endurance | powerbuilding | hybrid_muscle | hybrid_strength | powerbuilding_cut | athletic_recomp | athletic_cut | athletic_bulk,1,lower_a,Lower A,0,Barbell back squat,Quads — Squat Pattern,squat_pattern,"Quads, Glutes, Hamstrings",2,10–15,90 sec,barbell
upper_lower_6x,Upper / Lower 6×/week,6,beginner,1 of 4,muscle,muscle | maintain | default | recomp | cut_strength | cut_endurance | powerbuilding | hybrid_muscle | hybrid_strength | powerbuilding_cut | athletic_recomp | athletic_cut | athletic_bulk,1,lower_a,Lower A,1,Romanian deadlift (barbell),Hamstrings and Glutes — Hip Hinge,hip_hinge,"Hamstrings, Glutes, Lower back",2,10–15,90 sec,barbell
upper_lower_6x,Upper / Lower 6×/week,6,beginner,1 of 4,muscle,muscle | maintain | default | recomp | cut_strength | cut_endurance | powerbuilding | hybrid_muscle | hybrid_strength | powerbuilding_cut | athletic_recomp | athletic_cut | athletic_bulk,1,lower_a,Lower A,2,Walking lunge (long stride),Glutes — Compound and Isolation,glute_focused,"Glutes, Glute medius, Adductors",2,10–15,60 sec,bodyweight+dumbbells
upper_lower_6x,Upper / Lower 6×/week,6,beginner,1 of 4,muscle,muscle | maintain | default | recomp | cut_strength | cut_endurance | powerbuilding | hybrid_muscle | hybrid_strength | powerbuilding_cut | athletic_recomp | athletic_cut | athletic_bulk,1,lower_a,Lower A,3,Leg extensions,Quads — Isolation,quad_isolation,Quads,2,12–20,60 sec,machines
upper_lower_6x,Upper / Lower 6×/week,6,beginner,1 of 4,muscle,muscle | maintain | default | recomp | cut_strength | cut_endurance | powerbuilding | hybrid_muscle | hybrid_strength | powerbuilding_cut | athletic_recomp | athletic_cut | athletic_bulk,1,lower_a,Lower A,4,Standing calf raise,Calves,calves,"Gastrocnemius, Soleus",2,10–15,60 sec,machines
upper_lower_6x,Upper / Lower 6×/week,6,beginner,1 of 4,muscle,muscle | maintain | default | recomp | cut_strength | cut_endurance | powerbuilding | hybrid_muscle | hybrid_strength | powerbuilding_cut | athletic_recomp | athletic_cut | athletic_bulk,1,lower_a,Lower A,5,Cable crunch,Core — Weighted Ab Training,core,"Rectus abdominis, Obliques",2,12–20,60 sec,cables
upper_lower_6x,Upper / Lower 6×/week,6,beginner,1 of 4,muscle,muscle | maintain | default | recomp | cut_strength | cut_endurance | powerbuilding | hybrid_muscle | hybrid_strength | powerbuilding_cut | athletic_recomp | athletic_cut | athletic_bulk,2,upper_b,Upper B,0,Incline barbell press,Chest — Incline Push (Upper Chest),chest_incline_push,"Upper chest, Shoulders, Triceps",2,10–15,90 sec,barbell
upper_lower_6x,Upper / Lower 6×/week,6,beginner,1 of 4,muscle,muscle | maintain | default | recomp | cut_strength | cut_endurance | powerbuilding | hybrid_muscle | hybrid_strength | powerbuilding_cut | athletic_recomp | athletic_cut | athletic_bulk,2,upper_b,Upper B,1,Pull-up (overhand),Back — Vertical Pull (Lat Width),back_vertical_pull,"Lats, Biceps, Rear delts",2,6–10,90 sec,pullup_bar
upper_lower_6x,Upper / Lower 6×/week,6,beginner,1 of 4,muscle,muscle | maintain | default | recomp | cut_strength | cut_endurance | powerbuilding | hybrid_muscle | hybrid_strength | powerbuilding_cut | athletic_recomp | athletic_cut | athletic_bulk,2,upper_b,Upper B,2,Face pull (cable),Rear Delt and Upper Back,rear_delt,"Rear deltoids, External rotators, Upper traps",2,15–20,60 sec,cables
upper_lower_6x,Upper / Lower 6×/week,6,beginner,1 of 4,muscle,muscle | maintain | default | recomp | cut_strength | cut_endurance | powerbuilding | hybrid_muscle | hybrid_strength | powerbuilding_cut | athletic_recomp | athletic_cut | athletic_bulk,2,upper_b,Upper B,3,Preacher curl,Biceps,biceps,"Biceps, Brachialis",2,12–15,60 sec,barbell
upper_lower_6x,Upper / Lower 6×/week,6,beginner,1 of 4,muscle,muscle | maintain | default | recomp | cut_strength | cut_endurance | powerbuilding | hybrid_muscle | hybrid_strength | powerbuilding_cut | athletic_recomp | athletic_cut | athletic_bulk,2,upper_b,Upper B,4,Cable tricep pushdown (rope or bar),Triceps,triceps,Triceps,2,12–15,60 sec,cables
upper_lower_6x,Upper / Lower 6×/week,6,beginner,1 of 4,muscle,muscle | maintain | default | recomp | cut_strength | cut_endurance | powerbuilding | hybrid_muscle | hybrid_strength | powerbuilding_cut | athletic_recomp | athletic_cut | athletic_bulk,2,upper_b,Upper B,5,Cable crunch,Core — Weighted Ab Training,core,"Rectus abdominis, Obliques",2,12–20,60 sec,cables
upper_lower_6x,Upper / Lower 6×/week,6,beginner,1 of 4,muscle,muscle | maintain | default | recomp | cut_strength | cut_endurance | powerbuilding | hybrid_muscle | hybrid_strength | powerbuilding_cut | athletic_recomp | athletic_cut | athletic_bulk,3,lower_b,Lower B,0,45° leg press,Quads — Squat Pattern,squat_pattern,"Quads, Glutes, Hamstrings",2,10–15,90 sec,machines
upper_lower_6x,Upper / Lower 6×/week,6,beginner,1 of 4,muscle,muscle | maintain | default | recomp | cut_strength | cut_endurance | powerbuilding | hybrid_muscle | hybrid_strength | powerbuilding_cut | athletic_recomp | athletic_cut | athletic_bulk,3,lower_b,Lower B,1,Romanian deadlift (barbell),Hamstrings and Glutes — Hip Hinge,hip_hinge,"Hamstrings, Glutes, Lower back",2,10–15,90 sec,barbell
upper_lower_6x,Upper / Lower 6×/week,6,beginner,1 of 4,muscle,muscle | maintain | default | recomp | cut_strength | cut_endurance | powerbuilding | hybrid_muscle | hybrid_strength | powerbuilding_cut | athletic_recomp | athletic_cut | athletic_bulk,3,lower_b,Lower B,2,Seated leg curl,Hamstrings — Isolation,hamstring_isolation,Hamstrings,2,12–15,60 sec,machines
upper_lower_6x,Upper / Lower 6×/week,6,beginner,1 of 4,muscle,muscle | maintain | default | recomp | cut_strength | cut_endurance | powerbuilding | hybrid_muscle | hybrid_strength | powerbuilding_cut | athletic_recomp | athletic_cut | athletic_bulk,3,lower_b,Lower B,3,Seated calf raise,Calves,calves,"Gastrocnemius, Soleus",2,10–15,60 sec,machines
upper_lower_6x,Upper / Lower 6×/week,6,beginner,1 of 4,muscle,muscle | maintain | default | recomp | cut_strength | cut_endurance | powerbuilding | hybrid_muscle | hybrid_strength | powerbuilding_cut | athletic_recomp | athletic_cut | athletic_bulk,3,lower_b,Lower B,4,Cable crunch,Core — Weighted Ab Training,core,"Rectus abdominis, Obliques",2,12–20,60 sec,cables
upper_lower_6x,Upper / Lower 6×/week,6,beginner,1 of 4,muscle,muscle | maintain | default | recomp | cut_strength | cut_endurance | powerbuilding | hybrid_muscle | hybrid_strength | powerbuilding_cut | athletic_recomp | athletic_cut | athletic_bulk,4,upper_c,Upper C,0,Cable crossover (lower chest),Chest — Decline / Lower Chest,chest_decline,"Lower chest, Mid chest, Triceps",2,12–15,60 sec,cables
upper_lower_6x,Upper / Lower 6×/week,6,beginner,1 of 4,muscle,muscle | maintain | default | recomp | cut_strength | cut_endurance | powerbuilding | hybrid_muscle | hybrid_strength | powerbuilding_cut | athletic_recomp | athletic_cut | athletic_bulk,4,upper_c,Upper C,1,Cable row (wide grip / flared elbows),Back — Inner Back / Rhomboids,back_inner,"Rhomboids, Mid-traps, Rear delts",2,10–15,60 sec,cables
upper_lower_6x,Upper / Lower 6×/week,6,beginner,1 of 4,muscle,muscle | maintain | default | recomp | cut_strength | cut_endurance | powerbuilding | hybrid_muscle | hybrid_strength | powerbuilding_cut | athletic_recomp | athletic_cut | athletic_bulk,4,upper_c,Upper C,2,Cable lat pullover (rope or bar),Back — Isolation / Lat Stretch,back_isolation,Lats,2,12–15,60 sec,cables
upper_lower_6x,Upper / Lower 6×/week,6,beginner,1 of 4,muscle,muscle | maintain | default | recomp | cut_strength | cut_endurance | powerbuilding | hybrid_muscle | hybrid_strength | powerbuilding_cut | athletic_recomp | athletic_cut | athletic_bulk,4,upper_c,Upper C,3,Cable lateral raise,Shoulders — Side Delt Isolation,shoulders_side_delt,Side deltoids,2,12–20,60 sec,cables
upper_lower_6x,Upper / Lower 6×/week,6,beginner,1 of 4,muscle,muscle | maintain | default | recomp | cut_strength | cut_endurance | powerbuilding | hybrid_muscle | hybrid_strength | powerbuilding_cut | athletic_recomp | athletic_cut | athletic_bulk,4,upper_c,Upper C,4,Face pull (cable),Rear Delt and Upper Back,rear_delt,"Rear deltoids, External rotators, Upper traps",2,15–20,60 sec,cables
upper_lower_6x,Upper / Lower 6×/week,6,beginner,1 of 4,muscle,muscle | maintain | default | recomp | cut_strength | cut_endurance | powerbuilding | hybrid_muscle | hybrid_strength | powerbuilding_cut | athletic_recomp | athletic_cut | athletic_bulk,4,upper_c,Upper C,5,Overhead tricep extension,Triceps,triceps,Triceps,2,12–15,60 sec,cables
upper_lower_6x,Upper / Lower 6×/week,6,beginner,1 of 4,muscle,muscle | maintain | default | recomp | cut_strength | cut_endurance | powerbuilding | hybrid_muscle | hybrid_strength | powerbuilding_cut | athletic_recomp | athletic_cut | athletic_bulk,5,lower_c,Lower C,0,Cable pull-through,Glutes — Compound and Isolation,glute_focused,"Glutes, Glute medius, Adductors",2,10–15,60 sec,cables
upper_lower_6x,Upper / Lower 6×/week,6,beginner,1 of 4,muscle,muscle | maintain | default | recomp | cut_strength | cut_endurance | powerbuilding | hybrid_muscle | hybrid_strength | powerbuilding_cut | athletic_recomp | athletic_cut | athletic_bulk,5,lower_c,Lower C,1,Walking lunge (long stride),Glutes — Compound and Isolation,glute_focused,"Glutes, Glute medius, Adductors",2,10–15,60 sec,bodyweight+dumbbells
upper_lower_6x,Upper / Lower 6×/week,6,beginner,1 of 4,muscle,muscle | maintain | default | recomp | cut_strength | cut_endurance | powerbuilding | hybrid_muscle | hybrid_strength | powerbuilding_cut | athletic_recomp | athletic_cut | athletic_bulk,5,lower_c,Lower C,2,Leg extensions,Quads — Isolation,quad_isolation,Quads,2,12–20,60 sec,machines
upper_lower_6x,Upper / Lower 6×/week,6,beginner,1 of 4,muscle,muscle | maintain | default | recomp | cut_strength | cut_endurance | powerbuilding | hybrid_muscle | hybrid_strength | powerbuilding_cut | athletic_recomp | athletic_cut | athletic_bulk,5,lower_c,Lower C,3,Seated leg curl,Hamstrings — Isolation,hamstring_isolation,Hamstrings,2,12–15,60 sec,machines
upper_lower_6x,Upper / Lower 6×/week,6,beginner,1 of 4,muscle,muscle | maintain | default | recomp | cut_strength | cut_endurance | powerbuilding | hybrid_muscle | hybrid_strength | powerbuilding_cut | athletic_recomp | athletic_cut | athletic_bulk,5,lower_c,Lower C,4,Standing calf raise,Calves,calves,"Gastrocnemius, Soleus",2,10–15,60 sec,machines
upper_lower_6x,Upper / Lower 6×/week,6,beginner,1 of 4,muscle,muscle | maintain | default | recomp | cut_strength | cut_endurance | powerbuilding | hybrid_muscle | hybrid_strength | powerbuilding_cut | athletic_recomp | athletic_cut | athletic_bulk,5,lower_c,Lower C,5,Cable crunch,Core — Weighted Ab Training,core,"Rectus abdominis, Obliques",2,12–20,60 sec,cables
upper_lower_6x,Upper / Lower 6×/week,6,beginner,2 of 4,strength,strength,0,upper_a,Upper A,0,Barbell bench press,Chest — Horizontal Push,chest_horizontal_push,"Chest, Shoulders, Triceps",2,3–6,3–5 min,barbell
upper_lower_6x,Upper / Lower 6×/week,6,beginner,2 of 4,strength,strength,0,upper_a,Upper A,1,Barbell overhead press,Shoulders — Vertical Push,shoulders_vertical_push,"Shoulders, Triceps, Upper chest",3,3–6,3–5 min,barbell
upper_lower_6x,Upper / Lower 6×/week,6,beginner,2 of 4,strength,strength,0,upper_a,Upper A,2,Barbell row,Back — Horizontal Pull (Back Thickness + Inner Back),back_horizontal_pull,"Lats, Rhomboids, Mid-traps, Rear delts, Biceps",2,3–6,3–5 min,barbell
upper_lower_6x,Upper / Lower 6×/week,6,beginner,2 of 4,strength,strength,0,upper_a,Upper A,3,Cable lateral raise,Shoulders — Side Delt Isolation,shoulders_side_delt,Side deltoids,3,12–20,2 min,cables
upper_lower_6x,Upper / Lower 6×/week,6,beginner,2 of 4,strength,strength,0,upper_a,Upper A,4,Overhead tricep extension,Triceps,triceps,Triceps,2,8–12,2 min,cables
upper_lower_6x,Upper / Lower 6×/week,6,beginner,2 of 4,strength,strength,0,upper_a,Upper A,5,Bayesian cable curl,Biceps,biceps,"Biceps, Brachialis",2,8–12,2 min,cables
upper_lower_6x,Upper / Lower 6×/week,6,beginner,2 of 4,strength,strength,1,lower_a,Lower A,0,Barbell back squat,Quads — Squat Pattern,squat_pattern,"Quads, Glutes, Hamstrings",2,3–6,3–5 min,barbell
upper_lower_6x,Upper / Lower 6×/week,6,beginner,2 of 4,strength,strength,1,lower_a,Lower A,1,Romanian deadlift (barbell),Hamstrings and Glutes — Hip Hinge,hip_hinge,"Hamstrings, Glutes, Lower back",2,3–6,3–5 min,barbell
upper_lower_6x,Upper / Lower 6×/week,6,beginner,2 of 4,strength,strength,1,lower_a,Lower A,2,Walking lunge (long stride),Glutes — Compound and Isolation,glute_focused,"Glutes, Glute medius, Adductors",2,10–15,2 min,bodyweight+dumbbells
upper_lower_6x,Upper / Lower 6×/week,6,beginner,2 of 4,strength,strength,1,lower_a,Lower A,3,Leg extensions,Quads — Isolation,quad_isolation,Quads,2,12–20,2 min,machines
upper_lower_6x,Upper / Lower 6×/week,6,beginner,2 of 4,strength,strength,1,lower_a,Lower A,4,Standing calf raise,Calves,calves,"Gastrocnemius, Soleus",2,10–15,2 min,machines
upper_lower_6x,Upper / Lower 6×/week,6,beginner,2 of 4,strength,strength,1,lower_a,Lower A,5,Cable crunch,Core — Weighted Ab Training,core,"Rectus abdominis, Obliques",2,12–20,2 min,cables
upper_lower_6x,Upper / Lower 6×/week,6,beginner,2 of 4,strength,strength,2,upper_b,Upper B,0,Incline barbell press,Chest — Incline Push (Upper Chest),chest_incline_push,"Upper chest, Shoulders, Triceps",2,3–6,3–5 min,barbell
upper_lower_6x,Upper / Lower 6×/week,6,beginner,2 of 4,strength,strength,2,upper_b,Upper B,1,Pull-up (overhand),Back — Vertical Pull (Lat Width),back_vertical_pull,"Lats, Biceps, Rear delts",2,6–10,3–5 min,pullup_bar
upper_lower_6x,Upper / Lower 6×/week,6,beginner,2 of 4,strength,strength,2,upper_b,Upper B,2,Face pull (cable),Rear Delt and Upper Back,rear_delt,"Rear deltoids, External rotators, Upper traps",2,15–20,2 min,cables
upper_lower_6x,Upper / Lower 6×/week,6,beginner,2 of 4,strength,strength,2,upper_b,Upper B,3,Preacher curl,Biceps,biceps,"Biceps, Brachialis",2,8–12,2 min,barbell
upper_lower_6x,Upper / Lower 6×/week,6,beginner,2 of 4,strength,strength,2,upper_b,Upper B,4,Cable tricep pushdown (rope or bar),Triceps,triceps,Triceps,2,8–12,2 min,cables
upper_lower_6x,Upper / Lower 6×/week,6,beginner,2 of 4,strength,strength,2,upper_b,Upper B,5,Cable crunch,Core — Weighted Ab Training,core,"Rectus abdominis, Obliques",2,12–20,2 min,cables
upper_lower_6x,Upper / Lower 6×/week,6,beginner,2 of 4,strength,strength,3,lower_b,Lower B,0,45° leg press,Quads — Squat Pattern,squat_pattern,"Quads, Glutes, Hamstrings",2,3–6,3–5 min,machines
upper_lower_6x,Upper / Lower 6×/week,6,beginner,2 of 4,strength,strength,3,lower_b,Lower B,1,Romanian deadlift (barbell),Hamstrings and Glutes — Hip Hinge,hip_hinge,"Hamstrings, Glutes, Lower back",2,3–6,3–5 min,barbell
upper_lower_6x,Upper / Lower 6×/week,6,beginner,2 of 4,strength,strength,3,lower_b,Lower B,2,Seated leg curl,Hamstrings — Isolation,hamstring_isolation,Hamstrings,2,8–12,2 min,machines
upper_lower_6x,Upper / Lower 6×/week,6,beginner,2 of 4,strength,strength,3,lower_b,Lower B,3,Seated calf raise,Calves,calves,"Gastrocnemius, Soleus",2,10–15,2 min,machines
upper_lower_6x,Upper / Lower 6×/week,6,beginner,2 of 4,strength,strength,3,lower_b,Lower B,4,Cable crunch,Core — Weighted Ab Training,core,"Rectus abdominis, Obliques",2,12–20,2 min,cables
upper_lower_6x,Upper / Lower 6×/week,6,beginner,2 of 4,strength,strength,4,upper_c,Upper C,0,Cable crossover (lower chest),Chest — Decline / Lower Chest,chest_decline,"Lower chest, Mid chest, Triceps",2,8–12,2 min,cables
upper_lower_6x,Upper / Lower 6×/week,6,beginner,2 of 4,strength,strength,4,upper_c,Upper C,1,Cable row (wide grip / flared elbows),Back — Inner Back / Rhomboids,back_inner,"Rhomboids, Mid-traps, Rear delts",2,10–15,2 min,cables
upper_lower_6x,Upper / Lower 6×/week,6,beginner,2 of 4,strength,strength,4,upper_c,Upper C,2,Cable lat pullover (rope or bar),Back — Isolation / Lat Stretch,back_isolation,Lats,2,8–12,2 min,cables
upper_lower_6x,Upper / Lower 6×/week,6,beginner,2 of 4,strength,strength,4,upper_c,Upper C,3,Cable lateral raise,Shoulders — Side Delt Isolation,shoulders_side_delt,Side deltoids,2,12–20,2 min,cables
upper_lower_6x,Upper / Lower 6×/week,6,beginner,2 of 4,strength,strength,4,upper_c,Upper C,4,Face pull (cable),Rear Delt and Upper Back,rear_delt,"Rear deltoids, External rotators, Upper traps",2,15–20,2 min,cables
upper_lower_6x,Upper / Lower 6×/week,6,beginner,2 of 4,strength,strength,4,upper_c,Upper C,5,Overhead tricep extension,Triceps,triceps,Triceps,2,8–12,2 min,cables
upper_lower_6x,Upper / Lower 6×/week,6,beginner,2 of 4,strength,strength,5,lower_c,Lower C,0,Cable pull-through,Glutes — Compound and Isolation,glute_focused,"Glutes, Glute medius, Adductors",2,10–15,2 min,cables
upper_lower_6x,Upper / Lower 6×/week,6,beginner,2 of 4,strength,strength,5,lower_c,Lower C,1,Walking lunge (long stride),Glutes — Compound and Isolation,glute_focused,"Glutes, Glute medius, Adductors",2,10–15,2 min,bodyweight+dumbbells
upper_lower_6x,Upper / Lower 6×/week,6,beginner,2 of 4,strength,strength,5,lower_c,Lower C,2,Leg extensions,Quads — Isolation,quad_isolation,Quads,2,12–20,2 min,machines
upper_lower_6x,Upper / Lower 6×/week,6,beginner,2 of 4,strength,strength,5,lower_c,Lower C,3,Seated leg curl,Hamstrings — Isolation,hamstring_isolation,Hamstrings,2,8–12,2 min,machines
upper_lower_6x,Upper / Lower 6×/week,6,beginner,2 of 4,strength,strength,5,lower_c,Lower C,4,Standing calf raise,Calves,calves,"Gastrocnemius, Soleus",2,10–15,2 min,machines
upper_lower_6x,Upper / Lower 6×/week,6,beginner,2 of 4,strength,strength,5,lower_c,Lower C,5,Cable crunch,Core — Weighted Ab Training,core,"Rectus abdominis, Obliques",2,12–20,2 min,cables
upper_lower_6x,Upper / Lower 6×/week,6,beginner,3 of 4,lose,lose,0,upper_a,Upper A,0,Barbell bench press,Chest — Horizontal Push,chest_horizontal_push,"Chest, Shoulders, Triceps",2,6–10,2–3 min,barbell
upper_lower_6x,Upper / Lower 6×/week,6,beginner,3 of 4,lose,lose,0,upper_a,Upper A,1,Barbell overhead press,Shoulders — Vertical Push,shoulders_vertical_push,"Shoulders, Triceps, Upper chest",3,6–10,2–3 min,barbell
upper_lower_6x,Upper / Lower 6×/week,6,beginner,3 of 4,lose,lose,0,upper_a,Upper A,2,Barbell row,Back — Horizontal Pull (Back Thickness + Inner Back),back_horizontal_pull,"Lats, Rhomboids, Mid-traps, Rear delts, Biceps",2,6–10,2–3 min,barbell
upper_lower_6x,Upper / Lower 6×/week,6,beginner,3 of 4,lose,lose,0,upper_a,Upper A,3,Cable lateral raise,Shoulders — Side Delt Isolation,shoulders_side_delt,Side deltoids,3,12–20,90 sec,cables
upper_lower_6x,Upper / Lower 6×/week,6,beginner,3 of 4,lose,lose,0,upper_a,Upper A,4,Overhead tricep extension,Triceps,triceps,Triceps,2,12–15,90 sec,cables
upper_lower_6x,Upper / Lower 6×/week,6,beginner,3 of 4,lose,lose,0,upper_a,Upper A,5,Bayesian cable curl,Biceps,biceps,"Biceps, Brachialis",2,12–15,90 sec,cables
upper_lower_6x,Upper / Lower 6×/week,6,beginner,3 of 4,lose,lose,1,lower_a,Lower A,0,Barbell back squat,Quads — Squat Pattern,squat_pattern,"Quads, Glutes, Hamstrings",2,6–10,2–3 min,barbell
upper_lower_6x,Upper / Lower 6×/week,6,beginner,3 of 4,lose,lose,1,lower_a,Lower A,1,Romanian deadlift (barbell),Hamstrings and Glutes — Hip Hinge,hip_hinge,"Hamstrings, Glutes, Lower back",2,6–10,2–3 min,barbell
upper_lower_6x,Upper / Lower 6×/week,6,beginner,3 of 4,lose,lose,1,lower_a,Lower A,2,Walking lunge (long stride),Glutes — Compound and Isolation,glute_focused,"Glutes, Glute medius, Adductors",2,10–15,90 sec,bodyweight+dumbbells
upper_lower_6x,Upper / Lower 6×/week,6,beginner,3 of 4,lose,lose,1,lower_a,Lower A,3,Leg extensions,Quads — Isolation,quad_isolation,Quads,2,12–20,90 sec,machines
upper_lower_6x,Upper / Lower 6×/week,6,beginner,3 of 4,lose,lose,1,lower_a,Lower A,4,Standing calf raise,Calves,calves,"Gastrocnemius, Soleus",2,10–15,90 sec,machines
upper_lower_6x,Upper / Lower 6×/week,6,beginner,3 of 4,lose,lose,1,lower_a,Lower A,5,Cable crunch,Core — Weighted Ab Training,core,"Rectus abdominis, Obliques",2,12–20,90 sec,cables
upper_lower_6x,Upper / Lower 6×/week,6,beginner,3 of 4,lose,lose,2,upper_b,Upper B,0,Incline barbell press,Chest — Incline Push (Upper Chest),chest_incline_push,"Upper chest, Shoulders, Triceps",2,6–10,2–3 min,barbell
upper_lower_6x,Upper / Lower 6×/week,6,beginner,3 of 4,lose,lose,2,upper_b,Upper B,1,Pull-up (overhand),Back — Vertical Pull (Lat Width),back_vertical_pull,"Lats, Biceps, Rear delts",2,6–10,2–3 min,pullup_bar
upper_lower_6x,Upper / Lower 6×/week,6,beginner,3 of 4,lose,lose,2,upper_b,Upper B,2,Face pull (cable),Rear Delt and Upper Back,rear_delt,"Rear deltoids, External rotators, Upper traps",2,15–20,90 sec,cables
upper_lower_6x,Upper / Lower 6×/week,6,beginner,3 of 4,lose,lose,2,upper_b,Upper B,3,Preacher curl,Biceps,biceps,"Biceps, Brachialis",2,12–15,90 sec,barbell
upper_lower_6x,Upper / Lower 6×/week,6,beginner,3 of 4,lose,lose,2,upper_b,Upper B,4,Cable tricep pushdown (rope or bar),Triceps,triceps,Triceps,2,12–15,90 sec,cables
upper_lower_6x,Upper / Lower 6×/week,6,beginner,3 of 4,lose,lose,2,upper_b,Upper B,5,Cable crunch,Core — Weighted Ab Training,core,"Rectus abdominis, Obliques",2,12–20,90 sec,cables
upper_lower_6x,Upper / Lower 6×/week,6,beginner,3 of 4,lose,lose,3,lower_b,Lower B,0,45° leg press,Quads — Squat Pattern,squat_pattern,"Quads, Glutes, Hamstrings",2,6–10,2–3 min,machines
upper_lower_6x,Upper / Lower 6×/week,6,beginner,3 of 4,lose,lose,3,lower_b,Lower B,1,Romanian deadlift (barbell),Hamstrings and Glutes — Hip Hinge,hip_hinge,"Hamstrings, Glutes, Lower back",2,6–10,2–3 min,barbell
upper_lower_6x,Upper / Lower 6×/week,6,beginner,3 of 4,lose,lose,3,lower_b,Lower B,2,Seated leg curl,Hamstrings — Isolation,hamstring_isolation,Hamstrings,2,12–15,90 sec,machines
upper_lower_6x,Upper / Lower 6×/week,6,beginner,3 of 4,lose,lose,3,lower_b,Lower B,3,Seated calf raise,Calves,calves,"Gastrocnemius, Soleus",2,10–15,90 sec,machines
upper_lower_6x,Upper / Lower 6×/week,6,beginner,3 of 4,lose,lose,3,lower_b,Lower B,4,Cable crunch,Core — Weighted Ab Training,core,"Rectus abdominis, Obliques",2,12–20,90 sec,cables
upper_lower_6x,Upper / Lower 6×/week,6,beginner,3 of 4,lose,lose,4,upper_c,Upper C,0,Cable crossover (lower chest),Chest — Decline / Lower Chest,chest_decline,"Lower chest, Mid chest, Triceps",2,12–15,90 sec,cables
upper_lower_6x,Upper / Lower 6×/week,6,beginner,3 of 4,lose,lose,4,upper_c,Upper C,1,Cable row (wide grip / flared elbows),Back — Inner Back / Rhomboids,back_inner,"Rhomboids, Mid-traps, Rear delts",2,10–15,90 sec,cables
upper_lower_6x,Upper / Lower 6×/week,6,beginner,3 of 4,lose,lose,4,upper_c,Upper C,2,Cable lat pullover (rope or bar),Back — Isolation / Lat Stretch,back_isolation,Lats,2,12–15,90 sec,cables
upper_lower_6x,Upper / Lower 6×/week,6,beginner,3 of 4,lose,lose,4,upper_c,Upper C,3,Cable lateral raise,Shoulders — Side Delt Isolation,shoulders_side_delt,Side deltoids,2,12–20,90 sec,cables
upper_lower_6x,Upper / Lower 6×/week,6,beginner,3 of 4,lose,lose,4,upper_c,Upper C,4,Face pull (cable),Rear Delt and Upper Back,rear_delt,"Rear deltoids, External rotators, Upper traps",2,15–20,90 sec,cables
upper_lower_6x,Upper / Lower 6×/week,6,beginner,3 of 4,lose,lose,4,upper_c,Upper C,5,Overhead tricep extension,Triceps,triceps,Triceps,2,12–15,90 sec,cables
upper_lower_6x,Upper / Lower 6×/week,6,beginner,3 of 4,lose,lose,5,lower_c,Lower C,0,Cable pull-through,Glutes — Compound and Isolation,glute_focused,"Glutes, Glute medius, Adductors",2,10–15,90 sec,cables
upper_lower_6x,Upper / Lower 6×/week,6,beginner,3 of 4,lose,lose,5,lower_c,Lower C,1,Walking lunge (long stride),Glutes — Compound and Isolation,glute_focused,"Glutes, Glute medius, Adductors",2,10–15,90 sec,bodyweight+dumbbells
upper_lower_6x,Upper / Lower 6×/week,6,beginner,3 of 4,lose,lose,5,lower_c,Lower C,2,Leg extensions,Quads — Isolation,quad_isolation,Quads,2,12–20,90 sec,machines
upper_lower_6x,Upper / Lower 6×/week,6,beginner,3 of 4,lose,lose,5,lower_c,Lower C,3,Seated leg curl,Hamstrings — Isolation,hamstring_isolation,Hamstrings,2,12–15,90 sec,machines
upper_lower_6x,Upper / Lower 6×/week,6,beginner,3 of 4,lose,lose,5,lower_c,Lower C,4,Standing calf raise,Calves,calves,"Gastrocnemius, Soleus",2,10–15,90 sec,machines
upper_lower_6x,Upper / Lower 6×/week,6,beginner,3 of 4,lose,lose,5,lower_c,Lower C,5,Cable crunch,Core — Weighted Ab Training,core,"Rectus abdominis, Obliques",2,12–20,90 sec,cables
upper_lower_6x,Upper / Lower 6×/week,6,beginner,4 of 4,endurance,endurance,0,upper_a,Upper A,0,Barbell bench press,Chest — Horizontal Push,chest_horizontal_push,"Chest, Shoulders, Triceps",2,12–20,60 sec,barbell
upper_lower_6x,Upper / Lower 6×/week,6,beginner,4 of 4,endurance,endurance,0,upper_a,Upper A,1,Barbell overhead press,Shoulders — Vertical Push,shoulders_vertical_push,"Shoulders, Triceps, Upper chest",3,12–20,60 sec,barbell
upper_lower_6x,Upper / Lower 6×/week,6,beginner,4 of 4,endurance,endurance,0,upper_a,Upper A,2,Barbell row,Back — Horizontal Pull (Back Thickness + Inner Back),back_horizontal_pull,"Lats, Rhomboids, Mid-traps, Rear delts, Biceps",2,12–20,60 sec,barbell
upper_lower_6x,Upper / Lower 6×/week,6,beginner,4 of 4,endurance,endurance,0,upper_a,Upper A,3,Cable lateral raise,Shoulders — Side Delt Isolation,shoulders_side_delt,Side deltoids,3,12–20,30–45 sec,cables
upper_lower_6x,Upper / Lower 6×/week,6,beginner,4 of 4,endurance,endurance,0,upper_a,Upper A,4,Overhead tricep extension,Triceps,triceps,Triceps,2,15–25,30–45 sec,cables
upper_lower_6x,Upper / Lower 6×/week,6,beginner,4 of 4,endurance,endurance,0,upper_a,Upper A,5,Bayesian cable curl,Biceps,biceps,"Biceps, Brachialis",2,15–25,30–45 sec,cables
upper_lower_6x,Upper / Lower 6×/week,6,beginner,4 of 4,endurance,endurance,1,lower_a,Lower A,0,Barbell back squat,Quads — Squat Pattern,squat_pattern,"Quads, Glutes, Hamstrings",2,12–20,60 sec,barbell
upper_lower_6x,Upper / Lower 6×/week,6,beginner,4 of 4,endurance,endurance,1,lower_a,Lower A,1,Romanian deadlift (barbell),Hamstrings and Glutes — Hip Hinge,hip_hinge,"Hamstrings, Glutes, Lower back",2,12–20,60 sec,barbell
upper_lower_6x,Upper / Lower 6×/week,6,beginner,4 of 4,endurance,endurance,1,lower_a,Lower A,2,Walking lunge (long stride),Glutes — Compound and Isolation,glute_focused,"Glutes, Glute medius, Adductors",2,10–15,30–45 sec,bodyweight+dumbbells
upper_lower_6x,Upper / Lower 6×/week,6,beginner,4 of 4,endurance,endurance,1,lower_a,Lower A,3,Leg extensions,Quads — Isolation,quad_isolation,Quads,2,12–20,30–45 sec,machines
upper_lower_6x,Upper / Lower 6×/week,6,beginner,4 of 4,endurance,endurance,1,lower_a,Lower A,4,Standing calf raise,Calves,calves,"Gastrocnemius, Soleus",2,10–15,30–45 sec,machines
upper_lower_6x,Upper / Lower 6×/week,6,beginner,4 of 4,endurance,endurance,1,lower_a,Lower A,5,Cable crunch,Core — Weighted Ab Training,core,"Rectus abdominis, Obliques",2,12–20,30–45 sec,cables
upper_lower_6x,Upper / Lower 6×/week,6,beginner,4 of 4,endurance,endurance,2,upper_b,Upper B,0,Incline barbell press,Chest — Incline Push (Upper Chest),chest_incline_push,"Upper chest, Shoulders, Triceps",2,12–20,60 sec,barbell
upper_lower_6x,Upper / Lower 6×/week,6,beginner,4 of 4,endurance,endurance,2,upper_b,Upper B,1,Pull-up (overhand),Back — Vertical Pull (Lat Width),back_vertical_pull,"Lats, Biceps, Rear delts",2,6–10,60 sec,pullup_bar
upper_lower_6x,Upper / Lower 6×/week,6,beginner,4 of 4,endurance,endurance,2,upper_b,Upper B,2,Face pull (cable),Rear Delt and Upper Back,rear_delt,"Rear deltoids, External rotators, Upper traps",2,15–20,30–45 sec,cables
upper_lower_6x,Upper / Lower 6×/week,6,beginner,4 of 4,endurance,endurance,2,upper_b,Upper B,3,Preacher curl,Biceps,biceps,"Biceps, Brachialis",2,15–25,30–45 sec,barbell
upper_lower_6x,Upper / Lower 6×/week,6,beginner,4 of 4,endurance,endurance,2,upper_b,Upper B,4,Cable tricep pushdown (rope or bar),Triceps,triceps,Triceps,2,15–25,30–45 sec,cables
upper_lower_6x,Upper / Lower 6×/week,6,beginner,4 of 4,endurance,endurance,2,upper_b,Upper B,5,Cable crunch,Core — Weighted Ab Training,core,"Rectus abdominis, Obliques",2,12–20,30–45 sec,cables
upper_lower_6x,Upper / Lower 6×/week,6,beginner,4 of 4,endurance,endurance,3,lower_b,Lower B,0,45° leg press,Quads — Squat Pattern,squat_pattern,"Quads, Glutes, Hamstrings",2,12–20,60 sec,machines
upper_lower_6x,Upper / Lower 6×/week,6,beginner,4 of 4,endurance,endurance,3,lower_b,Lower B,1,Romanian deadlift (barbell),Hamstrings and Glutes — Hip Hinge,hip_hinge,"Hamstrings, Glutes, Lower back",2,12–20,60 sec,barbell
upper_lower_6x,Upper / Lower 6×/week,6,beginner,4 of 4,endurance,endurance,3,lower_b,Lower B,2,Seated leg curl,Hamstrings — Isolation,hamstring_isolation,Hamstrings,2,15–25,30–45 sec,machines
upper_lower_6x,Upper / Lower 6×/week,6,beginner,4 of 4,endurance,endurance,3,lower_b,Lower B,3,Seated calf raise,Calves,calves,"Gastrocnemius, Soleus",2,10–15,30–45 sec,machines
upper_lower_6x,Upper / Lower 6×/week,6,beginner,4 of 4,endurance,endurance,3,lower_b,Lower B,4,Cable crunch,Core — Weighted Ab Training,core,"Rectus abdominis, Obliques",2,12–20,30–45 sec,cables
upper_lower_6x,Upper / Lower 6×/week,6,beginner,4 of 4,endurance,endurance,4,upper_c,Upper C,0,Cable crossover (lower chest),Chest — Decline / Lower Chest,chest_decline,"Lower chest, Mid chest, Triceps",2,15–25,30–45 sec,cables
upper_lower_6x,Upper / Lower 6×/week,6,beginner,4 of 4,endurance,endurance,4,upper_c,Upper C,1,Cable row (wide grip / flared elbows),Back — Inner Back / Rhomboids,back_inner,"Rhomboids, Mid-traps, Rear delts",2,10–15,30–45 sec,cables
upper_lower_6x,Upper / Lower 6×/week,6,beginner,4 of 4,endurance,endurance,4,upper_c,Upper C,2,Cable lat pullover (rope or bar),Back — Isolation / Lat Stretch,back_isolation,Lats,2,15–25,30–45 sec,cables
upper_lower_6x,Upper / Lower 6×/week,6,beginner,4 of 4,endurance,endurance,4,upper_c,Upper C,3,Cable lateral raise,Shoulders — Side Delt Isolation,shoulders_side_delt,Side deltoids,2,12–20,30–45 sec,cables
upper_lower_6x,Upper / Lower 6×/week,6,beginner,4 of 4,endurance,endurance,4,upper_c,Upper C,4,Face pull (cable),Rear Delt and Upper Back,rear_delt,"Rear deltoids, External rotators, Upper traps",2,15–20,30–45 sec,cables
upper_lower_6x,Upper / Lower 6×/week,6,beginner,4 of 4,endurance,endurance,4,upper_c,Upper C,5,Overhead tricep extension,Triceps,triceps,Triceps,2,15–25,30–45 sec,cables
upper_lower_6x,Upper / Lower 6×/week,6,beginner,4 of 4,endurance,endurance,5,lower_c,Lower C,0,Cable pull-through,Glutes — Compound and Isolation,glute_focused,"Glutes, Glute medius, Adductors",2,10–15,30–45 sec,cables
upper_lower_6x,Upper / Lower 6×/week,6,beginner,4 of 4,endurance,endurance,5,lower_c,Lower C,1,Walking lunge (long stride),Glutes — Compound and Isolation,glute_focused,"Glutes, Glute medius, Adductors",2,10–15,30–45 sec,bodyweight+dumbbells
upper_lower_6x,Upper / Lower 6×/week,6,beginner,4 of 4,endurance,endurance,5,lower_c,Lower C,2,Leg extensions,Quads — Isolation,quad_isolation,Quads,2,12–20,30–45 sec,machines
upper_lower_6x,Upper / Lower 6×/week,6,beginner,4 of 4,endurance,endurance,5,lower_c,Lower C,3,Seated leg curl,Hamstrings — Isolation,hamstring_isolation,Hamstrings,2,15–25,30–45 sec,machines
upper_lower_6x,Upper / Lower 6×/week,6,beginner,4 of 4,endurance,endurance,5,lower_c,Lower C,4,Standing calf raise,Calves,calves,"Gastrocnemius, Soleus",2,10–15,30–45 sec,machines
upper_lower_6x,Upper / Lower 6×/week,6,beginner,4 of 4,endurance,endurance,5,lower_c,Lower C,5,Cable crunch,Core — Weighted Ab Training,core,"Rectus abdominis, Obliques",2,12–20,30–45 sec,cables
upper_lower_6x,Upper / Lower 6×/week,6,intermediate,1 of 4,muscle,muscle | maintain | default | recomp | cut_strength | cut_endurance | powerbuilding | hybrid_muscle | hybrid_strength | powerbuilding_cut | athletic_recomp | athletic_cut | athletic_bulk,0,upper_a,Upper A,0,Barbell bench press,Chest — Horizontal Push,chest_horizontal_push,"Chest, Shoulders, Triceps",4,10–15,90 sec,barbell
upper_lower_6x,Upper / Lower 6×/week,6,intermediate,1 of 4,muscle,muscle | maintain | default | recomp | cut_strength | cut_endurance | powerbuilding | hybrid_muscle | hybrid_strength | powerbuilding_cut | athletic_recomp | athletic_cut | athletic_bulk,0,upper_a,Upper A,1,Barbell overhead press,Shoulders — Vertical Push,shoulders_vertical_push,"Shoulders, Triceps, Upper chest",3,10–15,90 sec,barbell
upper_lower_6x,Upper / Lower 6×/week,6,intermediate,1 of 4,muscle,muscle | maintain | default | recomp | cut_strength | cut_endurance | powerbuilding | hybrid_muscle | hybrid_strength | powerbuilding_cut | athletic_recomp | athletic_cut | athletic_bulk,0,upper_a,Upper A,2,Barbell row,Back — Horizontal Pull (Back Thickness + Inner Back),back_horizontal_pull,"Lats, Rhomboids, Mid-traps, Rear delts, Biceps",3,10–15,90 sec,barbell
upper_lower_6x,Upper / Lower 6×/week,6,intermediate,1 of 4,muscle,muscle | maintain | default | recomp | cut_strength | cut_endurance | powerbuilding | hybrid_muscle | hybrid_strength | powerbuilding_cut | athletic_recomp | athletic_cut | athletic_bulk,0,upper_a,Upper A,3,Cable lateral raise,Shoulders — Side Delt Isolation,shoulders_side_delt,Side deltoids,5,12–20,60 sec,cables
upper_lower_6x,Upper / Lower 6×/week,6,intermediate,1 of 4,muscle,muscle | maintain | default | recomp | cut_strength | cut_endurance | powerbuilding | hybrid_muscle | hybrid_strength | powerbuilding_cut | athletic_recomp | athletic_cut | athletic_bulk,0,upper_a,Upper A,4,Overhead tricep extension,Triceps,triceps,Triceps,3,12–15,60 sec,cables
upper_lower_6x,Upper / Lower 6×/week,6,intermediate,1 of 4,muscle,muscle | maintain | default | recomp | cut_strength | cut_endurance | powerbuilding | hybrid_muscle | hybrid_strength | powerbuilding_cut | athletic_recomp | athletic_cut | athletic_bulk,0,upper_a,Upper A,5,Bayesian cable curl,Biceps,biceps,"Biceps, Brachialis",4,12–15,60 sec,cables
upper_lower_6x,Upper / Lower 6×/week,6,intermediate,1 of 4,muscle,muscle | maintain | default | recomp | cut_strength | cut_endurance | powerbuilding | hybrid_muscle | hybrid_strength | powerbuilding_cut | athletic_recomp | athletic_cut | athletic_bulk,1,lower_a,Lower A,0,Barbell back squat,Quads — Squat Pattern,squat_pattern,"Quads, Glutes, Hamstrings",3,10–15,90 sec,barbell
upper_lower_6x,Upper / Lower 6×/week,6,intermediate,1 of 4,muscle,muscle | maintain | default | recomp | cut_strength | cut_endurance | powerbuilding | hybrid_muscle | hybrid_strength | powerbuilding_cut | athletic_recomp | athletic_cut | athletic_bulk,1,lower_a,Lower A,1,Romanian deadlift (barbell),Hamstrings and Glutes — Hip Hinge,hip_hinge,"Hamstrings, Glutes, Lower back",3,10–15,90 sec,barbell
upper_lower_6x,Upper / Lower 6×/week,6,intermediate,1 of 4,muscle,muscle | maintain | default | recomp | cut_strength | cut_endurance | powerbuilding | hybrid_muscle | hybrid_strength | powerbuilding_cut | athletic_recomp | athletic_cut | athletic_bulk,1,lower_a,Lower A,2,Walking lunge (long stride),Glutes — Compound and Isolation,glute_focused,"Glutes, Glute medius, Adductors",3,10–15,60 sec,bodyweight+dumbbells
upper_lower_6x,Upper / Lower 6×/week,6,intermediate,1 of 4,muscle,muscle | maintain | default | recomp | cut_strength | cut_endurance | powerbuilding | hybrid_muscle | hybrid_strength | powerbuilding_cut | athletic_recomp | athletic_cut | athletic_bulk,1,lower_a,Lower A,3,Leg extensions,Quads — Isolation,quad_isolation,Quads,3,12–20,60 sec,machines
upper_lower_6x,Upper / Lower 6×/week,6,intermediate,1 of 4,muscle,muscle | maintain | default | recomp | cut_strength | cut_endurance | powerbuilding | hybrid_muscle | hybrid_strength | powerbuilding_cut | athletic_recomp | athletic_cut | athletic_bulk,1,lower_a,Lower A,4,Standing calf raise,Calves,calves,"Gastrocnemius, Soleus",4,10–15,60 sec,machines
upper_lower_6x,Upper / Lower 6×/week,6,intermediate,1 of 4,muscle,muscle | maintain | default | recomp | cut_strength | cut_endurance | powerbuilding | hybrid_muscle | hybrid_strength | powerbuilding_cut | athletic_recomp | athletic_cut | athletic_bulk,1,lower_a,Lower A,5,Cable crunch,Core — Weighted Ab Training,core,"Rectus abdominis, Obliques",2,12–20,60 sec,cables
upper_lower_6x,Upper / Lower 6×/week,6,intermediate,1 of 4,muscle,muscle | maintain | default | recomp | cut_strength | cut_endurance | powerbuilding | hybrid_muscle | hybrid_strength | powerbuilding_cut | athletic_recomp | athletic_cut | athletic_bulk,2,upper_b,Upper B,0,Incline barbell press,Chest — Incline Push (Upper Chest),chest_incline_push,"Upper chest, Shoulders, Triceps",4,10–15,90 sec,barbell
upper_lower_6x,Upper / Lower 6×/week,6,intermediate,1 of 4,muscle,muscle | maintain | default | recomp | cut_strength | cut_endurance | powerbuilding | hybrid_muscle | hybrid_strength | powerbuilding_cut | athletic_recomp | athletic_cut | athletic_bulk,2,upper_b,Upper B,1,Pull-up (overhand),Back — Vertical Pull (Lat Width),back_vertical_pull,"Lats, Biceps, Rear delts",3,6–10,90 sec,pullup_bar
upper_lower_6x,Upper / Lower 6×/week,6,intermediate,1 of 4,muscle,muscle | maintain | default | recomp | cut_strength | cut_endurance | powerbuilding | hybrid_muscle | hybrid_strength | powerbuilding_cut | athletic_recomp | athletic_cut | athletic_bulk,2,upper_b,Upper B,2,Face pull (cable),Rear Delt and Upper Back,rear_delt,"Rear deltoids, External rotators, Upper traps",4,15–20,60 sec,cables
upper_lower_6x,Upper / Lower 6×/week,6,intermediate,1 of 4,muscle,muscle | maintain | default | recomp | cut_strength | cut_endurance | powerbuilding | hybrid_muscle | hybrid_strength | powerbuilding_cut | athletic_recomp | athletic_cut | athletic_bulk,2,upper_b,Upper B,3,Preacher curl,Biceps,biceps,"Biceps, Brachialis",4,12–15,60 sec,barbell
upper_lower_6x,Upper / Lower 6×/week,6,intermediate,1 of 4,muscle,muscle | maintain | default | recomp | cut_strength | cut_endurance | powerbuilding | hybrid_muscle | hybrid_strength | powerbuilding_cut | athletic_recomp | athletic_cut | athletic_bulk,2,upper_b,Upper B,4,Cable tricep pushdown (rope or bar),Triceps,triceps,Triceps,3,12–15,60 sec,cables
upper_lower_6x,Upper / Lower 6×/week,6,intermediate,1 of 4,muscle,muscle | maintain | default | recomp | cut_strength | cut_endurance | powerbuilding | hybrid_muscle | hybrid_strength | powerbuilding_cut | athletic_recomp | athletic_cut | athletic_bulk,2,upper_b,Upper B,5,Cable crunch,Core — Weighted Ab Training,core,"Rectus abdominis, Obliques",2,12–20,60 sec,cables
upper_lower_6x,Upper / Lower 6×/week,6,intermediate,1 of 4,muscle,muscle | maintain | default | recomp | cut_strength | cut_endurance | powerbuilding | hybrid_muscle | hybrid_strength | powerbuilding_cut | athletic_recomp | athletic_cut | athletic_bulk,3,lower_b,Lower B,0,45° leg press,Quads — Squat Pattern,squat_pattern,"Quads, Glutes, Hamstrings",3,10–15,90 sec,machines
upper_lower_6x,Upper / Lower 6×/week,6,intermediate,1 of 4,muscle,muscle | maintain | default | recomp | cut_strength | cut_endurance | powerbuilding | hybrid_muscle | hybrid_strength | powerbuilding_cut | athletic_recomp | athletic_cut | athletic_bulk,3,lower_b,Lower B,1,Conventional deadlift,Hamstrings and Glutes — Hip Hinge,hip_hinge,"Hamstrings, Glutes, Lower back",3,10–15,90 sec,barbell
upper_lower_6x,Upper / Lower 6×/week,6,intermediate,1 of 4,muscle,muscle | maintain | default | recomp | cut_strength | cut_endurance | powerbuilding | hybrid_muscle | hybrid_strength | powerbuilding_cut | athletic_recomp | athletic_cut | athletic_bulk,3,lower_b,Lower B,2,Seated leg curl,Hamstrings — Isolation,hamstring_isolation,Hamstrings,2,12–15,60 sec,machines
upper_lower_6x,Upper / Lower 6×/week,6,intermediate,1 of 4,muscle,muscle | maintain | default | recomp | cut_strength | cut_endurance | powerbuilding | hybrid_muscle | hybrid_strength | powerbuilding_cut | athletic_recomp | athletic_cut | athletic_bulk,3,lower_b,Lower B,3,Seated calf raise,Calves,calves,"Gastrocnemius, Soleus",3,10–15,60 sec,machines
upper_lower_6x,Upper / Lower 6×/week,6,intermediate,1 of 4,muscle,muscle | maintain | default | recomp | cut_strength | cut_endurance | powerbuilding | hybrid_muscle | hybrid_strength | powerbuilding_cut | athletic_recomp | athletic_cut | athletic_bulk,3,lower_b,Lower B,4,Cable crunch,Core — Weighted Ab Training,core,"Rectus abdominis, Obliques",2,12–20,60 sec,cables
upper_lower_6x,Upper / Lower 6×/week,6,intermediate,1 of 4,muscle,muscle | maintain | default | recomp | cut_strength | cut_endurance | powerbuilding | hybrid_muscle | hybrid_strength | powerbuilding_cut | athletic_recomp | athletic_cut | athletic_bulk,4,upper_c,Upper C,0,Cable crossover (lower chest),Chest — Decline / Lower Chest,chest_decline,"Lower chest, Mid chest, Triceps",4,12–15,60 sec,cables
upper_lower_6x,Upper / Lower 6×/week,6,intermediate,1 of 4,muscle,muscle | maintain | default | recomp | cut_strength | cut_endurance | powerbuilding | hybrid_muscle | hybrid_strength | powerbuilding_cut | athletic_recomp | athletic_cut | athletic_bulk,4,upper_c,Upper C,1,Cable row (wide grip / flared elbows),Back — Inner Back / Rhomboids,back_inner,"Rhomboids, Mid-traps, Rear delts",3,10–15,60 sec,cables
upper_lower_6x,Upper / Lower 6×/week,6,intermediate,1 of 4,muscle,muscle | maintain | default | recomp | cut_strength | cut_endurance | powerbuilding | hybrid_muscle | hybrid_strength | powerbuilding_cut | athletic_recomp | athletic_cut | athletic_bulk,4,upper_c,Upper C,2,Cable lat pullover (rope or bar),Back — Isolation / Lat Stretch,back_isolation,Lats,3,12–15,60 sec,cables
upper_lower_6x,Upper / Lower 6×/week,6,intermediate,1 of 4,muscle,muscle | maintain | default | recomp | cut_strength | cut_endurance | powerbuilding | hybrid_muscle | hybrid_strength | powerbuilding_cut | athletic_recomp | athletic_cut | athletic_bulk,4,upper_c,Upper C,3,Cable lateral raise,Shoulders — Side Delt Isolation,shoulders_side_delt,Side deltoids,5,12–20,60 sec,cables
upper_lower_6x,Upper / Lower 6×/week,6,intermediate,1 of 4,muscle,muscle | maintain | default | recomp | cut_strength | cut_endurance | powerbuilding | hybrid_muscle | hybrid_strength | powerbuilding_cut | athletic_recomp | athletic_cut | athletic_bulk,4,upper_c,Upper C,4,Face pull (cable),Rear Delt and Upper Back,rear_delt,"Rear deltoids, External rotators, Upper traps",4,15–20,60 sec,cables
upper_lower_6x,Upper / Lower 6×/week,6,intermediate,1 of 4,muscle,muscle | maintain | default | recomp | cut_strength | cut_endurance | powerbuilding | hybrid_muscle | hybrid_strength | powerbuilding_cut | athletic_recomp | athletic_cut | athletic_bulk,4,upper_c,Upper C,5,Overhead tricep extension,Triceps,triceps,Triceps,2,12–15,60 sec,cables
upper_lower_6x,Upper / Lower 6×/week,6,intermediate,1 of 4,muscle,muscle | maintain | default | recomp | cut_strength | cut_endurance | powerbuilding | hybrid_muscle | hybrid_strength | powerbuilding_cut | athletic_recomp | athletic_cut | athletic_bulk,5,lower_c,Lower C,0,Cable pull-through,Glutes — Compound and Isolation,glute_focused,"Glutes, Glute medius, Adductors",3,10–15,60 sec,cables
upper_lower_6x,Upper / Lower 6×/week,6,intermediate,1 of 4,muscle,muscle | maintain | default | recomp | cut_strength | cut_endurance | powerbuilding | hybrid_muscle | hybrid_strength | powerbuilding_cut | athletic_recomp | athletic_cut | athletic_bulk,5,lower_c,Lower C,1,Walking lunge (long stride),Glutes — Compound and Isolation,glute_focused,"Glutes, Glute medius, Adductors",2,10–15,60 sec,bodyweight+dumbbells
upper_lower_6x,Upper / Lower 6×/week,6,intermediate,1 of 4,muscle,muscle | maintain | default | recomp | cut_strength | cut_endurance | powerbuilding | hybrid_muscle | hybrid_strength | powerbuilding_cut | athletic_recomp | athletic_cut | athletic_bulk,5,lower_c,Lower C,2,Leg extensions,Quads — Isolation,quad_isolation,Quads,3,12–20,60 sec,machines
upper_lower_6x,Upper / Lower 6×/week,6,intermediate,1 of 4,muscle,muscle | maintain | default | recomp | cut_strength | cut_endurance | powerbuilding | hybrid_muscle | hybrid_strength | powerbuilding_cut | athletic_recomp | athletic_cut | athletic_bulk,5,lower_c,Lower C,3,Seated leg curl,Hamstrings — Isolation,hamstring_isolation,Hamstrings,2,12–15,60 sec,machines
upper_lower_6x,Upper / Lower 6×/week,6,intermediate,1 of 4,muscle,muscle | maintain | default | recomp | cut_strength | cut_endurance | powerbuilding | hybrid_muscle | hybrid_strength | powerbuilding_cut | athletic_recomp | athletic_cut | athletic_bulk,5,lower_c,Lower C,4,Standing calf raise,Calves,calves,"Gastrocnemius, Soleus",3,10–15,60 sec,machines
upper_lower_6x,Upper / Lower 6×/week,6,intermediate,1 of 4,muscle,muscle | maintain | default | recomp | cut_strength | cut_endurance | powerbuilding | hybrid_muscle | hybrid_strength | powerbuilding_cut | athletic_recomp | athletic_cut | athletic_bulk,5,lower_c,Lower C,5,Cable crunch,Core — Weighted Ab Training,core,"Rectus abdominis, Obliques",2,12–20,60 sec,cables
upper_lower_6x,Upper / Lower 6×/week,6,intermediate,2 of 4,strength,strength,0,upper_a,Upper A,0,Barbell bench press,Chest — Horizontal Push,chest_horizontal_push,"Chest, Shoulders, Triceps",4,3–6,3–5 min,barbell
upper_lower_6x,Upper / Lower 6×/week,6,intermediate,2 of 4,strength,strength,0,upper_a,Upper A,1,Barbell overhead press,Shoulders — Vertical Push,shoulders_vertical_push,"Shoulders, Triceps, Upper chest",3,3–6,3–5 min,barbell
upper_lower_6x,Upper / Lower 6×/week,6,intermediate,2 of 4,strength,strength,0,upper_a,Upper A,2,Barbell row,Back — Horizontal Pull (Back Thickness + Inner Back),back_horizontal_pull,"Lats, Rhomboids, Mid-traps, Rear delts, Biceps",3,3–6,3–5 min,barbell
upper_lower_6x,Upper / Lower 6×/week,6,intermediate,2 of 4,strength,strength,0,upper_a,Upper A,3,Cable lateral raise,Shoulders — Side Delt Isolation,shoulders_side_delt,Side deltoids,5,12–20,2 min,cables
upper_lower_6x,Upper / Lower 6×/week,6,intermediate,2 of 4,strength,strength,0,upper_a,Upper A,4,Overhead tricep extension,Triceps,triceps,Triceps,3,8–12,2 min,cables
upper_lower_6x,Upper / Lower 6×/week,6,intermediate,2 of 4,strength,strength,0,upper_a,Upper A,5,Bayesian cable curl,Biceps,biceps,"Biceps, Brachialis",4,8–12,2 min,cables
upper_lower_6x,Upper / Lower 6×/week,6,intermediate,2 of 4,strength,strength,1,lower_a,Lower A,0,Barbell back squat,Quads — Squat Pattern,squat_pattern,"Quads, Glutes, Hamstrings",4,3–6,3–5 min,barbell
upper_lower_6x,Upper / Lower 6×/week,6,intermediate,2 of 4,strength,strength,1,lower_a,Lower A,1,Romanian deadlift (barbell),Hamstrings and Glutes — Hip Hinge,hip_hinge,"Hamstrings, Glutes, Lower back",3,3–6,3–5 min,barbell
upper_lower_6x,Upper / Lower 6×/week,6,intermediate,2 of 4,strength,strength,1,lower_a,Lower A,2,Walking lunge (long stride),Glutes — Compound and Isolation,glute_focused,"Glutes, Glute medius, Adductors",3,10–15,2 min,bodyweight+dumbbells
upper_lower_6x,Upper / Lower 6×/week,6,intermediate,2 of 4,strength,strength,1,lower_a,Lower A,3,Leg extensions,Quads — Isolation,quad_isolation,Quads,2,12–20,2 min,machines
upper_lower_6x,Upper / Lower 6×/week,6,intermediate,2 of 4,strength,strength,1,lower_a,Lower A,4,Standing calf raise,Calves,calves,"Gastrocnemius, Soleus",4,10–15,2 min,machines
upper_lower_6x,Upper / Lower 6×/week,6,intermediate,2 of 4,strength,strength,1,lower_a,Lower A,5,Cable crunch,Core — Weighted Ab Training,core,"Rectus abdominis, Obliques",2,12–20,2 min,cables
upper_lower_6x,Upper / Lower 6×/week,6,intermediate,2 of 4,strength,strength,2,upper_b,Upper B,0,Incline barbell press,Chest — Incline Push (Upper Chest),chest_incline_push,"Upper chest, Shoulders, Triceps",4,3–6,3–5 min,barbell
upper_lower_6x,Upper / Lower 6×/week,6,intermediate,2 of 4,strength,strength,2,upper_b,Upper B,1,Pull-up (overhand),Back — Vertical Pull (Lat Width),back_vertical_pull,"Lats, Biceps, Rear delts",3,6–10,3–5 min,pullup_bar
upper_lower_6x,Upper / Lower 6×/week,6,intermediate,2 of 4,strength,strength,2,upper_b,Upper B,2,Face pull (cable),Rear Delt and Upper Back,rear_delt,"Rear deltoids, External rotators, Upper traps",4,15–20,2 min,cables
upper_lower_6x,Upper / Lower 6×/week,6,intermediate,2 of 4,strength,strength,2,upper_b,Upper B,3,Preacher curl,Biceps,biceps,"Biceps, Brachialis",4,8–12,2 min,barbell
upper_lower_6x,Upper / Lower 6×/week,6,intermediate,2 of 4,strength,strength,2,upper_b,Upper B,4,Cable tricep pushdown (rope or bar),Triceps,triceps,Triceps,3,8–12,2 min,cables
upper_lower_6x,Upper / Lower 6×/week,6,intermediate,2 of 4,strength,strength,2,upper_b,Upper B,5,Cable crunch,Core — Weighted Ab Training,core,"Rectus abdominis, Obliques",2,12–20,2 min,cables
upper_lower_6x,Upper / Lower 6×/week,6,intermediate,2 of 4,strength,strength,3,lower_b,Lower B,0,45° leg press,Quads — Squat Pattern,squat_pattern,"Quads, Glutes, Hamstrings",3,3–6,3–5 min,machines
upper_lower_6x,Upper / Lower 6×/week,6,intermediate,2 of 4,strength,strength,3,lower_b,Lower B,1,Conventional deadlift,Hamstrings and Glutes — Hip Hinge,hip_hinge,"Hamstrings, Glutes, Lower back",3,3–6,3–5 min,barbell
upper_lower_6x,Upper / Lower 6×/week,6,intermediate,2 of 4,strength,strength,3,lower_b,Lower B,2,Seated leg curl,Hamstrings — Isolation,hamstring_isolation,Hamstrings,2,8–12,2 min,machines
upper_lower_6x,Upper / Lower 6×/week,6,intermediate,2 of 4,strength,strength,3,lower_b,Lower B,3,Seated calf raise,Calves,calves,"Gastrocnemius, Soleus",3,10–15,2 min,machines
upper_lower_6x,Upper / Lower 6×/week,6,intermediate,2 of 4,strength,strength,3,lower_b,Lower B,4,Cable crunch,Core — Weighted Ab Training,core,"Rectus abdominis, Obliques",2,12–20,2 min,cables
upper_lower_6x,Upper / Lower 6×/week,6,intermediate,2 of 4,strength,strength,4,upper_c,Upper C,0,Cable crossover (lower chest),Chest — Decline / Lower Chest,chest_decline,"Lower chest, Mid chest, Triceps",4,8–12,2 min,cables
upper_lower_6x,Upper / Lower 6×/week,6,intermediate,2 of 4,strength,strength,4,upper_c,Upper C,1,Cable row (wide grip / flared elbows),Back — Inner Back / Rhomboids,back_inner,"Rhomboids, Mid-traps, Rear delts",3,10–15,2 min,cables
upper_lower_6x,Upper / Lower 6×/week,6,intermediate,2 of 4,strength,strength,4,upper_c,Upper C,2,Cable lat pullover (rope or bar),Back — Isolation / Lat Stretch,back_isolation,Lats,3,8–12,2 min,cables
upper_lower_6x,Upper / Lower 6×/week,6,intermediate,2 of 4,strength,strength,4,upper_c,Upper C,3,Cable lateral raise,Shoulders — Side Delt Isolation,shoulders_side_delt,Side deltoids,5,12–20,2 min,cables
upper_lower_6x,Upper / Lower 6×/week,6,intermediate,2 of 4,strength,strength,4,upper_c,Upper C,4,Face pull (cable),Rear Delt and Upper Back,rear_delt,"Rear deltoids, External rotators, Upper traps",4,15–20,2 min,cables
upper_lower_6x,Upper / Lower 6×/week,6,intermediate,2 of 4,strength,strength,4,upper_c,Upper C,5,Overhead tricep extension,Triceps,triceps,Triceps,2,8–12,2 min,cables
upper_lower_6x,Upper / Lower 6×/week,6,intermediate,2 of 4,strength,strength,5,lower_c,Lower C,0,Cable pull-through,Glutes — Compound and Isolation,glute_focused,"Glutes, Glute medius, Adductors",3,10–15,2 min,cables
upper_lower_6x,Upper / Lower 6×/week,6,intermediate,2 of 4,strength,strength,5,lower_c,Lower C,1,Walking lunge (long stride),Glutes — Compound and Isolation,glute_focused,"Glutes, Glute medius, Adductors",2,10–15,2 min,bodyweight+dumbbells
upper_lower_6x,Upper / Lower 6×/week,6,intermediate,2 of 4,strength,strength,5,lower_c,Lower C,2,Leg extensions,Quads — Isolation,quad_isolation,Quads,3,12–20,2 min,machines
upper_lower_6x,Upper / Lower 6×/week,6,intermediate,2 of 4,strength,strength,5,lower_c,Lower C,3,Seated leg curl,Hamstrings — Isolation,hamstring_isolation,Hamstrings,2,8–12,2 min,machines
upper_lower_6x,Upper / Lower 6×/week,6,intermediate,2 of 4,strength,strength,5,lower_c,Lower C,4,Standing calf raise,Calves,calves,"Gastrocnemius, Soleus",3,10–15,2 min,machines
upper_lower_6x,Upper / Lower 6×/week,6,intermediate,2 of 4,strength,strength,5,lower_c,Lower C,5,Cable crunch,Core — Weighted Ab Training,core,"Rectus abdominis, Obliques",2,12–20,2 min,cables
upper_lower_6x,Upper / Lower 6×/week,6,intermediate,3 of 4,lose,lose,0,upper_a,Upper A,0,Barbell bench press,Chest — Horizontal Push,chest_horizontal_push,"Chest, Shoulders, Triceps",4,6–10,2–3 min,barbell
upper_lower_6x,Upper / Lower 6×/week,6,intermediate,3 of 4,lose,lose,0,upper_a,Upper A,1,Barbell overhead press,Shoulders — Vertical Push,shoulders_vertical_push,"Shoulders, Triceps, Upper chest",3,6–10,2–3 min,barbell
upper_lower_6x,Upper / Lower 6×/week,6,intermediate,3 of 4,lose,lose,0,upper_a,Upper A,2,Barbell row,Back — Horizontal Pull (Back Thickness + Inner Back),back_horizontal_pull,"Lats, Rhomboids, Mid-traps, Rear delts, Biceps",3,6–10,2–3 min,barbell
upper_lower_6x,Upper / Lower 6×/week,6,intermediate,3 of 4,lose,lose,0,upper_a,Upper A,3,Cable lateral raise,Shoulders — Side Delt Isolation,shoulders_side_delt,Side deltoids,5,12–20,90 sec,cables
upper_lower_6x,Upper / Lower 6×/week,6,intermediate,3 of 4,lose,lose,0,upper_a,Upper A,4,Overhead tricep extension,Triceps,triceps,Triceps,3,12–15,90 sec,cables
upper_lower_6x,Upper / Lower 6×/week,6,intermediate,3 of 4,lose,lose,0,upper_a,Upper A,5,Bayesian cable curl,Biceps,biceps,"Biceps, Brachialis",4,12–15,90 sec,cables
upper_lower_6x,Upper / Lower 6×/week,6,intermediate,3 of 4,lose,lose,1,lower_a,Lower A,0,Barbell back squat,Quads — Squat Pattern,squat_pattern,"Quads, Glutes, Hamstrings",3,6–10,2–3 min,barbell
upper_lower_6x,Upper / Lower 6×/week,6,intermediate,3 of 4,lose,lose,1,lower_a,Lower A,1,Romanian deadlift (barbell),Hamstrings and Glutes — Hip Hinge,hip_hinge,"Hamstrings, Glutes, Lower back",3,6–10,2–3 min,barbell
upper_lower_6x,Upper / Lower 6×/week,6,intermediate,3 of 4,lose,lose,1,lower_a,Lower A,2,Walking lunge (long stride),Glutes — Compound and Isolation,glute_focused,"Glutes, Glute medius, Adductors",3,10–15,90 sec,bodyweight+dumbbells
upper_lower_6x,Upper / Lower 6×/week,6,intermediate,3 of 4,lose,lose,1,lower_a,Lower A,3,Leg extensions,Quads — Isolation,quad_isolation,Quads,3,12–20,90 sec,machines
upper_lower_6x,Upper / Lower 6×/week,6,intermediate,3 of 4,lose,lose,1,lower_a,Lower A,4,Standing calf raise,Calves,calves,"Gastrocnemius, Soleus",4,10–15,90 sec,machines
upper_lower_6x,Upper / Lower 6×/week,6,intermediate,3 of 4,lose,lose,1,lower_a,Lower A,5,Cable crunch,Core — Weighted Ab Training,core,"Rectus abdominis, Obliques",2,12–20,90 sec,cables
upper_lower_6x,Upper / Lower 6×/week,6,intermediate,3 of 4,lose,lose,2,upper_b,Upper B,0,Incline barbell press,Chest — Incline Push (Upper Chest),chest_incline_push,"Upper chest, Shoulders, Triceps",4,6–10,2–3 min,barbell
upper_lower_6x,Upper / Lower 6×/week,6,intermediate,3 of 4,lose,lose,2,upper_b,Upper B,1,Pull-up (overhand),Back — Vertical Pull (Lat Width),back_vertical_pull,"Lats, Biceps, Rear delts",3,6–10,2–3 min,pullup_bar
upper_lower_6x,Upper / Lower 6×/week,6,intermediate,3 of 4,lose,lose,2,upper_b,Upper B,2,Face pull (cable),Rear Delt and Upper Back,rear_delt,"Rear deltoids, External rotators, Upper traps",4,15–20,90 sec,cables
upper_lower_6x,Upper / Lower 6×/week,6,intermediate,3 of 4,lose,lose,2,upper_b,Upper B,3,Preacher curl,Biceps,biceps,"Biceps, Brachialis",4,12–15,90 sec,barbell
upper_lower_6x,Upper / Lower 6×/week,6,intermediate,3 of 4,lose,lose,2,upper_b,Upper B,4,Cable tricep pushdown (rope or bar),Triceps,triceps,Triceps,3,12–15,90 sec,cables
upper_lower_6x,Upper / Lower 6×/week,6,intermediate,3 of 4,lose,lose,2,upper_b,Upper B,5,Cable crunch,Core — Weighted Ab Training,core,"Rectus abdominis, Obliques",2,12–20,90 sec,cables
upper_lower_6x,Upper / Lower 6×/week,6,intermediate,3 of 4,lose,lose,3,lower_b,Lower B,0,45° leg press,Quads — Squat Pattern,squat_pattern,"Quads, Glutes, Hamstrings",3,6–10,2–3 min,machines
upper_lower_6x,Upper / Lower 6×/week,6,intermediate,3 of 4,lose,lose,3,lower_b,Lower B,1,Conventional deadlift,Hamstrings and Glutes — Hip Hinge,hip_hinge,"Hamstrings, Glutes, Lower back",3,6–10,2–3 min,barbell
upper_lower_6x,Upper / Lower 6×/week,6,intermediate,3 of 4,lose,lose,3,lower_b,Lower B,2,Seated leg curl,Hamstrings — Isolation,hamstring_isolation,Hamstrings,2,12–15,90 sec,machines
upper_lower_6x,Upper / Lower 6×/week,6,intermediate,3 of 4,lose,lose,3,lower_b,Lower B,3,Seated calf raise,Calves,calves,"Gastrocnemius, Soleus",3,10–15,90 sec,machines
upper_lower_6x,Upper / Lower 6×/week,6,intermediate,3 of 4,lose,lose,3,lower_b,Lower B,4,Cable crunch,Core — Weighted Ab Training,core,"Rectus abdominis, Obliques",2,12–20,90 sec,cables
upper_lower_6x,Upper / Lower 6×/week,6,intermediate,3 of 4,lose,lose,4,upper_c,Upper C,0,Cable crossover (lower chest),Chest — Decline / Lower Chest,chest_decline,"Lower chest, Mid chest, Triceps",4,12–15,90 sec,cables
upper_lower_6x,Upper / Lower 6×/week,6,intermediate,3 of 4,lose,lose,4,upper_c,Upper C,1,Cable row (wide grip / flared elbows),Back — Inner Back / Rhomboids,back_inner,"Rhomboids, Mid-traps, Rear delts",3,10–15,90 sec,cables
upper_lower_6x,Upper / Lower 6×/week,6,intermediate,3 of 4,lose,lose,4,upper_c,Upper C,2,Cable lat pullover (rope or bar),Back — Isolation / Lat Stretch,back_isolation,Lats,3,12–15,90 sec,cables
upper_lower_6x,Upper / Lower 6×/week,6,intermediate,3 of 4,lose,lose,4,upper_c,Upper C,3,Cable lateral raise,Shoulders — Side Delt Isolation,shoulders_side_delt,Side deltoids,5,12–20,90 sec,cables
upper_lower_6x,Upper / Lower 6×/week,6,intermediate,3 of 4,lose,lose,4,upper_c,Upper C,4,Face pull (cable),Rear Delt and Upper Back,rear_delt,"Rear deltoids, External rotators, Upper traps",4,15–20,90 sec,cables
upper_lower_6x,Upper / Lower 6×/week,6,intermediate,3 of 4,lose,lose,4,upper_c,Upper C,5,Overhead tricep extension,Triceps,triceps,Triceps,2,12–15,90 sec,cables
upper_lower_6x,Upper / Lower 6×/week,6,intermediate,3 of 4,lose,lose,5,lower_c,Lower C,0,Cable pull-through,Glutes — Compound and Isolation,glute_focused,"Glutes, Glute medius, Adductors",3,10–15,90 sec,cables
upper_lower_6x,Upper / Lower 6×/week,6,intermediate,3 of 4,lose,lose,5,lower_c,Lower C,1,Walking lunge (long stride),Glutes — Compound and Isolation,glute_focused,"Glutes, Glute medius, Adductors",2,10–15,90 sec,bodyweight+dumbbells
upper_lower_6x,Upper / Lower 6×/week,6,intermediate,3 of 4,lose,lose,5,lower_c,Lower C,2,Leg extensions,Quads — Isolation,quad_isolation,Quads,3,12–20,90 sec,machines
upper_lower_6x,Upper / Lower 6×/week,6,intermediate,3 of 4,lose,lose,5,lower_c,Lower C,3,Seated leg curl,Hamstrings — Isolation,hamstring_isolation,Hamstrings,2,12–15,90 sec,machines
upper_lower_6x,Upper / Lower 6×/week,6,intermediate,3 of 4,lose,lose,5,lower_c,Lower C,4,Standing calf raise,Calves,calves,"Gastrocnemius, Soleus",3,10–15,90 sec,machines
upper_lower_6x,Upper / Lower 6×/week,6,intermediate,3 of 4,lose,lose,5,lower_c,Lower C,5,Cable crunch,Core — Weighted Ab Training,core,"Rectus abdominis, Obliques",2,12–20,90 sec,cables
upper_lower_6x,Upper / Lower 6×/week,6,intermediate,4 of 4,endurance,endurance,0,upper_a,Upper A,0,Barbell bench press,Chest — Horizontal Push,chest_horizontal_push,"Chest, Shoulders, Triceps",4,12–20,60 sec,barbell
upper_lower_6x,Upper / Lower 6×/week,6,intermediate,4 of 4,endurance,endurance,0,upper_a,Upper A,1,Barbell overhead press,Shoulders — Vertical Push,shoulders_vertical_push,"Shoulders, Triceps, Upper chest",3,12–20,60 sec,barbell
upper_lower_6x,Upper / Lower 6×/week,6,intermediate,4 of 4,endurance,endurance,0,upper_a,Upper A,2,Barbell row,Back — Horizontal Pull (Back Thickness + Inner Back),back_horizontal_pull,"Lats, Rhomboids, Mid-traps, Rear delts, Biceps",3,12–20,60 sec,barbell
upper_lower_6x,Upper / Lower 6×/week,6,intermediate,4 of 4,endurance,endurance,0,upper_a,Upper A,3,Cable lateral raise,Shoulders — Side Delt Isolation,shoulders_side_delt,Side deltoids,5,12–20,30–45 sec,cables
upper_lower_6x,Upper / Lower 6×/week,6,intermediate,4 of 4,endurance,endurance,0,upper_a,Upper A,4,Overhead tricep extension,Triceps,triceps,Triceps,3,15–25,30–45 sec,cables
upper_lower_6x,Upper / Lower 6×/week,6,intermediate,4 of 4,endurance,endurance,0,upper_a,Upper A,5,Bayesian cable curl,Biceps,biceps,"Biceps, Brachialis",4,15–25,30–45 sec,cables
upper_lower_6x,Upper / Lower 6×/week,6,intermediate,4 of 4,endurance,endurance,1,lower_a,Lower A,0,Barbell back squat,Quads — Squat Pattern,squat_pattern,"Quads, Glutes, Hamstrings",3,12–20,60 sec,barbell
upper_lower_6x,Upper / Lower 6×/week,6,intermediate,4 of 4,endurance,endurance,1,lower_a,Lower A,1,Romanian deadlift (barbell),Hamstrings and Glutes — Hip Hinge,hip_hinge,"Hamstrings, Glutes, Lower back",3,12–20,60 sec,barbell
upper_lower_6x,Upper / Lower 6×/week,6,intermediate,4 of 4,endurance,endurance,1,lower_a,Lower A,2,Walking lunge (long stride),Glutes — Compound and Isolation,glute_focused,"Glutes, Glute medius, Adductors",3,10–15,30–45 sec,bodyweight+dumbbells
upper_lower_6x,Upper / Lower 6×/week,6,intermediate,4 of 4,endurance,endurance,1,lower_a,Lower A,3,Leg extensions,Quads — Isolation,quad_isolation,Quads,3,12–20,30–45 sec,machines
upper_lower_6x,Upper / Lower 6×/week,6,intermediate,4 of 4,endurance,endurance,1,lower_a,Lower A,4,Standing calf raise,Calves,calves,"Gastrocnemius, Soleus",4,10–15,30–45 sec,machines
upper_lower_6x,Upper / Lower 6×/week,6,intermediate,4 of 4,endurance,endurance,1,lower_a,Lower A,5,Cable crunch,Core — Weighted Ab Training,core,"Rectus abdominis, Obliques",2,12–20,30–45 sec,cables
upper_lower_6x,Upper / Lower 6×/week,6,intermediate,4 of 4,endurance,endurance,2,upper_b,Upper B,0,Incline barbell press,Chest — Incline Push (Upper Chest),chest_incline_push,"Upper chest, Shoulders, Triceps",4,12–20,60 sec,barbell
upper_lower_6x,Upper / Lower 6×/week,6,intermediate,4 of 4,endurance,endurance,2,upper_b,Upper B,1,Pull-up (overhand),Back — Vertical Pull (Lat Width),back_vertical_pull,"Lats, Biceps, Rear delts",3,6–10,60 sec,pullup_bar
upper_lower_6x,Upper / Lower 6×/week,6,intermediate,4 of 4,endurance,endurance,2,upper_b,Upper B,2,Face pull (cable),Rear Delt and Upper Back,rear_delt,"Rear deltoids, External rotators, Upper traps",4,15–20,30–45 sec,cables
upper_lower_6x,Upper / Lower 6×/week,6,intermediate,4 of 4,endurance,endurance,2,upper_b,Upper B,3,Preacher curl,Biceps,biceps,"Biceps, Brachialis",4,15–25,30–45 sec,barbell
upper_lower_6x,Upper / Lower 6×/week,6,intermediate,4 of 4,endurance,endurance,2,upper_b,Upper B,4,Cable tricep pushdown (rope or bar),Triceps,triceps,Triceps,3,15–25,30–45 sec,cables
upper_lower_6x,Upper / Lower 6×/week,6,intermediate,4 of 4,endurance,endurance,2,upper_b,Upper B,5,Cable crunch,Core — Weighted Ab Training,core,"Rectus abdominis, Obliques",2,12–20,30–45 sec,cables
upper_lower_6x,Upper / Lower 6×/week,6,intermediate,4 of 4,endurance,endurance,3,lower_b,Lower B,0,45° leg press,Quads — Squat Pattern,squat_pattern,"Quads, Glutes, Hamstrings",3,12–20,60 sec,machines
upper_lower_6x,Upper / Lower 6×/week,6,intermediate,4 of 4,endurance,endurance,3,lower_b,Lower B,1,Conventional deadlift,Hamstrings and Glutes — Hip Hinge,hip_hinge,"Hamstrings, Glutes, Lower back",3,12–20,60 sec,barbell
upper_lower_6x,Upper / Lower 6×/week,6,intermediate,4 of 4,endurance,endurance,3,lower_b,Lower B,2,Seated leg curl,Hamstrings — Isolation,hamstring_isolation,Hamstrings,2,15–25,30–45 sec,machines
upper_lower_6x,Upper / Lower 6×/week,6,intermediate,4 of 4,endurance,endurance,3,lower_b,Lower B,3,Seated calf raise,Calves,calves,"Gastrocnemius, Soleus",3,10–15,30–45 sec,machines
upper_lower_6x,Upper / Lower 6×/week,6,intermediate,4 of 4,endurance,endurance,3,lower_b,Lower B,4,Cable crunch,Core — Weighted Ab Training,core,"Rectus abdominis, Obliques",2,12–20,30–45 sec,cables
upper_lower_6x,Upper / Lower 6×/week,6,intermediate,4 of 4,endurance,endurance,4,upper_c,Upper C,0,Cable crossover (lower chest),Chest — Decline / Lower Chest,chest_decline,"Lower chest, Mid chest, Triceps",4,15–25,30–45 sec,cables
upper_lower_6x,Upper / Lower 6×/week,6,intermediate,4 of 4,endurance,endurance,4,upper_c,Upper C,1,Cable row (wide grip / flared elbows),Back — Inner Back / Rhomboids,back_inner,"Rhomboids, Mid-traps, Rear delts",3,10–15,30–45 sec,cables
upper_lower_6x,Upper / Lower 6×/week,6,intermediate,4 of 4,endurance,endurance,4,upper_c,Upper C,2,Cable lat pullover (rope or bar),Back — Isolation / Lat Stretch,back_isolation,Lats,3,15–25,30–45 sec,cables
upper_lower_6x,Upper / Lower 6×/week,6,intermediate,4 of 4,endurance,endurance,4,upper_c,Upper C,3,Cable lateral raise,Shoulders — Side Delt Isolation,shoulders_side_delt,Side deltoids,5,12–20,30–45 sec,cables
upper_lower_6x,Upper / Lower 6×/week,6,intermediate,4 of 4,endurance,endurance,4,upper_c,Upper C,4,Face pull (cable),Rear Delt and Upper Back,rear_delt,"Rear deltoids, External rotators, Upper traps",4,15–20,30–45 sec,cables
upper_lower_6x,Upper / Lower 6×/week,6,intermediate,4 of 4,endurance,endurance,4,upper_c,Upper C,5,Overhead tricep extension,Triceps,triceps,Triceps,2,15–25,30–45 sec,cables
upper_lower_6x,Upper / Lower 6×/week,6,intermediate,4 of 4,endurance,endurance,5,lower_c,Lower C,0,Cable pull-through,Glutes — Compound and Isolation,glute_focused,"Glutes, Glute medius, Adductors",3,10–15,30–45 sec,cables
upper_lower_6x,Upper / Lower 6×/week,6,intermediate,4 of 4,endurance,endurance,5,lower_c,Lower C,1,Walking lunge (long stride),Glutes — Compound and Isolation,glute_focused,"Glutes, Glute medius, Adductors",2,10–15,30–45 sec,bodyweight+dumbbells
upper_lower_6x,Upper / Lower 6×/week,6,intermediate,4 of 4,endurance,endurance,5,lower_c,Lower C,2,Leg extensions,Quads — Isolation,quad_isolation,Quads,3,12–20,30–45 sec,machines
upper_lower_6x,Upper / Lower 6×/week,6,intermediate,4 of 4,endurance,endurance,5,lower_c,Lower C,3,Seated leg curl,Hamstrings — Isolation,hamstring_isolation,Hamstrings,2,15–25,30–45 sec,machines
upper_lower_6x,Upper / Lower 6×/week,6,intermediate,4 of 4,endurance,endurance,5,lower_c,Lower C,4,Standing calf raise,Calves,calves,"Gastrocnemius, Soleus",3,10–15,30–45 sec,machines
upper_lower_6x,Upper / Lower 6×/week,6,intermediate,4 of 4,endurance,endurance,5,lower_c,Lower C,5,Cable crunch,Core — Weighted Ab Training,core,"Rectus abdominis, Obliques",2,12–20,30–45 sec,cables
upper_lower_6x,Upper / Lower 6×/week,6,advanced,1 of 4,muscle,muscle | maintain | default | recomp | cut_strength | cut_endurance | powerbuilding | hybrid_muscle | hybrid_strength | powerbuilding_cut | athletic_recomp | athletic_cut | athletic_bulk,0,upper_a,Upper A,0,Barbell bench press,Chest — Horizontal Push,chest_horizontal_push,"Chest, Shoulders, Triceps",5,10–15,90 sec,barbell
upper_lower_6x,Upper / Lower 6×/week,6,advanced,1 of 4,muscle,muscle | maintain | default | recomp | cut_strength | cut_endurance | powerbuilding | hybrid_muscle | hybrid_strength | powerbuilding_cut | athletic_recomp | athletic_cut | athletic_bulk,0,upper_a,Upper A,1,Barbell overhead press,Shoulders — Vertical Push,shoulders_vertical_push,"Shoulders, Triceps, Upper chest",3,10–15,90 sec,barbell
upper_lower_6x,Upper / Lower 6×/week,6,advanced,1 of 4,muscle,muscle | maintain | default | recomp | cut_strength | cut_endurance | powerbuilding | hybrid_muscle | hybrid_strength | powerbuilding_cut | athletic_recomp | athletic_cut | athletic_bulk,0,upper_a,Upper A,2,Barbell row,Back — Horizontal Pull (Back Thickness + Inner Back),back_horizontal_pull,"Lats, Rhomboids, Mid-traps, Rear delts, Biceps",4,10–15,90 sec,barbell
upper_lower_6x,Upper / Lower 6×/week,6,advanced,1 of 4,muscle,muscle | maintain | default | recomp | cut_strength | cut_endurance | powerbuilding | hybrid_muscle | hybrid_strength | powerbuilding_cut | athletic_recomp | athletic_cut | athletic_bulk,0,upper_a,Upper A,3,Cable lateral raise,Shoulders — Side Delt Isolation,shoulders_side_delt,Side deltoids,6,12–20,60 sec,cables
upper_lower_6x,Upper / Lower 6×/week,6,advanced,1 of 4,muscle,muscle | maintain | default | recomp | cut_strength | cut_endurance | powerbuilding | hybrid_muscle | hybrid_strength | powerbuilding_cut | athletic_recomp | athletic_cut | athletic_bulk,0,upper_a,Upper A,4,Overhead tricep extension,Triceps,triceps,Triceps,4,12–15,60 sec,cables
upper_lower_6x,Upper / Lower 6×/week,6,advanced,1 of 4,muscle,muscle | maintain | default | recomp | cut_strength | cut_endurance | powerbuilding | hybrid_muscle | hybrid_strength | powerbuilding_cut | athletic_recomp | athletic_cut | athletic_bulk,0,upper_a,Upper A,5,Bayesian cable curl,Biceps,biceps,"Biceps, Brachialis",4,12–15,60 sec,cables
upper_lower_6x,Upper / Lower 6×/week,6,advanced,1 of 4,muscle,muscle | maintain | default | recomp | cut_strength | cut_endurance | powerbuilding | hybrid_muscle | hybrid_strength | powerbuilding_cut | athletic_recomp | athletic_cut | athletic_bulk,1,lower_a,Lower A,0,Barbell back squat,Quads — Squat Pattern,squat_pattern,"Quads, Glutes, Hamstrings",4,10–15,90 sec,barbell
upper_lower_6x,Upper / Lower 6×/week,6,advanced,1 of 4,muscle,muscle | maintain | default | recomp | cut_strength | cut_endurance | powerbuilding | hybrid_muscle | hybrid_strength | powerbuilding_cut | athletic_recomp | athletic_cut | athletic_bulk,1,lower_a,Lower A,1,Romanian deadlift (barbell),Hamstrings and Glutes — Hip Hinge,hip_hinge,"Hamstrings, Glutes, Lower back",3,10–15,90 sec,barbell
upper_lower_6x,Upper / Lower 6×/week,6,advanced,1 of 4,muscle,muscle | maintain | default | recomp | cut_strength | cut_endurance | powerbuilding | hybrid_muscle | hybrid_strength | powerbuilding_cut | athletic_recomp | athletic_cut | athletic_bulk,1,lower_a,Lower A,2,Walking lunge (long stride),Glutes — Compound and Isolation,glute_focused,"Glutes, Glute medius, Adductors",4,10–15,60 sec,bodyweight+dumbbells
upper_lower_6x,Upper / Lower 6×/week,6,advanced,1 of 4,muscle,muscle | maintain | default | recomp | cut_strength | cut_endurance | powerbuilding | hybrid_muscle | hybrid_strength | powerbuilding_cut | athletic_recomp | athletic_cut | athletic_bulk,1,lower_a,Lower A,3,Leg extensions,Quads — Isolation,quad_isolation,Quads,4,12–20,60 sec,machines
upper_lower_6x,Upper / Lower 6×/week,6,advanced,1 of 4,muscle,muscle | maintain | default | recomp | cut_strength | cut_endurance | powerbuilding | hybrid_muscle | hybrid_strength | powerbuilding_cut | athletic_recomp | athletic_cut | athletic_bulk,1,lower_a,Lower A,4,Standing calf raise,Calves,calves,"Gastrocnemius, Soleus",4,10–15,60 sec,machines
upper_lower_6x,Upper / Lower 6×/week,6,advanced,1 of 4,muscle,muscle | maintain | default | recomp | cut_strength | cut_endurance | powerbuilding | hybrid_muscle | hybrid_strength | powerbuilding_cut | athletic_recomp | athletic_cut | athletic_bulk,1,lower_a,Lower A,5,Cable crunch,Core — Weighted Ab Training,core,"Rectus abdominis, Obliques",2,12–20,60 sec,cables
upper_lower_6x,Upper / Lower 6×/week,6,advanced,1 of 4,muscle,muscle | maintain | default | recomp | cut_strength | cut_endurance | powerbuilding | hybrid_muscle | hybrid_strength | powerbuilding_cut | athletic_recomp | athletic_cut | athletic_bulk,2,upper_b,Upper B,0,Incline barbell press,Chest — Incline Push (Upper Chest),chest_incline_push,"Upper chest, Shoulders, Triceps",5,10–15,90 sec,barbell
upper_lower_6x,Upper / Lower 6×/week,6,advanced,1 of 4,muscle,muscle | maintain | default | recomp | cut_strength | cut_endurance | powerbuilding | hybrid_muscle | hybrid_strength | powerbuilding_cut | athletic_recomp | athletic_cut | athletic_bulk,2,upper_b,Upper B,1,Pull-up (overhand),Back — Vertical Pull (Lat Width),back_vertical_pull,"Lats, Biceps, Rear delts",4,6–10,90 sec,pullup_bar
upper_lower_6x,Upper / Lower 6×/week,6,advanced,1 of 4,muscle,muscle | maintain | default | recomp | cut_strength | cut_endurance | powerbuilding | hybrid_muscle | hybrid_strength | powerbuilding_cut | athletic_recomp | athletic_cut | athletic_bulk,2,upper_b,Upper B,2,Face pull (cable),Rear Delt and Upper Back,rear_delt,"Rear deltoids, External rotators, Upper traps",5,15–20,60 sec,cables
upper_lower_6x,Upper / Lower 6×/week,6,advanced,1 of 4,muscle,muscle | maintain | default | recomp | cut_strength | cut_endurance | powerbuilding | hybrid_muscle | hybrid_strength | powerbuilding_cut | athletic_recomp | athletic_cut | athletic_bulk,2,upper_b,Upper B,3,Preacher curl,Biceps,biceps,"Biceps, Brachialis",4,12–15,60 sec,barbell
upper_lower_6x,Upper / Lower 6×/week,6,advanced,1 of 4,muscle,muscle | maintain | default | recomp | cut_strength | cut_endurance | powerbuilding | hybrid_muscle | hybrid_strength | powerbuilding_cut | athletic_recomp | athletic_cut | athletic_bulk,2,upper_b,Upper B,4,Cable tricep pushdown (rope or bar),Triceps,triceps,Triceps,3,12–15,60 sec,cables
upper_lower_6x,Upper / Lower 6×/week,6,advanced,1 of 4,muscle,muscle | maintain | default | recomp | cut_strength | cut_endurance | powerbuilding | hybrid_muscle | hybrid_strength | powerbuilding_cut | athletic_recomp | athletic_cut | athletic_bulk,2,upper_b,Upper B,5,Cable crunch,Core — Weighted Ab Training,core,"Rectus abdominis, Obliques",2,12–20,60 sec,cables
upper_lower_6x,Upper / Lower 6×/week,6,advanced,1 of 4,muscle,muscle | maintain | default | recomp | cut_strength | cut_endurance | powerbuilding | hybrid_muscle | hybrid_strength | powerbuilding_cut | athletic_recomp | athletic_cut | athletic_bulk,3,lower_b,Lower B,0,45° leg press,Quads — Squat Pattern,squat_pattern,"Quads, Glutes, Hamstrings",3,10–15,90 sec,machines
upper_lower_6x,Upper / Lower 6×/week,6,advanced,1 of 4,muscle,muscle | maintain | default | recomp | cut_strength | cut_endurance | powerbuilding | hybrid_muscle | hybrid_strength | powerbuilding_cut | athletic_recomp | athletic_cut | athletic_bulk,3,lower_b,Lower B,1,Conventional deadlift,Hamstrings and Glutes — Hip Hinge,hip_hinge,"Hamstrings, Glutes, Lower back",3,10–15,90 sec,barbell
upper_lower_6x,Upper / Lower 6×/week,6,advanced,1 of 4,muscle,muscle | maintain | default | recomp | cut_strength | cut_endurance | powerbuilding | hybrid_muscle | hybrid_strength | powerbuilding_cut | athletic_recomp | athletic_cut | athletic_bulk,3,lower_b,Lower B,2,Seated leg curl,Hamstrings — Isolation,hamstring_isolation,Hamstrings,2,12–15,60 sec,machines
upper_lower_6x,Upper / Lower 6×/week,6,advanced,1 of 4,muscle,muscle | maintain | default | recomp | cut_strength | cut_endurance | powerbuilding | hybrid_muscle | hybrid_strength | powerbuilding_cut | athletic_recomp | athletic_cut | athletic_bulk,3,lower_b,Lower B,3,Seated calf raise,Calves,calves,"Gastrocnemius, Soleus",3,10–15,60 sec,machines
upper_lower_6x,Upper / Lower 6×/week,6,advanced,1 of 4,muscle,muscle | maintain | default | recomp | cut_strength | cut_endurance | powerbuilding | hybrid_muscle | hybrid_strength | powerbuilding_cut | athletic_recomp | athletic_cut | athletic_bulk,3,lower_b,Lower B,4,Cable crunch,Core — Weighted Ab Training,core,"Rectus abdominis, Obliques",2,12–20,60 sec,cables
upper_lower_6x,Upper / Lower 6×/week,6,advanced,1 of 4,muscle,muscle | maintain | default | recomp | cut_strength | cut_endurance | powerbuilding | hybrid_muscle | hybrid_strength | powerbuilding_cut | athletic_recomp | athletic_cut | athletic_bulk,4,upper_c,Upper C,0,Cable crossover (lower chest),Chest — Decline / Lower Chest,chest_decline,"Lower chest, Mid chest, Triceps",4,12–15,60 sec,cables
upper_lower_6x,Upper / Lower 6×/week,6,advanced,1 of 4,muscle,muscle | maintain | default | recomp | cut_strength | cut_endurance | powerbuilding | hybrid_muscle | hybrid_strength | powerbuilding_cut | athletic_recomp | athletic_cut | athletic_bulk,4,upper_c,Upper C,1,Cable row (wide grip / flared elbows),Back — Inner Back / Rhomboids,back_inner,"Rhomboids, Mid-traps, Rear delts",4,10–15,60 sec,cables
upper_lower_6x,Upper / Lower 6×/week,6,advanced,1 of 4,muscle,muscle | maintain | default | recomp | cut_strength | cut_endurance | powerbuilding | hybrid_muscle | hybrid_strength | powerbuilding_cut | athletic_recomp | athletic_cut | athletic_bulk,4,upper_c,Upper C,2,Cable lat pullover (rope or bar),Back — Isolation / Lat Stretch,back_isolation,Lats,4,12–15,60 sec,cables
upper_lower_6x,Upper / Lower 6×/week,6,advanced,1 of 4,muscle,muscle | maintain | default | recomp | cut_strength | cut_endurance | powerbuilding | hybrid_muscle | hybrid_strength | powerbuilding_cut | athletic_recomp | athletic_cut | athletic_bulk,4,upper_c,Upper C,3,Cable lateral raise,Shoulders — Side Delt Isolation,shoulders_side_delt,Side deltoids,6,12–20,60 sec,cables
upper_lower_6x,Upper / Lower 6×/week,6,advanced,1 of 4,muscle,muscle | maintain | default | recomp | cut_strength | cut_endurance | powerbuilding | hybrid_muscle | hybrid_strength | powerbuilding_cut | athletic_recomp | athletic_cut | athletic_bulk,4,upper_c,Upper C,4,Face pull (cable),Rear Delt and Upper Back,rear_delt,"Rear deltoids, External rotators, Upper traps",5,15–20,60 sec,cables
upper_lower_6x,Upper / Lower 6×/week,6,advanced,1 of 4,muscle,muscle | maintain | default | recomp | cut_strength | cut_endurance | powerbuilding | hybrid_muscle | hybrid_strength | powerbuilding_cut | athletic_recomp | athletic_cut | athletic_bulk,4,upper_c,Upper C,5,Overhead tricep extension,Triceps,triceps,Triceps,3,12–15,60 sec,cables
upper_lower_6x,Upper / Lower 6×/week,6,advanced,1 of 4,muscle,muscle | maintain | default | recomp | cut_strength | cut_endurance | powerbuilding | hybrid_muscle | hybrid_strength | powerbuilding_cut | athletic_recomp | athletic_cut | athletic_bulk,5,lower_c,Lower C,0,Cable pull-through,Glutes — Compound and Isolation,glute_focused,"Glutes, Glute medius, Adductors",4,10–15,60 sec,cables
upper_lower_6x,Upper / Lower 6×/week,6,advanced,1 of 4,muscle,muscle | maintain | default | recomp | cut_strength | cut_endurance | powerbuilding | hybrid_muscle | hybrid_strength | powerbuilding_cut | athletic_recomp | athletic_cut | athletic_bulk,5,lower_c,Lower C,1,Walking lunge (long stride),Glutes — Compound and Isolation,glute_focused,"Glutes, Glute medius, Adductors",4,10–15,60 sec,bodyweight+dumbbells
upper_lower_6x,Upper / Lower 6×/week,6,advanced,1 of 4,muscle,muscle | maintain | default | recomp | cut_strength | cut_endurance | powerbuilding | hybrid_muscle | hybrid_strength | powerbuilding_cut | athletic_recomp | athletic_cut | athletic_bulk,5,lower_c,Lower C,2,Leg extensions,Quads — Isolation,quad_isolation,Quads,3,12–20,60 sec,machines
upper_lower_6x,Upper / Lower 6×/week,6,advanced,1 of 4,muscle,muscle | maintain | default | recomp | cut_strength | cut_endurance | powerbuilding | hybrid_muscle | hybrid_strength | powerbuilding_cut | athletic_recomp | athletic_cut | athletic_bulk,5,lower_c,Lower C,3,Seated leg curl,Hamstrings — Isolation,hamstring_isolation,Hamstrings,2,12–15,60 sec,machines
upper_lower_6x,Upper / Lower 6×/week,6,advanced,1 of 4,muscle,muscle | maintain | default | recomp | cut_strength | cut_endurance | powerbuilding | hybrid_muscle | hybrid_strength | powerbuilding_cut | athletic_recomp | athletic_cut | athletic_bulk,5,lower_c,Lower C,4,Standing calf raise,Calves,calves,"Gastrocnemius, Soleus",3,10–15,60 sec,machines
upper_lower_6x,Upper / Lower 6×/week,6,advanced,1 of 4,muscle,muscle | maintain | default | recomp | cut_strength | cut_endurance | powerbuilding | hybrid_muscle | hybrid_strength | powerbuilding_cut | athletic_recomp | athletic_cut | athletic_bulk,5,lower_c,Lower C,5,Cable crunch,Core — Weighted Ab Training,core,"Rectus abdominis, Obliques",2,12–20,60 sec,cables
upper_lower_6x,Upper / Lower 6×/week,6,advanced,2 of 4,strength,strength,0,upper_a,Upper A,0,Barbell bench press,Chest — Horizontal Push,chest_horizontal_push,"Chest, Shoulders, Triceps",5,3–6,3–5 min,barbell
upper_lower_6x,Upper / Lower 6×/week,6,advanced,2 of 4,strength,strength,0,upper_a,Upper A,1,Barbell overhead press,Shoulders — Vertical Push,shoulders_vertical_push,"Shoulders, Triceps, Upper chest",3,3–6,3–5 min,barbell
upper_lower_6x,Upper / Lower 6×/week,6,advanced,2 of 4,strength,strength,0,upper_a,Upper A,2,Barbell row,Back — Horizontal Pull (Back Thickness + Inner Back),back_horizontal_pull,"Lats, Rhomboids, Mid-traps, Rear delts, Biceps",4,3–6,3–5 min,barbell
upper_lower_6x,Upper / Lower 6×/week,6,advanced,2 of 4,strength,strength,0,upper_a,Upper A,3,Cable lateral raise,Shoulders — Side Delt Isolation,shoulders_side_delt,Side deltoids,6,12–20,2 min,cables
upper_lower_6x,Upper / Lower 6×/week,6,advanced,2 of 4,strength,strength,0,upper_a,Upper A,4,Overhead tricep extension,Triceps,triceps,Triceps,4,8–12,2 min,cables
upper_lower_6x,Upper / Lower 6×/week,6,advanced,2 of 4,strength,strength,0,upper_a,Upper A,5,Bayesian cable curl,Biceps,biceps,"Biceps, Brachialis",4,8–12,2 min,cables
upper_lower_6x,Upper / Lower 6×/week,6,advanced,2 of 4,strength,strength,1,lower_a,Lower A,0,Barbell back squat,Quads — Squat Pattern,squat_pattern,"Quads, Glutes, Hamstrings",5,3–6,3–5 min,barbell
upper_lower_6x,Upper / Lower 6×/week,6,advanced,2 of 4,strength,strength,1,lower_a,Lower A,1,Romanian deadlift (barbell),Hamstrings and Glutes — Hip Hinge,hip_hinge,"Hamstrings, Glutes, Lower back",3,3–6,3–5 min,barbell
upper_lower_6x,Upper / Lower 6×/week,6,advanced,2 of 4,strength,strength,1,lower_a,Lower A,2,Walking lunge (long stride),Glutes — Compound and Isolation,glute_focused,"Glutes, Glute medius, Adductors",4,10–15,2 min,bodyweight+dumbbells
upper_lower_6x,Upper / Lower 6×/week,6,advanced,2 of 4,strength,strength,1,lower_a,Lower A,3,Leg extensions,Quads — Isolation,quad_isolation,Quads,3,12–20,2 min,machines
upper_lower_6x,Upper / Lower 6×/week,6,advanced,2 of 4,strength,strength,1,lower_a,Lower A,4,Standing calf raise,Calves,calves,"Gastrocnemius, Soleus",4,10–15,2 min,machines
upper_lower_6x,Upper / Lower 6×/week,6,advanced,2 of 4,strength,strength,1,lower_a,Lower A,5,Cable crunch,Core — Weighted Ab Training,core,"Rectus abdominis, Obliques",2,12–20,2 min,cables
upper_lower_6x,Upper / Lower 6×/week,6,advanced,2 of 4,strength,strength,2,upper_b,Upper B,0,Incline barbell press,Chest — Incline Push (Upper Chest),chest_incline_push,"Upper chest, Shoulders, Triceps",5,3–6,3–5 min,barbell
upper_lower_6x,Upper / Lower 6×/week,6,advanced,2 of 4,strength,strength,2,upper_b,Upper B,1,Pull-up (overhand),Back — Vertical Pull (Lat Width),back_vertical_pull,"Lats, Biceps, Rear delts",4,6–10,3–5 min,pullup_bar
upper_lower_6x,Upper / Lower 6×/week,6,advanced,2 of 4,strength,strength,2,upper_b,Upper B,2,Face pull (cable),Rear Delt and Upper Back,rear_delt,"Rear deltoids, External rotators, Upper traps",5,15–20,2 min,cables
upper_lower_6x,Upper / Lower 6×/week,6,advanced,2 of 4,strength,strength,2,upper_b,Upper B,3,Preacher curl,Biceps,biceps,"Biceps, Brachialis",4,8–12,2 min,barbell
upper_lower_6x,Upper / Lower 6×/week,6,advanced,2 of 4,strength,strength,2,upper_b,Upper B,4,Cable tricep pushdown (rope or bar),Triceps,triceps,Triceps,3,8–12,2 min,cables
upper_lower_6x,Upper / Lower 6×/week,6,advanced,2 of 4,strength,strength,2,upper_b,Upper B,5,Cable crunch,Core — Weighted Ab Training,core,"Rectus abdominis, Obliques",2,12–20,2 min,cables
upper_lower_6x,Upper / Lower 6×/week,6,advanced,2 of 4,strength,strength,3,lower_b,Lower B,0,45° leg press,Quads — Squat Pattern,squat_pattern,"Quads, Glutes, Hamstrings",3,3–6,3–5 min,machines
upper_lower_6x,Upper / Lower 6×/week,6,advanced,2 of 4,strength,strength,3,lower_b,Lower B,1,Conventional deadlift,Hamstrings and Glutes — Hip Hinge,hip_hinge,"Hamstrings, Glutes, Lower back",3,3–6,3–5 min,barbell
upper_lower_6x,Upper / Lower 6×/week,6,advanced,2 of 4,strength,strength,3,lower_b,Lower B,2,Seated leg curl,Hamstrings — Isolation,hamstring_isolation,Hamstrings,2,8–12,2 min,machines
upper_lower_6x,Upper / Lower 6×/week,6,advanced,2 of 4,strength,strength,3,lower_b,Lower B,3,Seated calf raise,Calves,calves,"Gastrocnemius, Soleus",3,10–15,2 min,machines
upper_lower_6x,Upper / Lower 6×/week,6,advanced,2 of 4,strength,strength,3,lower_b,Lower B,4,Cable crunch,Core — Weighted Ab Training,core,"Rectus abdominis, Obliques",2,12–20,2 min,cables
upper_lower_6x,Upper / Lower 6×/week,6,advanced,2 of 4,strength,strength,4,upper_c,Upper C,0,Cable crossover (lower chest),Chest — Decline / Lower Chest,chest_decline,"Lower chest, Mid chest, Triceps",4,8–12,2 min,cables
upper_lower_6x,Upper / Lower 6×/week,6,advanced,2 of 4,strength,strength,4,upper_c,Upper C,1,Cable row (wide grip / flared elbows),Back — Inner Back / Rhomboids,back_inner,"Rhomboids, Mid-traps, Rear delts",4,10–15,2 min,cables
upper_lower_6x,Upper / Lower 6×/week,6,advanced,2 of 4,strength,strength,4,upper_c,Upper C,2,Cable lat pullover (rope or bar),Back — Isolation / Lat Stretch,back_isolation,Lats,4,8–12,2 min,cables
upper_lower_6x,Upper / Lower 6×/week,6,advanced,2 of 4,strength,strength,4,upper_c,Upper C,3,Cable lateral raise,Shoulders — Side Delt Isolation,shoulders_side_delt,Side deltoids,6,12–20,2 min,cables
upper_lower_6x,Upper / Lower 6×/week,6,advanced,2 of 4,strength,strength,4,upper_c,Upper C,4,Face pull (cable),Rear Delt and Upper Back,rear_delt,"Rear deltoids, External rotators, Upper traps",5,15–20,2 min,cables
upper_lower_6x,Upper / Lower 6×/week,6,advanced,2 of 4,strength,strength,4,upper_c,Upper C,5,Overhead tricep extension,Triceps,triceps,Triceps,3,8–12,2 min,cables
upper_lower_6x,Upper / Lower 6×/week,6,advanced,2 of 4,strength,strength,5,lower_c,Lower C,0,Cable pull-through,Glutes — Compound and Isolation,glute_focused,"Glutes, Glute medius, Adductors",4,10–15,2 min,cables
upper_lower_6x,Upper / Lower 6×/week,6,advanced,2 of 4,strength,strength,5,lower_c,Lower C,1,Walking lunge (long stride),Glutes — Compound and Isolation,glute_focused,"Glutes, Glute medius, Adductors",4,10–15,2 min,bodyweight+dumbbells
upper_lower_6x,Upper / Lower 6×/week,6,advanced,2 of 4,strength,strength,5,lower_c,Lower C,2,Leg extensions,Quads — Isolation,quad_isolation,Quads,3,12–20,2 min,machines
upper_lower_6x,Upper / Lower 6×/week,6,advanced,2 of 4,strength,strength,5,lower_c,Lower C,3,Seated leg curl,Hamstrings — Isolation,hamstring_isolation,Hamstrings,2,8–12,2 min,machines
upper_lower_6x,Upper / Lower 6×/week,6,advanced,2 of 4,strength,strength,5,lower_c,Lower C,4,Standing calf raise,Calves,calves,"Gastrocnemius, Soleus",3,10–15,2 min,machines
upper_lower_6x,Upper / Lower 6×/week,6,advanced,2 of 4,strength,strength,5,lower_c,Lower C,5,Cable crunch,Core — Weighted Ab Training,core,"Rectus abdominis, Obliques",2,12–20,2 min,cables
upper_lower_6x,Upper / Lower 6×/week,6,advanced,3 of 4,lose,lose,0,upper_a,Upper A,0,Barbell bench press,Chest — Horizontal Push,chest_horizontal_push,"Chest, Shoulders, Triceps",5,6–10,2–3 min,barbell
upper_lower_6x,Upper / Lower 6×/week,6,advanced,3 of 4,lose,lose,0,upper_a,Upper A,1,Barbell overhead press,Shoulders — Vertical Push,shoulders_vertical_push,"Shoulders, Triceps, Upper chest",3,6–10,2–3 min,barbell
upper_lower_6x,Upper / Lower 6×/week,6,advanced,3 of 4,lose,lose,0,upper_a,Upper A,2,Barbell row,Back — Horizontal Pull (Back Thickness + Inner Back),back_horizontal_pull,"Lats, Rhomboids, Mid-traps, Rear delts, Biceps",4,6–10,2–3 min,barbell
upper_lower_6x,Upper / Lower 6×/week,6,advanced,3 of 4,lose,lose,0,upper_a,Upper A,3,Cable lateral raise,Shoulders — Side Delt Isolation,shoulders_side_delt,Side deltoids,6,12–20,90 sec,cables
upper_lower_6x,Upper / Lower 6×/week,6,advanced,3 of 4,lose,lose,0,upper_a,Upper A,4,Overhead tricep extension,Triceps,triceps,Triceps,4,12–15,90 sec,cables
upper_lower_6x,Upper / Lower 6×/week,6,advanced,3 of 4,lose,lose,0,upper_a,Upper A,5,Bayesian cable curl,Biceps,biceps,"Biceps, Brachialis",4,12–15,90 sec,cables
upper_lower_6x,Upper / Lower 6×/week,6,advanced,3 of 4,lose,lose,1,lower_a,Lower A,0,Barbell back squat,Quads — Squat Pattern,squat_pattern,"Quads, Glutes, Hamstrings",4,6–10,2–3 min,barbell
upper_lower_6x,Upper / Lower 6×/week,6,advanced,3 of 4,lose,lose,1,lower_a,Lower A,1,Romanian deadlift (barbell),Hamstrings and Glutes — Hip Hinge,hip_hinge,"Hamstrings, Glutes, Lower back",3,6–10,2–3 min,barbell
upper_lower_6x,Upper / Lower 6×/week,6,advanced,3 of 4,lose,lose,1,lower_a,Lower A,2,Walking lunge (long stride),Glutes — Compound and Isolation,glute_focused,"Glutes, Glute medius, Adductors",4,10–15,90 sec,bodyweight+dumbbells
upper_lower_6x,Upper / Lower 6×/week,6,advanced,3 of 4,lose,lose,1,lower_a,Lower A,3,Leg extensions,Quads — Isolation,quad_isolation,Quads,4,12–20,90 sec,machines
upper_lower_6x,Upper / Lower 6×/week,6,advanced,3 of 4,lose,lose,1,lower_a,Lower A,4,Standing calf raise,Calves,calves,"Gastrocnemius, Soleus",4,10–15,90 sec,machines
upper_lower_6x,Upper / Lower 6×/week,6,advanced,3 of 4,lose,lose,1,lower_a,Lower A,5,Cable crunch,Core — Weighted Ab Training,core,"Rectus abdominis, Obliques",2,12–20,90 sec,cables
upper_lower_6x,Upper / Lower 6×/week,6,advanced,3 of 4,lose,lose,2,upper_b,Upper B,0,Incline barbell press,Chest — Incline Push (Upper Chest),chest_incline_push,"Upper chest, Shoulders, Triceps",5,6–10,2–3 min,barbell
upper_lower_6x,Upper / Lower 6×/week,6,advanced,3 of 4,lose,lose,2,upper_b,Upper B,1,Pull-up (overhand),Back — Vertical Pull (Lat Width),back_vertical_pull,"Lats, Biceps, Rear delts",4,6–10,2–3 min,pullup_bar
upper_lower_6x,Upper / Lower 6×/week,6,advanced,3 of 4,lose,lose,2,upper_b,Upper B,2,Face pull (cable),Rear Delt and Upper Back,rear_delt,"Rear deltoids, External rotators, Upper traps",5,15–20,90 sec,cables
upper_lower_6x,Upper / Lower 6×/week,6,advanced,3 of 4,lose,lose,2,upper_b,Upper B,3,Preacher curl,Biceps,biceps,"Biceps, Brachialis",4,12–15,90 sec,barbell
upper_lower_6x,Upper / Lower 6×/week,6,advanced,3 of 4,lose,lose,2,upper_b,Upper B,4,Cable tricep pushdown (rope or bar),Triceps,triceps,Triceps,3,12–15,90 sec,cables
upper_lower_6x,Upper / Lower 6×/week,6,advanced,3 of 4,lose,lose,2,upper_b,Upper B,5,Cable crunch,Core — Weighted Ab Training,core,"Rectus abdominis, Obliques",2,12–20,90 sec,cables
upper_lower_6x,Upper / Lower 6×/week,6,advanced,3 of 4,lose,lose,3,lower_b,Lower B,0,45° leg press,Quads — Squat Pattern,squat_pattern,"Quads, Glutes, Hamstrings",3,6–10,2–3 min,machines
upper_lower_6x,Upper / Lower 6×/week,6,advanced,3 of 4,lose,lose,3,lower_b,Lower B,1,Conventional deadlift,Hamstrings and Glutes — Hip Hinge,hip_hinge,"Hamstrings, Glutes, Lower back",3,6–10,2–3 min,barbell
upper_lower_6x,Upper / Lower 6×/week,6,advanced,3 of 4,lose,lose,3,lower_b,Lower B,2,Seated leg curl,Hamstrings — Isolation,hamstring_isolation,Hamstrings,2,12–15,90 sec,machines
upper_lower_6x,Upper / Lower 6×/week,6,advanced,3 of 4,lose,lose,3,lower_b,Lower B,3,Seated calf raise,Calves,calves,"Gastrocnemius, Soleus",3,10–15,90 sec,machines
upper_lower_6x,Upper / Lower 6×/week,6,advanced,3 of 4,lose,lose,3,lower_b,Lower B,4,Cable crunch,Core — Weighted Ab Training,core,"Rectus abdominis, Obliques",2,12–20,90 sec,cables
upper_lower_6x,Upper / Lower 6×/week,6,advanced,3 of 4,lose,lose,4,upper_c,Upper C,0,Cable crossover (lower chest),Chest — Decline / Lower Chest,chest_decline,"Lower chest, Mid chest, Triceps",4,12–15,90 sec,cables
upper_lower_6x,Upper / Lower 6×/week,6,advanced,3 of 4,lose,lose,4,upper_c,Upper C,1,Cable row (wide grip / flared elbows),Back — Inner Back / Rhomboids,back_inner,"Rhomboids, Mid-traps, Rear delts",4,10–15,90 sec,cables
upper_lower_6x,Upper / Lower 6×/week,6,advanced,3 of 4,lose,lose,4,upper_c,Upper C,2,Cable lat pullover (rope or bar),Back — Isolation / Lat Stretch,back_isolation,Lats,4,12–15,90 sec,cables
upper_lower_6x,Upper / Lower 6×/week,6,advanced,3 of 4,lose,lose,4,upper_c,Upper C,3,Cable lateral raise,Shoulders — Side Delt Isolation,shoulders_side_delt,Side deltoids,6,12–20,90 sec,cables
upper_lower_6x,Upper / Lower 6×/week,6,advanced,3 of 4,lose,lose,4,upper_c,Upper C,4,Face pull (cable),Rear Delt and Upper Back,rear_delt,"Rear deltoids, External rotators, Upper traps",5,15–20,90 sec,cables
upper_lower_6x,Upper / Lower 6×/week,6,advanced,3 of 4,lose,lose,4,upper_c,Upper C,5,Overhead tricep extension,Triceps,triceps,Triceps,3,12–15,90 sec,cables
upper_lower_6x,Upper / Lower 6×/week,6,advanced,3 of 4,lose,lose,5,lower_c,Lower C,0,Cable pull-through,Glutes — Compound and Isolation,glute_focused,"Glutes, Glute medius, Adductors",4,10–15,90 sec,cables
upper_lower_6x,Upper / Lower 6×/week,6,advanced,3 of 4,lose,lose,5,lower_c,Lower C,1,Walking lunge (long stride),Glutes — Compound and Isolation,glute_focused,"Glutes, Glute medius, Adductors",4,10–15,90 sec,bodyweight+dumbbells
upper_lower_6x,Upper / Lower 6×/week,6,advanced,3 of 4,lose,lose,5,lower_c,Lower C,2,Leg extensions,Quads — Isolation,quad_isolation,Quads,3,12–20,90 sec,machines
upper_lower_6x,Upper / Lower 6×/week,6,advanced,3 of 4,lose,lose,5,lower_c,Lower C,3,Seated leg curl,Hamstrings — Isolation,hamstring_isolation,Hamstrings,2,12–15,90 sec,machines
upper_lower_6x,Upper / Lower 6×/week,6,advanced,3 of 4,lose,lose,5,lower_c,Lower C,4,Standing calf raise,Calves,calves,"Gastrocnemius, Soleus",3,10–15,90 sec,machines
upper_lower_6x,Upper / Lower 6×/week,6,advanced,3 of 4,lose,lose,5,lower_c,Lower C,5,Cable crunch,Core — Weighted Ab Training,core,"Rectus abdominis, Obliques",2,12–20,90 sec,cables
upper_lower_6x,Upper / Lower 6×/week,6,advanced,4 of 4,endurance,endurance,0,upper_a,Upper A,0,Barbell bench press,Chest — Horizontal Push,chest_horizontal_push,"Chest, Shoulders, Triceps",5,12–20,60 sec,barbell
upper_lower_6x,Upper / Lower 6×/week,6,advanced,4 of 4,endurance,endurance,0,upper_a,Upper A,1,Barbell overhead press,Shoulders — Vertical Push,shoulders_vertical_push,"Shoulders, Triceps, Upper chest",3,12–20,60 sec,barbell
upper_lower_6x,Upper / Lower 6×/week,6,advanced,4 of 4,endurance,endurance,0,upper_a,Upper A,2,Barbell row,Back — Horizontal Pull (Back Thickness + Inner Back),back_horizontal_pull,"Lats, Rhomboids, Mid-traps, Rear delts, Biceps",4,12–20,60 sec,barbell
upper_lower_6x,Upper / Lower 6×/week,6,advanced,4 of 4,endurance,endurance,0,upper_a,Upper A,3,Cable lateral raise,Shoulders — Side Delt Isolation,shoulders_side_delt,Side deltoids,6,12–20,30–45 sec,cables
upper_lower_6x,Upper / Lower 6×/week,6,advanced,4 of 4,endurance,endurance,0,upper_a,Upper A,4,Overhead tricep extension,Triceps,triceps,Triceps,4,15–25,30–45 sec,cables
upper_lower_6x,Upper / Lower 6×/week,6,advanced,4 of 4,endurance,endurance,0,upper_a,Upper A,5,Bayesian cable curl,Biceps,biceps,"Biceps, Brachialis",4,15–25,30–45 sec,cables
upper_lower_6x,Upper / Lower 6×/week,6,advanced,4 of 4,endurance,endurance,1,lower_a,Lower A,0,Barbell back squat,Quads — Squat Pattern,squat_pattern,"Quads, Glutes, Hamstrings",4,12–20,60 sec,barbell
upper_lower_6x,Upper / Lower 6×/week,6,advanced,4 of 4,endurance,endurance,1,lower_a,Lower A,1,Romanian deadlift (barbell),Hamstrings and Glutes — Hip Hinge,hip_hinge,"Hamstrings, Glutes, Lower back",3,12–20,60 sec,barbell
upper_lower_6x,Upper / Lower 6×/week,6,advanced,4 of 4,endurance,endurance,1,lower_a,Lower A,2,Walking lunge (long stride),Glutes — Compound and Isolation,glute_focused,"Glutes, Glute medius, Adductors",4,10–15,30–45 sec,bodyweight+dumbbells
upper_lower_6x,Upper / Lower 6×/week,6,advanced,4 of 4,endurance,endurance,1,lower_a,Lower A,3,Leg extensions,Quads — Isolation,quad_isolation,Quads,4,12–20,30–45 sec,machines
upper_lower_6x,Upper / Lower 6×/week,6,advanced,4 of 4,endurance,endurance,1,lower_a,Lower A,4,Standing calf raise,Calves,calves,"Gastrocnemius, Soleus",4,10–15,30–45 sec,machines
upper_lower_6x,Upper / Lower 6×/week,6,advanced,4 of 4,endurance,endurance,1,lower_a,Lower A,5,Cable crunch,Core — Weighted Ab Training,core,"Rectus abdominis, Obliques",2,12–20,30–45 sec,cables
upper_lower_6x,Upper / Lower 6×/week,6,advanced,4 of 4,endurance,endurance,2,upper_b,Upper B,0,Incline barbell press,Chest — Incline Push (Upper Chest),chest_incline_push,"Upper chest, Shoulders, Triceps",5,12–20,60 sec,barbell
upper_lower_6x,Upper / Lower 6×/week,6,advanced,4 of 4,endurance,endurance,2,upper_b,Upper B,1,Pull-up (overhand),Back — Vertical Pull (Lat Width),back_vertical_pull,"Lats, Biceps, Rear delts",4,6–10,60 sec,pullup_bar
upper_lower_6x,Upper / Lower 6×/week,6,advanced,4 of 4,endurance,endurance,2,upper_b,Upper B,2,Face pull (cable),Rear Delt and Upper Back,rear_delt,"Rear deltoids, External rotators, Upper traps",5,15–20,30–45 sec,cables
upper_lower_6x,Upper / Lower 6×/week,6,advanced,4 of 4,endurance,endurance,2,upper_b,Upper B,3,Preacher curl,Biceps,biceps,"Biceps, Brachialis",4,15–25,30–45 sec,barbell
upper_lower_6x,Upper / Lower 6×/week,6,advanced,4 of 4,endurance,endurance,2,upper_b,Upper B,4,Cable tricep pushdown (rope or bar),Triceps,triceps,Triceps,3,15–25,30–45 sec,cables
upper_lower_6x,Upper / Lower 6×/week,6,advanced,4 of 4,endurance,endurance,2,upper_b,Upper B,5,Cable crunch,Core — Weighted Ab Training,core,"Rectus abdominis, Obliques",2,12–20,30–45 sec,cables
upper_lower_6x,Upper / Lower 6×/week,6,advanced,4 of 4,endurance,endurance,3,lower_b,Lower B,0,45° leg press,Quads — Squat Pattern,squat_pattern,"Quads, Glutes, Hamstrings",3,12–20,60 sec,machines
upper_lower_6x,Upper / Lower 6×/week,6,advanced,4 of 4,endurance,endurance,3,lower_b,Lower B,1,Conventional deadlift,Hamstrings and Glutes — Hip Hinge,hip_hinge,"Hamstrings, Glutes, Lower back",3,12–20,60 sec,barbell
upper_lower_6x,Upper / Lower 6×/week,6,advanced,4 of 4,endurance,endurance,3,lower_b,Lower B,2,Seated leg curl,Hamstrings — Isolation,hamstring_isolation,Hamstrings,2,15–25,30–45 sec,machines
upper_lower_6x,Upper / Lower 6×/week,6,advanced,4 of 4,endurance,endurance,3,lower_b,Lower B,3,Seated calf raise,Calves,calves,"Gastrocnemius, Soleus",3,10–15,30–45 sec,machines
upper_lower_6x,Upper / Lower 6×/week,6,advanced,4 of 4,endurance,endurance,3,lower_b,Lower B,4,Cable crunch,Core — Weighted Ab Training,core,"Rectus abdominis, Obliques",2,12–20,30–45 sec,cables
upper_lower_6x,Upper / Lower 6×/week,6,advanced,4 of 4,endurance,endurance,4,upper_c,Upper C,0,Cable crossover (lower chest),Chest — Decline / Lower Chest,chest_decline,"Lower chest, Mid chest, Triceps",4,15–25,30–45 sec,cables
upper_lower_6x,Upper / Lower 6×/week,6,advanced,4 of 4,endurance,endurance,4,upper_c,Upper C,1,Cable row (wide grip / flared elbows),Back — Inner Back / Rhomboids,back_inner,"Rhomboids, Mid-traps, Rear delts",4,10–15,30–45 sec,cables
upper_lower_6x,Upper / Lower 6×/week,6,advanced,4 of 4,endurance,endurance,4,upper_c,Upper C,2,Cable lat pullover (rope or bar),Back — Isolation / Lat Stretch,back_isolation,Lats,4,15–25,30–45 sec,cables
upper_lower_6x,Upper / Lower 6×/week,6,advanced,4 of 4,endurance,endurance,4,upper_c,Upper C,3,Cable lateral raise,Shoulders — Side Delt Isolation,shoulders_side_delt,Side deltoids,6,12–20,30–45 sec,cables
upper_lower_6x,Upper / Lower 6×/week,6,advanced,4 of 4,endurance,endurance,4,upper_c,Upper C,4,Face pull (cable),Rear Delt and Upper Back,rear_delt,"Rear deltoids, External rotators, Upper traps",5,15–20,30–45 sec,cables
upper_lower_6x,Upper / Lower 6×/week,6,advanced,4 of 4,endurance,endurance,4,upper_c,Upper C,5,Overhead tricep extension,Triceps,triceps,Triceps,3,15–25,30–45 sec,cables
upper_lower_6x,Upper / Lower 6×/week,6,advanced,4 of 4,endurance,endurance,5,lower_c,Lower C,0,Cable pull-through,Glutes — Compound and Isolation,glute_focused,"Glutes, Glute medius, Adductors",4,10–15,30–45 sec,cables
upper_lower_6x,Upper / Lower 6×/week,6,advanced,4 of 4,endurance,endurance,5,lower_c,Lower C,1,Walking lunge (long stride),Glutes — Compound and Isolation,glute_focused,"Glutes, Glute medius, Adductors",4,10–15,30–45 sec,bodyweight+dumbbells
upper_lower_6x,Upper / Lower 6×/week,6,advanced,4 of 4,endurance,endurance,5,lower_c,Lower C,2,Leg extensions,Quads — Isolation,quad_isolation,Quads,3,12–20,30–45 sec,machines
upper_lower_6x,Upper / Lower 6×/week,6,advanced,4 of 4,endurance,endurance,5,lower_c,Lower C,3,Seated leg curl,Hamstrings — Isolation,hamstring_isolation,Hamstrings,2,15–25,30–45 sec,machines
upper_lower_6x,Upper / Lower 6×/week,6,advanced,4 of 4,endurance,endurance,5,lower_c,Lower C,4,Standing calf raise,Calves,calves,"Gastrocnemius, Soleus",3,10–15,30–45 sec,machines
upper_lower_6x,Upper / Lower 6×/week,6,advanced,4 of 4,endurance,endurance,5,lower_c,Lower C,5,Cable crunch,Core — Weighted Ab Training,core,"Rectus abdominis, Obliques",2,12–20,30–45 sec,cables
full_body_5x,Full Body 5×/week,5,beginner,1 of 4,muscle,muscle | maintain | default | recomp | cut_strength | cut_endurance | powerbuilding | hybrid_muscle | hybrid_strength | powerbuilding_cut | athletic_recomp | athletic_cut | athletic_bulk,0,full_body_a,Full Body A,0,Barbell back squat,Quads — Squat Pattern,squat_pattern,"Quads, Glutes, Hamstrings",2,10–15,90 sec,barbell
full_body_5x,Full Body 5×/week,5,beginner,1 of 4,muscle,muscle | maintain | default | recomp | cut_strength | cut_endurance | powerbuilding | hybrid_muscle | hybrid_strength | powerbuilding_cut | athletic_recomp | athletic_cut | athletic_bulk,0,full_body_a,Full Body A,1,Barbell bench press,Chest — Horizontal Push,chest_horizontal_push,"Chest, Shoulders, Triceps",2,10–15,90 sec,barbell
full_body_5x,Full Body 5×/week,5,beginner,1 of 4,muscle,muscle | maintain | default | recomp | cut_strength | cut_endurance | powerbuilding | hybrid_muscle | hybrid_strength | powerbuilding_cut | athletic_recomp | athletic_cut | athletic_bulk,0,full_body_a,Full Body A,2,Barbell row,Back — Horizontal Pull (Back Thickness + Inner Back),back_horizontal_pull,"Lats, Rhomboids, Mid-traps, Rear delts, Biceps",2,10–15,90 sec,barbell
full_body_5x,Full Body 5×/week,5,beginner,1 of 4,muscle,muscle | maintain | default | recomp | cut_strength | cut_endurance | powerbuilding | hybrid_muscle | hybrid_strength | powerbuilding_cut | athletic_recomp | athletic_cut | athletic_bulk,0,full_body_a,Full Body A,3,Cable lateral raise,Shoulders — Side Delt Isolation,shoulders_side_delt,Side deltoids,3,12–20,60 sec,cables
full_body_5x,Full Body 5×/week,5,beginner,1 of 4,muscle,muscle | maintain | default | recomp | cut_strength | cut_endurance | powerbuilding | hybrid_muscle | hybrid_strength | powerbuilding_cut | athletic_recomp | athletic_cut | athletic_bulk,0,full_body_a,Full Body A,4,Overhead tricep extension,Triceps,triceps,Triceps,2,12–15,60 sec,cables
full_body_5x,Full Body 5×/week,5,beginner,1 of 4,muscle,muscle | maintain | default | recomp | cut_strength | cut_endurance | powerbuilding | hybrid_muscle | hybrid_strength | powerbuilding_cut | athletic_recomp | athletic_cut | athletic_bulk,0,full_body_a,Full Body A,5,Standing calf raise,Calves,calves,"Gastrocnemius, Soleus",2,10–15,60 sec,machines
full_body_5x,Full Body 5×/week,5,beginner,1 of 4,muscle,muscle | maintain | default | recomp | cut_strength | cut_endurance | powerbuilding | hybrid_muscle | hybrid_strength | powerbuilding_cut | athletic_recomp | athletic_cut | athletic_bulk,1,full_body_b,Full Body B,0,Romanian deadlift (barbell),Hamstrings and Glutes — Hip Hinge,hip_hinge,"Hamstrings, Glutes, Lower back",2,10–15,90 sec,barbell
full_body_5x,Full Body 5×/week,5,beginner,1 of 4,muscle,muscle | maintain | default | recomp | cut_strength | cut_endurance | powerbuilding | hybrid_muscle | hybrid_strength | powerbuilding_cut | athletic_recomp | athletic_cut | athletic_bulk,1,full_body_b,Full Body B,1,Incline barbell press,Chest — Incline Push (Upper Chest),chest_incline_push,"Upper chest, Shoulders, Triceps",2,10–15,90 sec,barbell
full_body_5x,Full Body 5×/week,5,beginner,1 of 4,muscle,muscle | maintain | default | recomp | cut_strength | cut_endurance | powerbuilding | hybrid_muscle | hybrid_strength | powerbuilding_cut | athletic_recomp | athletic_cut | athletic_bulk,1,full_body_b,Full Body B,2,Pull-up (overhand),Back — Vertical Pull (Lat Width),back_vertical_pull,"Lats, Biceps, Rear delts",2,6–10,90 sec,pullup_bar
full_body_5x,Full Body 5×/week,5,beginner,1 of 4,muscle,muscle | maintain | default | recomp | cut_strength | cut_endurance | powerbuilding | hybrid_muscle | hybrid_strength | powerbuilding_cut | athletic_recomp | athletic_cut | athletic_bulk,1,full_body_b,Full Body B,3,Face pull (cable),Rear Delt and Upper Back,rear_delt,"Rear deltoids, External rotators, Upper traps",2,15–20,60 sec,cables
full_body_5x,Full Body 5×/week,5,beginner,1 of 4,muscle,muscle | maintain | default | recomp | cut_strength | cut_endurance | powerbuilding | hybrid_muscle | hybrid_strength | powerbuilding_cut | athletic_recomp | athletic_cut | athletic_bulk,1,full_body_b,Full Body B,4,Bayesian cable curl,Biceps,biceps,"Biceps, Brachialis",2,12–15,60 sec,cables
full_body_5x,Full Body 5×/week,5,beginner,1 of 4,muscle,muscle | maintain | default | recomp | cut_strength | cut_endurance | powerbuilding | hybrid_muscle | hybrid_strength | powerbuilding_cut | athletic_recomp | athletic_cut | athletic_bulk,1,full_body_b,Full Body B,5,Cable crunch,Core — Weighted Ab Training,core,"Rectus abdominis, Obliques",2,12–20,60 sec,cables
full_body_5x,Full Body 5×/week,5,beginner,1 of 4,muscle,muscle | maintain | default | recomp | cut_strength | cut_endurance | powerbuilding | hybrid_muscle | hybrid_strength | powerbuilding_cut | athletic_recomp | athletic_cut | athletic_bulk,2,full_body_c,Full Body C,0,45° leg press,Quads — Squat Pattern,squat_pattern,"Quads, Glutes, Hamstrings",2,10–15,90 sec,machines
full_body_5x,Full Body 5×/week,5,beginner,1 of 4,muscle,muscle | maintain | default | recomp | cut_strength | cut_endurance | powerbuilding | hybrid_muscle | hybrid_strength | powerbuilding_cut | athletic_recomp | athletic_cut | athletic_bulk,2,full_body_c,Full Body C,1,Cable crossover (lower chest),Chest — Decline / Lower Chest,chest_decline,"Lower chest, Mid chest, Triceps",2,12–15,60 sec,cables
full_body_5x,Full Body 5×/week,5,beginner,1 of 4,muscle,muscle | maintain | default | recomp | cut_strength | cut_endurance | powerbuilding | hybrid_muscle | hybrid_strength | powerbuilding_cut | athletic_recomp | athletic_cut | athletic_bulk,2,full_body_c,Full Body C,2,Cable row (wide grip / flared elbows),Back — Inner Back / Rhomboids,back_inner,"Rhomboids, Mid-traps, Rear delts",2,10–15,60 sec,cables
full_body_5x,Full Body 5×/week,5,beginner,1 of 4,muscle,muscle | maintain | default | recomp | cut_strength | cut_endurance | powerbuilding | hybrid_muscle | hybrid_strength | powerbuilding_cut | athletic_recomp | athletic_cut | athletic_bulk,2,full_body_c,Full Body C,3,Cable lateral raise,Shoulders — Side Delt Isolation,shoulders_side_delt,Side deltoids,2,12–20,60 sec,cables
full_body_5x,Full Body 5×/week,5,beginner,1 of 4,muscle,muscle | maintain | default | recomp | cut_strength | cut_endurance | powerbuilding | hybrid_muscle | hybrid_strength | powerbuilding_cut | athletic_recomp | athletic_cut | athletic_bulk,2,full_body_c,Full Body C,4,Seated calf raise,Calves,calves,"Gastrocnemius, Soleus",2,10–15,60 sec,machines
full_body_5x,Full Body 5×/week,5,beginner,1 of 4,muscle,muscle | maintain | default | recomp | cut_strength | cut_endurance | powerbuilding | hybrid_muscle | hybrid_strength | powerbuilding_cut | athletic_recomp | athletic_cut | athletic_bulk,2,full_body_c,Full Body C,5,Cable crunch,Core — Weighted Ab Training,core,"Rectus abdominis, Obliques",2,12–20,60 sec,cables
full_body_5x,Full Body 5×/week,5,beginner,1 of 4,muscle,muscle | maintain | default | recomp | cut_strength | cut_endurance | powerbuilding | hybrid_muscle | hybrid_strength | powerbuilding_cut | athletic_recomp | athletic_cut | athletic_bulk,3,full_body_d,Full Body D,0,Romanian deadlift (barbell),Hamstrings and Glutes — Hip Hinge,hip_hinge,"Hamstrings, Glutes, Lower back",2,10–15,90 sec,barbell
full_body_5x,Full Body 5×/week,5,beginner,1 of 4,muscle,muscle | maintain | default | recomp | cut_strength | cut_endurance | powerbuilding | hybrid_muscle | hybrid_strength | powerbuilding_cut | athletic_recomp | athletic_cut | athletic_bulk,3,full_body_d,Full Body D,1,Walking lunge (long stride),Glutes — Compound and Isolation,glute_focused,"Glutes, Glute medius, Adductors",3,10–15,60 sec,bodyweight+dumbbells
full_body_5x,Full Body 5×/week,5,beginner,1 of 4,muscle,muscle | maintain | default | recomp | cut_strength | cut_endurance | powerbuilding | hybrid_muscle | hybrid_strength | powerbuilding_cut | athletic_recomp | athletic_cut | athletic_bulk,3,full_body_d,Full Body D,2,Barbell overhead press,Shoulders — Vertical Push,shoulders_vertical_push,"Shoulders, Triceps, Upper chest",3,10–15,90 sec,barbell
full_body_5x,Full Body 5×/week,5,beginner,1 of 4,muscle,muscle | maintain | default | recomp | cut_strength | cut_endurance | powerbuilding | hybrid_muscle | hybrid_strength | powerbuilding_cut | athletic_recomp | athletic_cut | athletic_bulk,3,full_body_d,Full Body D,3,Face pull (cable),Rear Delt and Upper Back,rear_delt,"Rear deltoids, External rotators, Upper traps",2,15–20,60 sec,cables
full_body_5x,Full Body 5×/week,5,beginner,1 of 4,muscle,muscle | maintain | default | recomp | cut_strength | cut_endurance | powerbuilding | hybrid_muscle | hybrid_strength | powerbuilding_cut | athletic_recomp | athletic_cut | athletic_bulk,3,full_body_d,Full Body D,4,Cable tricep pushdown (rope or bar),Triceps,triceps,Triceps,2,12–15,60 sec,cables
full_body_5x,Full Body 5×/week,5,beginner,1 of 4,muscle,muscle | maintain | default | recomp | cut_strength | cut_endurance | powerbuilding | hybrid_muscle | hybrid_strength | powerbuilding_cut | athletic_recomp | athletic_cut | athletic_bulk,3,full_body_d,Full Body D,5,Cable crunch,Core — Weighted Ab Training,core,"Rectus abdominis, Obliques",2,12–20,60 sec,cables
full_body_5x,Full Body 5×/week,5,beginner,1 of 4,muscle,muscle | maintain | default | recomp | cut_strength | cut_endurance | powerbuilding | hybrid_muscle | hybrid_strength | powerbuilding_cut | athletic_recomp | athletic_cut | athletic_bulk,4,full_body_e,Full Body E,0,Leg extensions,Quads — Isolation,quad_isolation,Quads,2,12–20,60 sec,machines
full_body_5x,Full Body 5×/week,5,beginner,1 of 4,muscle,muscle | maintain | default | recomp | cut_strength | cut_endurance | powerbuilding | hybrid_muscle | hybrid_strength | powerbuilding_cut | athletic_recomp | athletic_cut | athletic_bulk,4,full_body_e,Full Body E,1,Seated leg curl,Hamstrings — Isolation,hamstring_isolation,Hamstrings,2,12–15,60 sec,machines
full_body_5x,Full Body 5×/week,5,beginner,1 of 4,muscle,muscle | maintain | default | recomp | cut_strength | cut_endurance | powerbuilding | hybrid_muscle | hybrid_strength | powerbuilding_cut | athletic_recomp | athletic_cut | athletic_bulk,4,full_body_e,Full Body E,2,Cable pull-through,Glutes — Compound and Isolation,glute_focused,"Glutes, Glute medius, Adductors",3,10–15,60 sec,cables
full_body_5x,Full Body 5×/week,5,beginner,1 of 4,muscle,muscle | maintain | default | recomp | cut_strength | cut_endurance | powerbuilding | hybrid_muscle | hybrid_strength | powerbuilding_cut | athletic_recomp | athletic_cut | athletic_bulk,4,full_body_e,Full Body E,3,Cable lat pullover (rope or bar),Back — Isolation / Lat Stretch,back_isolation,Lats,2,12–15,60 sec,cables
full_body_5x,Full Body 5×/week,5,beginner,1 of 4,muscle,muscle | maintain | default | recomp | cut_strength | cut_endurance | powerbuilding | hybrid_muscle | hybrid_strength | powerbuilding_cut | athletic_recomp | athletic_cut | athletic_bulk,4,full_body_e,Full Body E,4,Preacher curl,Biceps,biceps,"Biceps, Brachialis",2,12–15,60 sec,barbell
full_body_5x,Full Body 5×/week,5,beginner,1 of 4,muscle,muscle | maintain | default | recomp | cut_strength | cut_endurance | powerbuilding | hybrid_muscle | hybrid_strength | powerbuilding_cut | athletic_recomp | athletic_cut | athletic_bulk,4,full_body_e,Full Body E,5,Standing calf raise,Calves,calves,"Gastrocnemius, Soleus",2,10–15,60 sec,machines
full_body_5x,Full Body 5×/week,5,beginner,2 of 4,strength,strength,0,full_body_a,Full Body A,0,Barbell back squat,Quads — Squat Pattern,squat_pattern,"Quads, Glutes, Hamstrings",2,3–6,3–5 min,barbell
full_body_5x,Full Body 5×/week,5,beginner,2 of 4,strength,strength,0,full_body_a,Full Body A,1,Barbell bench press,Chest — Horizontal Push,chest_horizontal_push,"Chest, Shoulders, Triceps",2,3–6,3–5 min,barbell
full_body_5x,Full Body 5×/week,5,beginner,2 of 4,strength,strength,0,full_body_a,Full Body A,2,Barbell row,Back — Horizontal Pull (Back Thickness + Inner Back),back_horizontal_pull,"Lats, Rhomboids, Mid-traps, Rear delts, Biceps",2,3–6,3–5 min,barbell
full_body_5x,Full Body 5×/week,5,beginner,2 of 4,strength,strength,0,full_body_a,Full Body A,3,Cable lateral raise,Shoulders — Side Delt Isolation,shoulders_side_delt,Side deltoids,3,12–20,2 min,cables
full_body_5x,Full Body 5×/week,5,beginner,2 of 4,strength,strength,0,full_body_a,Full Body A,4,Overhead tricep extension,Triceps,triceps,Triceps,2,8–12,2 min,cables
full_body_5x,Full Body 5×/week,5,beginner,2 of 4,strength,strength,0,full_body_a,Full Body A,5,Standing calf raise,Calves,calves,"Gastrocnemius, Soleus",2,10–15,2 min,machines
full_body_5x,Full Body 5×/week,5,beginner,2 of 4,strength,strength,1,full_body_b,Full Body B,0,Romanian deadlift (barbell),Hamstrings and Glutes — Hip Hinge,hip_hinge,"Hamstrings, Glutes, Lower back",2,3–6,3–5 min,barbell
full_body_5x,Full Body 5×/week,5,beginner,2 of 4,strength,strength,1,full_body_b,Full Body B,1,Incline barbell press,Chest — Incline Push (Upper Chest),chest_incline_push,"Upper chest, Shoulders, Triceps",2,3–6,3–5 min,barbell
full_body_5x,Full Body 5×/week,5,beginner,2 of 4,strength,strength,1,full_body_b,Full Body B,2,Pull-up (overhand),Back — Vertical Pull (Lat Width),back_vertical_pull,"Lats, Biceps, Rear delts",2,6–10,3–5 min,pullup_bar
full_body_5x,Full Body 5×/week,5,beginner,2 of 4,strength,strength,1,full_body_b,Full Body B,3,Face pull (cable),Rear Delt and Upper Back,rear_delt,"Rear deltoids, External rotators, Upper traps",2,15–20,2 min,cables
full_body_5x,Full Body 5×/week,5,beginner,2 of 4,strength,strength,1,full_body_b,Full Body B,4,Bayesian cable curl,Biceps,biceps,"Biceps, Brachialis",2,8–12,2 min,cables
full_body_5x,Full Body 5×/week,5,beginner,2 of 4,strength,strength,1,full_body_b,Full Body B,5,Cable crunch,Core — Weighted Ab Training,core,"Rectus abdominis, Obliques",2,12–20,2 min,cables
full_body_5x,Full Body 5×/week,5,beginner,2 of 4,strength,strength,2,full_body_c,Full Body C,0,45° leg press,Quads — Squat Pattern,squat_pattern,"Quads, Glutes, Hamstrings",2,3–6,3–5 min,machines
full_body_5x,Full Body 5×/week,5,beginner,2 of 4,strength,strength,2,full_body_c,Full Body C,1,Cable crossover (lower chest),Chest — Decline / Lower Chest,chest_decline,"Lower chest, Mid chest, Triceps",2,8–12,2 min,cables
full_body_5x,Full Body 5×/week,5,beginner,2 of 4,strength,strength,2,full_body_c,Full Body C,2,Cable row (wide grip / flared elbows),Back — Inner Back / Rhomboids,back_inner,"Rhomboids, Mid-traps, Rear delts",2,10–15,2 min,cables
full_body_5x,Full Body 5×/week,5,beginner,2 of 4,strength,strength,2,full_body_c,Full Body C,3,Cable lateral raise,Shoulders — Side Delt Isolation,shoulders_side_delt,Side deltoids,2,12–20,2 min,cables
full_body_5x,Full Body 5×/week,5,beginner,2 of 4,strength,strength,2,full_body_c,Full Body C,4,Seated calf raise,Calves,calves,"Gastrocnemius, Soleus",2,10–15,2 min,machines
full_body_5x,Full Body 5×/week,5,beginner,2 of 4,strength,strength,2,full_body_c,Full Body C,5,Cable crunch,Core — Weighted Ab Training,core,"Rectus abdominis, Obliques",2,12–20,2 min,cables
full_body_5x,Full Body 5×/week,5,beginner,2 of 4,strength,strength,3,full_body_d,Full Body D,0,Romanian deadlift (barbell),Hamstrings and Glutes — Hip Hinge,hip_hinge,"Hamstrings, Glutes, Lower back",2,3–6,3–5 min,barbell
full_body_5x,Full Body 5×/week,5,beginner,2 of 4,strength,strength,3,full_body_d,Full Body D,1,Walking lunge (long stride),Glutes — Compound and Isolation,glute_focused,"Glutes, Glute medius, Adductors",3,10–15,2 min,bodyweight+dumbbells
full_body_5x,Full Body 5×/week,5,beginner,2 of 4,strength,strength,3,full_body_d,Full Body D,2,Barbell overhead press,Shoulders — Vertical Push,shoulders_vertical_push,"Shoulders, Triceps, Upper chest",3,3–6,3–5 min,barbell
full_body_5x,Full Body 5×/week,5,beginner,2 of 4,strength,strength,3,full_body_d,Full Body D,3,Face pull (cable),Rear Delt and Upper Back,rear_delt,"Rear deltoids, External rotators, Upper traps",2,15–20,2 min,cables
full_body_5x,Full Body 5×/week,5,beginner,2 of 4,strength,strength,3,full_body_d,Full Body D,4,Cable tricep pushdown (rope or bar),Triceps,triceps,Triceps,2,8–12,2 min,cables
full_body_5x,Full Body 5×/week,5,beginner,2 of 4,strength,strength,3,full_body_d,Full Body D,5,Cable crunch,Core — Weighted Ab Training,core,"Rectus abdominis, Obliques",2,12–20,2 min,cables
full_body_5x,Full Body 5×/week,5,beginner,2 of 4,strength,strength,4,full_body_e,Full Body E,0,Leg extensions,Quads — Isolation,quad_isolation,Quads,2,12–20,2 min,machines
full_body_5x,Full Body 5×/week,5,beginner,2 of 4,strength,strength,4,full_body_e,Full Body E,1,Seated leg curl,Hamstrings — Isolation,hamstring_isolation,Hamstrings,2,8–12,2 min,machines
full_body_5x,Full Body 5×/week,5,beginner,2 of 4,strength,strength,4,full_body_e,Full Body E,2,Cable pull-through,Glutes — Compound and Isolation,glute_focused,"Glutes, Glute medius, Adductors",3,10–15,2 min,cables
full_body_5x,Full Body 5×/week,5,beginner,2 of 4,strength,strength,4,full_body_e,Full Body E,3,Cable lat pullover (rope or bar),Back — Isolation / Lat Stretch,back_isolation,Lats,2,8–12,2 min,cables
full_body_5x,Full Body 5×/week,5,beginner,2 of 4,strength,strength,4,full_body_e,Full Body E,4,Preacher curl,Biceps,biceps,"Biceps, Brachialis",2,8–12,2 min,barbell
full_body_5x,Full Body 5×/week,5,beginner,2 of 4,strength,strength,4,full_body_e,Full Body E,5,Standing calf raise,Calves,calves,"Gastrocnemius, Soleus",2,10–15,2 min,machines
full_body_5x,Full Body 5×/week,5,beginner,3 of 4,lose,lose,0,full_body_a,Full Body A,0,Barbell back squat,Quads — Squat Pattern,squat_pattern,"Quads, Glutes, Hamstrings",2,6–10,2–3 min,barbell
full_body_5x,Full Body 5×/week,5,beginner,3 of 4,lose,lose,0,full_body_a,Full Body A,1,Barbell bench press,Chest — Horizontal Push,chest_horizontal_push,"Chest, Shoulders, Triceps",2,6–10,2–3 min,barbell
full_body_5x,Full Body 5×/week,5,beginner,3 of 4,lose,lose,0,full_body_a,Full Body A,2,Barbell row,Back — Horizontal Pull (Back Thickness + Inner Back),back_horizontal_pull,"Lats, Rhomboids, Mid-traps, Rear delts, Biceps",2,6–10,2–3 min,barbell
full_body_5x,Full Body 5×/week,5,beginner,3 of 4,lose,lose,0,full_body_a,Full Body A,3,Cable lateral raise,Shoulders — Side Delt Isolation,shoulders_side_delt,Side deltoids,3,12–20,90 sec,cables
full_body_5x,Full Body 5×/week,5,beginner,3 of 4,lose,lose,0,full_body_a,Full Body A,4,Overhead tricep extension,Triceps,triceps,Triceps,2,12–15,90 sec,cables
full_body_5x,Full Body 5×/week,5,beginner,3 of 4,lose,lose,0,full_body_a,Full Body A,5,Standing calf raise,Calves,calves,"Gastrocnemius, Soleus",2,10–15,90 sec,machines
full_body_5x,Full Body 5×/week,5,beginner,3 of 4,lose,lose,1,full_body_b,Full Body B,0,Romanian deadlift (barbell),Hamstrings and Glutes — Hip Hinge,hip_hinge,"Hamstrings, Glutes, Lower back",2,6–10,2–3 min,barbell
full_body_5x,Full Body 5×/week,5,beginner,3 of 4,lose,lose,1,full_body_b,Full Body B,1,Incline barbell press,Chest — Incline Push (Upper Chest),chest_incline_push,"Upper chest, Shoulders, Triceps",2,6–10,2–3 min,barbell
full_body_5x,Full Body 5×/week,5,beginner,3 of 4,lose,lose,1,full_body_b,Full Body B,2,Pull-up (overhand),Back — Vertical Pull (Lat Width),back_vertical_pull,"Lats, Biceps, Rear delts",2,6–10,2–3 min,pullup_bar
full_body_5x,Full Body 5×/week,5,beginner,3 of 4,lose,lose,1,full_body_b,Full Body B,3,Face pull (cable),Rear Delt and Upper Back,rear_delt,"Rear deltoids, External rotators, Upper traps",2,15–20,90 sec,cables
full_body_5x,Full Body 5×/week,5,beginner,3 of 4,lose,lose,1,full_body_b,Full Body B,4,Bayesian cable curl,Biceps,biceps,"Biceps, Brachialis",2,12–15,90 sec,cables
full_body_5x,Full Body 5×/week,5,beginner,3 of 4,lose,lose,1,full_body_b,Full Body B,5,Cable crunch,Core — Weighted Ab Training,core,"Rectus abdominis, Obliques",2,12–20,90 sec,cables
full_body_5x,Full Body 5×/week,5,beginner,3 of 4,lose,lose,2,full_body_c,Full Body C,0,45° leg press,Quads — Squat Pattern,squat_pattern,"Quads, Glutes, Hamstrings",2,6–10,2–3 min,machines
full_body_5x,Full Body 5×/week,5,beginner,3 of 4,lose,lose,2,full_body_c,Full Body C,1,Cable crossover (lower chest),Chest — Decline / Lower Chest,chest_decline,"Lower chest, Mid chest, Triceps",2,12–15,90 sec,cables
full_body_5x,Full Body 5×/week,5,beginner,3 of 4,lose,lose,2,full_body_c,Full Body C,2,Cable row (wide grip / flared elbows),Back — Inner Back / Rhomboids,back_inner,"Rhomboids, Mid-traps, Rear delts",2,10–15,90 sec,cables
full_body_5x,Full Body 5×/week,5,beginner,3 of 4,lose,lose,2,full_body_c,Full Body C,3,Cable lateral raise,Shoulders — Side Delt Isolation,shoulders_side_delt,Side deltoids,2,12–20,90 sec,cables
full_body_5x,Full Body 5×/week,5,beginner,3 of 4,lose,lose,2,full_body_c,Full Body C,4,Seated calf raise,Calves,calves,"Gastrocnemius, Soleus",2,10–15,90 sec,machines
full_body_5x,Full Body 5×/week,5,beginner,3 of 4,lose,lose,2,full_body_c,Full Body C,5,Cable crunch,Core — Weighted Ab Training,core,"Rectus abdominis, Obliques",2,12–20,90 sec,cables
full_body_5x,Full Body 5×/week,5,beginner,3 of 4,lose,lose,3,full_body_d,Full Body D,0,Romanian deadlift (barbell),Hamstrings and Glutes — Hip Hinge,hip_hinge,"Hamstrings, Glutes, Lower back",2,6–10,2–3 min,barbell
full_body_5x,Full Body 5×/week,5,beginner,3 of 4,lose,lose,3,full_body_d,Full Body D,1,Walking lunge (long stride),Glutes — Compound and Isolation,glute_focused,"Glutes, Glute medius, Adductors",3,10–15,90 sec,bodyweight+dumbbells
full_body_5x,Full Body 5×/week,5,beginner,3 of 4,lose,lose,3,full_body_d,Full Body D,2,Barbell overhead press,Shoulders — Vertical Push,shoulders_vertical_push,"Shoulders, Triceps, Upper chest",3,6–10,2–3 min,barbell
full_body_5x,Full Body 5×/week,5,beginner,3 of 4,lose,lose,3,full_body_d,Full Body D,3,Face pull (cable),Rear Delt and Upper Back,rear_delt,"Rear deltoids, External rotators, Upper traps",2,15–20,90 sec,cables
full_body_5x,Full Body 5×/week,5,beginner,3 of 4,lose,lose,3,full_body_d,Full Body D,4,Cable tricep pushdown (rope or bar),Triceps,triceps,Triceps,2,12–15,90 sec,cables
full_body_5x,Full Body 5×/week,5,beginner,3 of 4,lose,lose,3,full_body_d,Full Body D,5,Cable crunch,Core — Weighted Ab Training,core,"Rectus abdominis, Obliques",2,12–20,90 sec,cables
full_body_5x,Full Body 5×/week,5,beginner,3 of 4,lose,lose,4,full_body_e,Full Body E,0,Leg extensions,Quads — Isolation,quad_isolation,Quads,2,12–20,90 sec,machines
full_body_5x,Full Body 5×/week,5,beginner,3 of 4,lose,lose,4,full_body_e,Full Body E,1,Seated leg curl,Hamstrings — Isolation,hamstring_isolation,Hamstrings,2,12–15,90 sec,machines
full_body_5x,Full Body 5×/week,5,beginner,3 of 4,lose,lose,4,full_body_e,Full Body E,2,Cable pull-through,Glutes — Compound and Isolation,glute_focused,"Glutes, Glute medius, Adductors",3,10–15,90 sec,cables
full_body_5x,Full Body 5×/week,5,beginner,3 of 4,lose,lose,4,full_body_e,Full Body E,3,Cable lat pullover (rope or bar),Back — Isolation / Lat Stretch,back_isolation,Lats,2,12–15,90 sec,cables
full_body_5x,Full Body 5×/week,5,beginner,3 of 4,lose,lose,4,full_body_e,Full Body E,4,Preacher curl,Biceps,biceps,"Biceps, Brachialis",2,12–15,90 sec,barbell
full_body_5x,Full Body 5×/week,5,beginner,3 of 4,lose,lose,4,full_body_e,Full Body E,5,Standing calf raise,Calves,calves,"Gastrocnemius, Soleus",2,10–15,90 sec,machines
full_body_5x,Full Body 5×/week,5,beginner,4 of 4,endurance,endurance,0,full_body_a,Full Body A,0,Barbell back squat,Quads — Squat Pattern,squat_pattern,"Quads, Glutes, Hamstrings",2,12–20,60 sec,barbell
full_body_5x,Full Body 5×/week,5,beginner,4 of 4,endurance,endurance,0,full_body_a,Full Body A,1,Barbell bench press,Chest — Horizontal Push,chest_horizontal_push,"Chest, Shoulders, Triceps",2,12–20,60 sec,barbell
full_body_5x,Full Body 5×/week,5,beginner,4 of 4,endurance,endurance,0,full_body_a,Full Body A,2,Barbell row,Back — Horizontal Pull (Back Thickness + Inner Back),back_horizontal_pull,"Lats, Rhomboids, Mid-traps, Rear delts, Biceps",2,12–20,60 sec,barbell
full_body_5x,Full Body 5×/week,5,beginner,4 of 4,endurance,endurance,0,full_body_a,Full Body A,3,Cable lateral raise,Shoulders — Side Delt Isolation,shoulders_side_delt,Side deltoids,3,12–20,30–45 sec,cables
full_body_5x,Full Body 5×/week,5,beginner,4 of 4,endurance,endurance,0,full_body_a,Full Body A,4,Overhead tricep extension,Triceps,triceps,Triceps,2,15–25,30–45 sec,cables
full_body_5x,Full Body 5×/week,5,beginner,4 of 4,endurance,endurance,0,full_body_a,Full Body A,5,Standing calf raise,Calves,calves,"Gastrocnemius, Soleus",2,10–15,30–45 sec,machines
full_body_5x,Full Body 5×/week,5,beginner,4 of 4,endurance,endurance,1,full_body_b,Full Body B,0,Romanian deadlift (barbell),Hamstrings and Glutes — Hip Hinge,hip_hinge,"Hamstrings, Glutes, Lower back",2,12–20,60 sec,barbell
full_body_5x,Full Body 5×/week,5,beginner,4 of 4,endurance,endurance,1,full_body_b,Full Body B,1,Incline barbell press,Chest — Incline Push (Upper Chest),chest_incline_push,"Upper chest, Shoulders, Triceps",2,12–20,60 sec,barbell
full_body_5x,Full Body 5×/week,5,beginner,4 of 4,endurance,endurance,1,full_body_b,Full Body B,2,Pull-up (overhand),Back — Vertical Pull (Lat Width),back_vertical_pull,"Lats, Biceps, Rear delts",2,6–10,60 sec,pullup_bar
full_body_5x,Full Body 5×/week,5,beginner,4 of 4,endurance,endurance,1,full_body_b,Full Body B,3,Face pull (cable),Rear Delt and Upper Back,rear_delt,"Rear deltoids, External rotators, Upper traps",2,15–20,30–45 sec,cables
full_body_5x,Full Body 5×/week,5,beginner,4 of 4,endurance,endurance,1,full_body_b,Full Body B,4,Bayesian cable curl,Biceps,biceps,"Biceps, Brachialis",2,15–25,30–45 sec,cables
full_body_5x,Full Body 5×/week,5,beginner,4 of 4,endurance,endurance,1,full_body_b,Full Body B,5,Cable crunch,Core — Weighted Ab Training,core,"Rectus abdominis, Obliques",2,12–20,30–45 sec,cables
full_body_5x,Full Body 5×/week,5,beginner,4 of 4,endurance,endurance,2,full_body_c,Full Body C,0,45° leg press,Quads — Squat Pattern,squat_pattern,"Quads, Glutes, Hamstrings",2,12–20,60 sec,machines
full_body_5x,Full Body 5×/week,5,beginner,4 of 4,endurance,endurance,2,full_body_c,Full Body C,1,Cable crossover (lower chest),Chest — Decline / Lower Chest,chest_decline,"Lower chest, Mid chest, Triceps",2,15–25,30–45 sec,cables
full_body_5x,Full Body 5×/week,5,beginner,4 of 4,endurance,endurance,2,full_body_c,Full Body C,2,Cable row (wide grip / flared elbows),Back — Inner Back / Rhomboids,back_inner,"Rhomboids, Mid-traps, Rear delts",2,10–15,30–45 sec,cables
full_body_5x,Full Body 5×/week,5,beginner,4 of 4,endurance,endurance,2,full_body_c,Full Body C,3,Cable lateral raise,Shoulders — Side Delt Isolation,shoulders_side_delt,Side deltoids,2,12–20,30–45 sec,cables
full_body_5x,Full Body 5×/week,5,beginner,4 of 4,endurance,endurance,2,full_body_c,Full Body C,4,Seated calf raise,Calves,calves,"Gastrocnemius, Soleus",2,10–15,30–45 sec,machines
full_body_5x,Full Body 5×/week,5,beginner,4 of 4,endurance,endurance,2,full_body_c,Full Body C,5,Cable crunch,Core — Weighted Ab Training,core,"Rectus abdominis, Obliques",2,12–20,30–45 sec,cables
full_body_5x,Full Body 5×/week,5,beginner,4 of 4,endurance,endurance,3,full_body_d,Full Body D,0,Romanian deadlift (barbell),Hamstrings and Glutes — Hip Hinge,hip_hinge,"Hamstrings, Glutes, Lower back",2,12–20,60 sec,barbell
full_body_5x,Full Body 5×/week,5,beginner,4 of 4,endurance,endurance,3,full_body_d,Full Body D,1,Walking lunge (long stride),Glutes — Compound and Isolation,glute_focused,"Glutes, Glute medius, Adductors",3,10–15,30–45 sec,bodyweight+dumbbells
full_body_5x,Full Body 5×/week,5,beginner,4 of 4,endurance,endurance,3,full_body_d,Full Body D,2,Barbell overhead press,Shoulders — Vertical Push,shoulders_vertical_push,"Shoulders, Triceps, Upper chest",3,12–20,60 sec,barbell
full_body_5x,Full Body 5×/week,5,beginner,4 of 4,endurance,endurance,3,full_body_d,Full Body D,3,Face pull (cable),Rear Delt and Upper Back,rear_delt,"Rear deltoids, External rotators, Upper traps",2,15–20,30–45 sec,cables
full_body_5x,Full Body 5×/week,5,beginner,4 of 4,endurance,endurance,3,full_body_d,Full Body D,4,Cable tricep pushdown (rope or bar),Triceps,triceps,Triceps,2,15–25,30–45 sec,cables
full_body_5x,Full Body 5×/week,5,beginner,4 of 4,endurance,endurance,3,full_body_d,Full Body D,5,Cable crunch,Core — Weighted Ab Training,core,"Rectus abdominis, Obliques",2,12–20,30–45 sec,cables
full_body_5x,Full Body 5×/week,5,beginner,4 of 4,endurance,endurance,4,full_body_e,Full Body E,0,Leg extensions,Quads — Isolation,quad_isolation,Quads,2,12–20,30–45 sec,machines
full_body_5x,Full Body 5×/week,5,beginner,4 of 4,endurance,endurance,4,full_body_e,Full Body E,1,Seated leg curl,Hamstrings — Isolation,hamstring_isolation,Hamstrings,2,15–25,30–45 sec,machines
full_body_5x,Full Body 5×/week,5,beginner,4 of 4,endurance,endurance,4,full_body_e,Full Body E,2,Cable pull-through,Glutes — Compound and Isolation,glute_focused,"Glutes, Glute medius, Adductors",3,10–15,30–45 sec,cables
full_body_5x,Full Body 5×/week,5,beginner,4 of 4,endurance,endurance,4,full_body_e,Full Body E,3,Cable lat pullover (rope or bar),Back — Isolation / Lat Stretch,back_isolation,Lats,2,15–25,30–45 sec,cables
full_body_5x,Full Body 5×/week,5,beginner,4 of 4,endurance,endurance,4,full_body_e,Full Body E,4,Preacher curl,Biceps,biceps,"Biceps, Brachialis",2,15–25,30–45 sec,barbell
full_body_5x,Full Body 5×/week,5,beginner,4 of 4,endurance,endurance,4,full_body_e,Full Body E,5,Standing calf raise,Calves,calves,"Gastrocnemius, Soleus",2,10–15,30–45 sec,machines
full_body_5x,Full Body 5×/week,5,intermediate,1 of 4,muscle,muscle | maintain | default | recomp | cut_strength | cut_endurance | powerbuilding | hybrid_muscle | hybrid_strength | powerbuilding_cut | athletic_recomp | athletic_cut | athletic_bulk,0,full_body_a,Full Body A,0,Barbell back squat,Quads — Squat Pattern,squat_pattern,"Quads, Glutes, Hamstrings",4,10–15,90 sec,barbell
full_body_5x,Full Body 5×/week,5,intermediate,1 of 4,muscle,muscle | maintain | default | recomp | cut_strength | cut_endurance | powerbuilding | hybrid_muscle | hybrid_strength | powerbuilding_cut | athletic_recomp | athletic_cut | athletic_bulk,0,full_body_a,Full Body A,1,Barbell bench press,Chest — Horizontal Push,chest_horizontal_push,"Chest, Shoulders, Triceps",4,10–15,90 sec,barbell
full_body_5x,Full Body 5×/week,5,intermediate,1 of 4,muscle,muscle | maintain | default | recomp | cut_strength | cut_endurance | powerbuilding | hybrid_muscle | hybrid_strength | powerbuilding_cut | athletic_recomp | athletic_cut | athletic_bulk,0,full_body_a,Full Body A,2,Barbell row,Back — Horizontal Pull (Back Thickness + Inner Back),back_horizontal_pull,"Lats, Rhomboids, Mid-traps, Rear delts, Biceps",3,10–15,90 sec,barbell
full_body_5x,Full Body 5×/week,5,intermediate,1 of 4,muscle,muscle | maintain | default | recomp | cut_strength | cut_endurance | powerbuilding | hybrid_muscle | hybrid_strength | powerbuilding_cut | athletic_recomp | athletic_cut | athletic_bulk,0,full_body_a,Full Body A,3,Cable lateral raise,Shoulders — Side Delt Isolation,shoulders_side_delt,Side deltoids,5,12–20,60 sec,cables
full_body_5x,Full Body 5×/week,5,intermediate,1 of 4,muscle,muscle | maintain | default | recomp | cut_strength | cut_endurance | powerbuilding | hybrid_muscle | hybrid_strength | powerbuilding_cut | athletic_recomp | athletic_cut | athletic_bulk,0,full_body_a,Full Body A,4,Overhead tricep extension,Triceps,triceps,Triceps,4,12–15,60 sec,cables
full_body_5x,Full Body 5×/week,5,intermediate,1 of 4,muscle,muscle | maintain | default | recomp | cut_strength | cut_endurance | powerbuilding | hybrid_muscle | hybrid_strength | powerbuilding_cut | athletic_recomp | athletic_cut | athletic_bulk,0,full_body_a,Full Body A,5,Standing calf raise,Calves,calves,"Gastrocnemius, Soleus",4,10–15,60 sec,machines
full_body_5x,Full Body 5×/week,5,intermediate,1 of 4,muscle,muscle | maintain | default | recomp | cut_strength | cut_endurance | powerbuilding | hybrid_muscle | hybrid_strength | powerbuilding_cut | athletic_recomp | athletic_cut | athletic_bulk,1,full_body_b,Full Body B,0,Romanian deadlift (barbell),Hamstrings and Glutes — Hip Hinge,hip_hinge,"Hamstrings, Glutes, Lower back",4,10–15,90 sec,barbell
full_body_5x,Full Body 5×/week,5,intermediate,1 of 4,muscle,muscle | maintain | default | recomp | cut_strength | cut_endurance | powerbuilding | hybrid_muscle | hybrid_strength | powerbuilding_cut | athletic_recomp | athletic_cut | athletic_bulk,1,full_body_b,Full Body B,1,Incline barbell press,Chest — Incline Push (Upper Chest),chest_incline_push,"Upper chest, Shoulders, Triceps",4,10–15,90 sec,barbell
full_body_5x,Full Body 5×/week,5,intermediate,1 of 4,muscle,muscle | maintain | default | recomp | cut_strength | cut_endurance | powerbuilding | hybrid_muscle | hybrid_strength | powerbuilding_cut | athletic_recomp | athletic_cut | athletic_bulk,1,full_body_b,Full Body B,2,Pull-up (overhand),Back — Vertical Pull (Lat Width),back_vertical_pull,"Lats, Biceps, Rear delts",3,6–10,90 sec,pullup_bar
full_body_5x,Full Body 5×/week,5,intermediate,1 of 4,muscle,muscle | maintain | default | recomp | cut_strength | cut_endurance | powerbuilding | hybrid_muscle | hybrid_strength | powerbuilding_cut | athletic_recomp | athletic_cut | athletic_bulk,1,full_body_b,Full Body B,3,Face pull (cable),Rear Delt and Upper Back,rear_delt,"Rear deltoids, External rotators, Upper traps",4,15–20,60 sec,cables
full_body_5x,Full Body 5×/week,5,intermediate,1 of 4,muscle,muscle | maintain | default | recomp | cut_strength | cut_endurance | powerbuilding | hybrid_muscle | hybrid_strength | powerbuilding_cut | athletic_recomp | athletic_cut | athletic_bulk,1,full_body_b,Full Body B,4,Bayesian cable curl,Biceps,biceps,"Biceps, Brachialis",4,12–15,60 sec,cables
full_body_5x,Full Body 5×/week,5,intermediate,1 of 4,muscle,muscle | maintain | default | recomp | cut_strength | cut_endurance | powerbuilding | hybrid_muscle | hybrid_strength | powerbuilding_cut | athletic_recomp | athletic_cut | athletic_bulk,1,full_body_b,Full Body B,5,Cable crunch,Core — Weighted Ab Training,core,"Rectus abdominis, Obliques",3,12–20,60 sec,cables
full_body_5x,Full Body 5×/week,5,intermediate,1 of 4,muscle,muscle | maintain | default | recomp | cut_strength | cut_endurance | powerbuilding | hybrid_muscle | hybrid_strength | powerbuilding_cut | athletic_recomp | athletic_cut | athletic_bulk,2,full_body_c,Full Body C,0,45° leg press,Quads — Squat Pattern,squat_pattern,"Quads, Glutes, Hamstrings",4,10–15,90 sec,machines
full_body_5x,Full Body 5×/week,5,intermediate,1 of 4,muscle,muscle | maintain | default | recomp | cut_strength | cut_endurance | powerbuilding | hybrid_muscle | hybrid_strength | powerbuilding_cut | athletic_recomp | athletic_cut | athletic_bulk,2,full_body_c,Full Body C,1,Cable crossover (lower chest),Chest — Decline / Lower Chest,chest_decline,"Lower chest, Mid chest, Triceps",4,12–15,60 sec,cables
full_body_5x,Full Body 5×/week,5,intermediate,1 of 4,muscle,muscle | maintain | default | recomp | cut_strength | cut_endurance | powerbuilding | hybrid_muscle | hybrid_strength | powerbuilding_cut | athletic_recomp | athletic_cut | athletic_bulk,2,full_body_c,Full Body C,2,Cable row (wide grip / flared elbows),Back — Inner Back / Rhomboids,back_inner,"Rhomboids, Mid-traps, Rear delts",3,10–15,60 sec,cables
full_body_5x,Full Body 5×/week,5,intermediate,1 of 4,muscle,muscle | maintain | default | recomp | cut_strength | cut_endurance | powerbuilding | hybrid_muscle | hybrid_strength | powerbuilding_cut | athletic_recomp | athletic_cut | athletic_bulk,2,full_body_c,Full Body C,3,Cable lateral raise,Shoulders — Side Delt Isolation,shoulders_side_delt,Side deltoids,5,12–20,60 sec,cables
full_body_5x,Full Body 5×/week,5,intermediate,1 of 4,muscle,muscle | maintain | default | recomp | cut_strength | cut_endurance | powerbuilding | hybrid_muscle | hybrid_strength | powerbuilding_cut | athletic_recomp | athletic_cut | athletic_bulk,2,full_body_c,Full Body C,4,Seated calf raise,Calves,calves,"Gastrocnemius, Soleus",3,10–15,60 sec,machines
full_body_5x,Full Body 5×/week,5,intermediate,1 of 4,muscle,muscle | maintain | default | recomp | cut_strength | cut_endurance | powerbuilding | hybrid_muscle | hybrid_strength | powerbuilding_cut | athletic_recomp | athletic_cut | athletic_bulk,2,full_body_c,Full Body C,5,Cable crunch,Core — Weighted Ab Training,core,"Rectus abdominis, Obliques",3,12–20,60 sec,cables
full_body_5x,Full Body 5×/week,5,intermediate,1 of 4,muscle,muscle | maintain | default | recomp | cut_strength | cut_endurance | powerbuilding | hybrid_muscle | hybrid_strength | powerbuilding_cut | athletic_recomp | athletic_cut | athletic_bulk,3,full_body_d,Full Body D,0,Conventional deadlift,Hamstrings and Glutes — Hip Hinge,hip_hinge,"Hamstrings, Glutes, Lower back",3,10–15,90 sec,barbell
full_body_5x,Full Body 5×/week,5,intermediate,1 of 4,muscle,muscle | maintain | default | recomp | cut_strength | cut_endurance | powerbuilding | hybrid_muscle | hybrid_strength | powerbuilding_cut | athletic_recomp | athletic_cut | athletic_bulk,3,full_body_d,Full Body D,1,Walking lunge (long stride),Glutes — Compound and Isolation,glute_focused,"Glutes, Glute medius, Adductors",4,10–15,60 sec,bodyweight+dumbbells
full_body_5x,Full Body 5×/week,5,intermediate,1 of 4,muscle,muscle | maintain | default | recomp | cut_strength | cut_endurance | powerbuilding | hybrid_muscle | hybrid_strength | powerbuilding_cut | athletic_recomp | athletic_cut | athletic_bulk,3,full_body_d,Full Body D,2,Barbell overhead press,Shoulders — Vertical Push,shoulders_vertical_push,"Shoulders, Triceps, Upper chest",3,10–15,90 sec,barbell
full_body_5x,Full Body 5×/week,5,intermediate,1 of 4,muscle,muscle | maintain | default | recomp | cut_strength | cut_endurance | powerbuilding | hybrid_muscle | hybrid_strength | powerbuilding_cut | athletic_recomp | athletic_cut | athletic_bulk,3,full_body_d,Full Body D,3,Face pull (cable),Rear Delt and Upper Back,rear_delt,"Rear deltoids, External rotators, Upper traps",4,15–20,60 sec,cables
full_body_5x,Full Body 5×/week,5,intermediate,1 of 4,muscle,muscle | maintain | default | recomp | cut_strength | cut_endurance | powerbuilding | hybrid_muscle | hybrid_strength | powerbuilding_cut | athletic_recomp | athletic_cut | athletic_bulk,3,full_body_d,Full Body D,4,Cable tricep pushdown (rope or bar),Triceps,triceps,Triceps,4,12–15,60 sec,cables
full_body_5x,Full Body 5×/week,5,intermediate,1 of 4,muscle,muscle | maintain | default | recomp | cut_strength | cut_endurance | powerbuilding | hybrid_muscle | hybrid_strength | powerbuilding_cut | athletic_recomp | athletic_cut | athletic_bulk,3,full_body_d,Full Body D,5,Cable crunch,Core — Weighted Ab Training,core,"Rectus abdominis, Obliques",2,12–20,60 sec,cables
full_body_5x,Full Body 5×/week,5,intermediate,1 of 4,muscle,muscle | maintain | default | recomp | cut_strength | cut_endurance | powerbuilding | hybrid_muscle | hybrid_strength | powerbuilding_cut | athletic_recomp | athletic_cut | athletic_bulk,4,full_body_e,Full Body E,0,Leg extensions,Quads — Isolation,quad_isolation,Quads,4,12–20,60 sec,machines
full_body_5x,Full Body 5×/week,5,intermediate,1 of 4,muscle,muscle | maintain | default | recomp | cut_strength | cut_endurance | powerbuilding | hybrid_muscle | hybrid_strength | powerbuilding_cut | athletic_recomp | athletic_cut | athletic_bulk,4,full_body_e,Full Body E,1,Seated leg curl,Hamstrings — Isolation,hamstring_isolation,Hamstrings,3,12–15,60 sec,machines
full_body_5x,Full Body 5×/week,5,intermediate,1 of 4,muscle,muscle | maintain | default | recomp | cut_strength | cut_endurance | powerbuilding | hybrid_muscle | hybrid_strength | powerbuilding_cut | athletic_recomp | athletic_cut | athletic_bulk,4,full_body_e,Full Body E,2,Cable pull-through,Glutes — Compound and Isolation,glute_focused,"Glutes, Glute medius, Adductors",4,10–15,60 sec,cables
full_body_5x,Full Body 5×/week,5,intermediate,1 of 4,muscle,muscle | maintain | default | recomp | cut_strength | cut_endurance | powerbuilding | hybrid_muscle | hybrid_strength | powerbuilding_cut | athletic_recomp | athletic_cut | athletic_bulk,4,full_body_e,Full Body E,3,Cable lat pullover (rope or bar),Back — Isolation / Lat Stretch,back_isolation,Lats,3,12–15,60 sec,cables
full_body_5x,Full Body 5×/week,5,intermediate,1 of 4,muscle,muscle | maintain | default | recomp | cut_strength | cut_endurance | powerbuilding | hybrid_muscle | hybrid_strength | powerbuilding_cut | athletic_recomp | athletic_cut | athletic_bulk,4,full_body_e,Full Body E,4,Preacher curl,Biceps,biceps,"Biceps, Brachialis",4,12–15,60 sec,barbell
full_body_5x,Full Body 5×/week,5,intermediate,1 of 4,muscle,muscle | maintain | default | recomp | cut_strength | cut_endurance | powerbuilding | hybrid_muscle | hybrid_strength | powerbuilding_cut | athletic_recomp | athletic_cut | athletic_bulk,4,full_body_e,Full Body E,5,Standing calf raise,Calves,calves,"Gastrocnemius, Soleus",3,10–15,60 sec,machines
full_body_5x,Full Body 5×/week,5,intermediate,2 of 4,strength,strength,0,full_body_a,Full Body A,0,Barbell back squat,Quads — Squat Pattern,squat_pattern,"Quads, Glutes, Hamstrings",4,3–6,3–5 min,barbell
full_body_5x,Full Body 5×/week,5,intermediate,2 of 4,strength,strength,0,full_body_a,Full Body A,1,Barbell bench press,Chest — Horizontal Push,chest_horizontal_push,"Chest, Shoulders, Triceps",4,3–6,3–5 min,barbell
full_body_5x,Full Body 5×/week,5,intermediate,2 of 4,strength,strength,0,full_body_a,Full Body A,2,Barbell row,Back — Horizontal Pull (Back Thickness + Inner Back),back_horizontal_pull,"Lats, Rhomboids, Mid-traps, Rear delts, Biceps",3,3–6,3–5 min,barbell
full_body_5x,Full Body 5×/week,5,intermediate,2 of 4,strength,strength,0,full_body_a,Full Body A,3,Cable lateral raise,Shoulders — Side Delt Isolation,shoulders_side_delt,Side deltoids,5,12–20,2 min,cables
full_body_5x,Full Body 5×/week,5,intermediate,2 of 4,strength,strength,0,full_body_a,Full Body A,4,Overhead tricep extension,Triceps,triceps,Triceps,4,8–12,2 min,cables
full_body_5x,Full Body 5×/week,5,intermediate,2 of 4,strength,strength,0,full_body_a,Full Body A,5,Standing calf raise,Calves,calves,"Gastrocnemius, Soleus",4,10–15,2 min,machines
full_body_5x,Full Body 5×/week,5,intermediate,2 of 4,strength,strength,1,full_body_b,Full Body B,0,Romanian deadlift (barbell),Hamstrings and Glutes — Hip Hinge,hip_hinge,"Hamstrings, Glutes, Lower back",4,3–6,3–5 min,barbell
full_body_5x,Full Body 5×/week,5,intermediate,2 of 4,strength,strength,1,full_body_b,Full Body B,1,Incline barbell press,Chest — Incline Push (Upper Chest),chest_incline_push,"Upper chest, Shoulders, Triceps",4,3–6,3–5 min,barbell
full_body_5x,Full Body 5×/week,5,intermediate,2 of 4,strength,strength,1,full_body_b,Full Body B,2,Pull-up (overhand),Back — Vertical Pull (Lat Width),back_vertical_pull,"Lats, Biceps, Rear delts",3,6–10,3–5 min,pullup_bar
full_body_5x,Full Body 5×/week,5,intermediate,2 of 4,strength,strength,1,full_body_b,Full Body B,3,Face pull (cable),Rear Delt and Upper Back,rear_delt,"Rear deltoids, External rotators, Upper traps",4,15–20,2 min,cables
full_body_5x,Full Body 5×/week,5,intermediate,2 of 4,strength,strength,1,full_body_b,Full Body B,4,Bayesian cable curl,Biceps,biceps,"Biceps, Brachialis",4,8–12,2 min,cables
full_body_5x,Full Body 5×/week,5,intermediate,2 of 4,strength,strength,1,full_body_b,Full Body B,5,Cable crunch,Core — Weighted Ab Training,core,"Rectus abdominis, Obliques",3,12–20,2 min,cables
full_body_5x,Full Body 5×/week,5,intermediate,2 of 4,strength,strength,2,full_body_c,Full Body C,0,45° leg press,Quads — Squat Pattern,squat_pattern,"Quads, Glutes, Hamstrings",4,3–6,3–5 min,machines
full_body_5x,Full Body 5×/week,5,intermediate,2 of 4,strength,strength,2,full_body_c,Full Body C,1,Cable crossover (lower chest),Chest — Decline / Lower Chest,chest_decline,"Lower chest, Mid chest, Triceps",4,8–12,2 min,cables
full_body_5x,Full Body 5×/week,5,intermediate,2 of 4,strength,strength,2,full_body_c,Full Body C,2,Cable row (wide grip / flared elbows),Back — Inner Back / Rhomboids,back_inner,"Rhomboids, Mid-traps, Rear delts",3,10–15,2 min,cables
full_body_5x,Full Body 5×/week,5,intermediate,2 of 4,strength,strength,2,full_body_c,Full Body C,3,Cable lateral raise,Shoulders — Side Delt Isolation,shoulders_side_delt,Side deltoids,5,12–20,2 min,cables
full_body_5x,Full Body 5×/week,5,intermediate,2 of 4,strength,strength,2,full_body_c,Full Body C,4,Seated calf raise,Calves,calves,"Gastrocnemius, Soleus",3,10–15,2 min,machines
full_body_5x,Full Body 5×/week,5,intermediate,2 of 4,strength,strength,2,full_body_c,Full Body C,5,Cable crunch,Core — Weighted Ab Training,core,"Rectus abdominis, Obliques",3,12–20,2 min,cables
full_body_5x,Full Body 5×/week,5,intermediate,2 of 4,strength,strength,3,full_body_d,Full Body D,0,Conventional deadlift,Hamstrings and Glutes — Hip Hinge,hip_hinge,"Hamstrings, Glutes, Lower back",3,3–6,3–5 min,barbell
full_body_5x,Full Body 5×/week,5,intermediate,2 of 4,strength,strength,3,full_body_d,Full Body D,1,Walking lunge (long stride),Glutes — Compound and Isolation,glute_focused,"Glutes, Glute medius, Adductors",4,10–15,2 min,bodyweight+dumbbells
full_body_5x,Full Body 5×/week,5,intermediate,2 of 4,strength,strength,3,full_body_d,Full Body D,2,Barbell overhead press,Shoulders — Vertical Push,shoulders_vertical_push,"Shoulders, Triceps, Upper chest",3,3–6,3–5 min,barbell
full_body_5x,Full Body 5×/week,5,intermediate,2 of 4,strength,strength,3,full_body_d,Full Body D,3,Face pull (cable),Rear Delt and Upper Back,rear_delt,"Rear deltoids, External rotators, Upper traps",4,15–20,2 min,cables
full_body_5x,Full Body 5×/week,5,intermediate,2 of 4,strength,strength,3,full_body_d,Full Body D,4,Cable tricep pushdown (rope or bar),Triceps,triceps,Triceps,4,8–12,2 min,cables
full_body_5x,Full Body 5×/week,5,intermediate,2 of 4,strength,strength,3,full_body_d,Full Body D,5,Cable crunch,Core — Weighted Ab Training,core,"Rectus abdominis, Obliques",2,12–20,2 min,cables
full_body_5x,Full Body 5×/week,5,intermediate,2 of 4,strength,strength,4,full_body_e,Full Body E,0,Leg extensions,Quads — Isolation,quad_isolation,Quads,4,12–20,2 min,machines
full_body_5x,Full Body 5×/week,5,intermediate,2 of 4,strength,strength,4,full_body_e,Full Body E,1,Seated leg curl,Hamstrings — Isolation,hamstring_isolation,Hamstrings,3,8–12,2 min,machines
full_body_5x,Full Body 5×/week,5,intermediate,2 of 4,strength,strength,4,full_body_e,Full Body E,2,Cable pull-through,Glutes — Compound and Isolation,glute_focused,"Glutes, Glute medius, Adductors",4,10–15,2 min,cables
full_body_5x,Full Body 5×/week,5,intermediate,2 of 4,strength,strength,4,full_body_e,Full Body E,3,Cable lat pullover (rope or bar),Back — Isolation / Lat Stretch,back_isolation,Lats,3,8–12,2 min,cables
full_body_5x,Full Body 5×/week,5,intermediate,2 of 4,strength,strength,4,full_body_e,Full Body E,4,Preacher curl,Biceps,biceps,"Biceps, Brachialis",4,8–12,2 min,barbell
full_body_5x,Full Body 5×/week,5,intermediate,2 of 4,strength,strength,4,full_body_e,Full Body E,5,Standing calf raise,Calves,calves,"Gastrocnemius, Soleus",3,10–15,2 min,machines
full_body_5x,Full Body 5×/week,5,intermediate,3 of 4,lose,lose,0,full_body_a,Full Body A,0,Barbell back squat,Quads — Squat Pattern,squat_pattern,"Quads, Glutes, Hamstrings",4,6–10,2–3 min,barbell
full_body_5x,Full Body 5×/week,5,intermediate,3 of 4,lose,lose,0,full_body_a,Full Body A,1,Barbell bench press,Chest — Horizontal Push,chest_horizontal_push,"Chest, Shoulders, Triceps",4,6–10,2–3 min,barbell
full_body_5x,Full Body 5×/week,5,intermediate,3 of 4,lose,lose,0,full_body_a,Full Body A,2,Barbell row,Back — Horizontal Pull (Back Thickness + Inner Back),back_horizontal_pull,"Lats, Rhomboids, Mid-traps, Rear delts, Biceps",3,6–10,2–3 min,barbell
full_body_5x,Full Body 5×/week,5,intermediate,3 of 4,lose,lose,0,full_body_a,Full Body A,3,Cable lateral raise,Shoulders — Side Delt Isolation,shoulders_side_delt,Side deltoids,5,12–20,90 sec,cables
full_body_5x,Full Body 5×/week,5,intermediate,3 of 4,lose,lose,0,full_body_a,Full Body A,4,Overhead tricep extension,Triceps,triceps,Triceps,4,12–15,90 sec,cables
full_body_5x,Full Body 5×/week,5,intermediate,3 of 4,lose,lose,0,full_body_a,Full Body A,5,Standing calf raise,Calves,calves,"Gastrocnemius, Soleus",4,10–15,90 sec,machines
full_body_5x,Full Body 5×/week,5,intermediate,3 of 4,lose,lose,1,full_body_b,Full Body B,0,Romanian deadlift (barbell),Hamstrings and Glutes — Hip Hinge,hip_hinge,"Hamstrings, Glutes, Lower back",4,6–10,2–3 min,barbell
full_body_5x,Full Body 5×/week,5,intermediate,3 of 4,lose,lose,1,full_body_b,Full Body B,1,Incline barbell press,Chest — Incline Push (Upper Chest),chest_incline_push,"Upper chest, Shoulders, Triceps",4,6–10,2–3 min,barbell
full_body_5x,Full Body 5×/week,5,intermediate,3 of 4,lose,lose,1,full_body_b,Full Body B,2,Pull-up (overhand),Back — Vertical Pull (Lat Width),back_vertical_pull,"Lats, Biceps, Rear delts",3,6–10,2–3 min,pullup_bar
full_body_5x,Full Body 5×/week,5,intermediate,3 of 4,lose,lose,1,full_body_b,Full Body B,3,Face pull (cable),Rear Delt and Upper Back,rear_delt,"Rear deltoids, External rotators, Upper traps",4,15–20,90 sec,cables
full_body_5x,Full Body 5×/week,5,intermediate,3 of 4,lose,lose,1,full_body_b,Full Body B,4,Bayesian cable curl,Biceps,biceps,"Biceps, Brachialis",4,12–15,90 sec,cables
full_body_5x,Full Body 5×/week,5,intermediate,3 of 4,lose,lose,1,full_body_b,Full Body B,5,Cable crunch,Core — Weighted Ab Training,core,"Rectus abdominis, Obliques",3,12–20,90 sec,cables
full_body_5x,Full Body 5×/week,5,intermediate,3 of 4,lose,lose,2,full_body_c,Full Body C,0,45° leg press,Quads — Squat Pattern,squat_pattern,"Quads, Glutes, Hamstrings",4,6–10,2–3 min,machines
full_body_5x,Full Body 5×/week,5,intermediate,3 of 4,lose,lose,2,full_body_c,Full Body C,1,Cable crossover (lower chest),Chest — Decline / Lower Chest,chest_decline,"Lower chest, Mid chest, Triceps",4,12–15,90 sec,cables
full_body_5x,Full Body 5×/week,5,intermediate,3 of 4,lose,lose,2,full_body_c,Full Body C,2,Cable row (wide grip / flared elbows),Back — Inner Back / Rhomboids,back_inner,"Rhomboids, Mid-traps, Rear delts",3,10–15,90 sec,cables
full_body_5x,Full Body 5×/week,5,intermediate,3 of 4,lose,lose,2,full_body_c,Full Body C,3,Cable lateral raise,Shoulders — Side Delt Isolation,shoulders_side_delt,Side deltoids,5,12–20,90 sec,cables
full_body_5x,Full Body 5×/week,5,intermediate,3 of 4,lose,lose,2,full_body_c,Full Body C,4,Seated calf raise,Calves,calves,"Gastrocnemius, Soleus",3,10–15,90 sec,machines
full_body_5x,Full Body 5×/week,5,intermediate,3 of 4,lose,lose,2,full_body_c,Full Body C,5,Cable crunch,Core — Weighted Ab Training,core,"Rectus abdominis, Obliques",3,12–20,90 sec,cables
full_body_5x,Full Body 5×/week,5,intermediate,3 of 4,lose,lose,3,full_body_d,Full Body D,0,Conventional deadlift,Hamstrings and Glutes — Hip Hinge,hip_hinge,"Hamstrings, Glutes, Lower back",3,6–10,2–3 min,barbell
full_body_5x,Full Body 5×/week,5,intermediate,3 of 4,lose,lose,3,full_body_d,Full Body D,1,Walking lunge (long stride),Glutes — Compound and Isolation,glute_focused,"Glutes, Glute medius, Adductors",4,10–15,90 sec,bodyweight+dumbbells
full_body_5x,Full Body 5×/week,5,intermediate,3 of 4,lose,lose,3,full_body_d,Full Body D,2,Barbell overhead press,Shoulders — Vertical Push,shoulders_vertical_push,"Shoulders, Triceps, Upper chest",3,6–10,2–3 min,barbell
full_body_5x,Full Body 5×/week,5,intermediate,3 of 4,lose,lose,3,full_body_d,Full Body D,3,Face pull (cable),Rear Delt and Upper Back,rear_delt,"Rear deltoids, External rotators, Upper traps",4,15–20,90 sec,cables
full_body_5x,Full Body 5×/week,5,intermediate,3 of 4,lose,lose,3,full_body_d,Full Body D,4,Cable tricep pushdown (rope or bar),Triceps,triceps,Triceps,4,12–15,90 sec,cables
full_body_5x,Full Body 5×/week,5,intermediate,3 of 4,lose,lose,3,full_body_d,Full Body D,5,Cable crunch,Core — Weighted Ab Training,core,"Rectus abdominis, Obliques",2,12–20,90 sec,cables
full_body_5x,Full Body 5×/week,5,intermediate,3 of 4,lose,lose,4,full_body_e,Full Body E,0,Leg extensions,Quads — Isolation,quad_isolation,Quads,4,12–20,90 sec,machines
full_body_5x,Full Body 5×/week,5,intermediate,3 of 4,lose,lose,4,full_body_e,Full Body E,1,Seated leg curl,Hamstrings — Isolation,hamstring_isolation,Hamstrings,3,12–15,90 sec,machines
full_body_5x,Full Body 5×/week,5,intermediate,3 of 4,lose,lose,4,full_body_e,Full Body E,2,Cable pull-through,Glutes — Compound and Isolation,glute_focused,"Glutes, Glute medius, Adductors",4,10–15,90 sec,cables
full_body_5x,Full Body 5×/week,5,intermediate,3 of 4,lose,lose,4,full_body_e,Full Body E,3,Cable lat pullover (rope or bar),Back — Isolation / Lat Stretch,back_isolation,Lats,3,12–15,90 sec,cables
full_body_5x,Full Body 5×/week,5,intermediate,3 of 4,lose,lose,4,full_body_e,Full Body E,4,Preacher curl,Biceps,biceps,"Biceps, Brachialis",4,12–15,90 sec,barbell
full_body_5x,Full Body 5×/week,5,intermediate,3 of 4,lose,lose,4,full_body_e,Full Body E,5,Standing calf raise,Calves,calves,"Gastrocnemius, Soleus",3,10–15,90 sec,machines
full_body_5x,Full Body 5×/week,5,intermediate,4 of 4,endurance,endurance,0,full_body_a,Full Body A,0,Barbell back squat,Quads — Squat Pattern,squat_pattern,"Quads, Glutes, Hamstrings",4,12–20,60 sec,barbell
full_body_5x,Full Body 5×/week,5,intermediate,4 of 4,endurance,endurance,0,full_body_a,Full Body A,1,Barbell bench press,Chest — Horizontal Push,chest_horizontal_push,"Chest, Shoulders, Triceps",4,12–20,60 sec,barbell
full_body_5x,Full Body 5×/week,5,intermediate,4 of 4,endurance,endurance,0,full_body_a,Full Body A,2,Barbell row,Back — Horizontal Pull (Back Thickness + Inner Back),back_horizontal_pull,"Lats, Rhomboids, Mid-traps, Rear delts, Biceps",3,12–20,60 sec,barbell
full_body_5x,Full Body 5×/week,5,intermediate,4 of 4,endurance,endurance,0,full_body_a,Full Body A,3,Cable lateral raise,Shoulders — Side Delt Isolation,shoulders_side_delt,Side deltoids,5,12–20,30–45 sec,cables
full_body_5x,Full Body 5×/week,5,intermediate,4 of 4,endurance,endurance,0,full_body_a,Full Body A,4,Overhead tricep extension,Triceps,triceps,Triceps,4,15–25,30–45 sec,cables
full_body_5x,Full Body 5×/week,5,intermediate,4 of 4,endurance,endurance,0,full_body_a,Full Body A,5,Standing calf raise,Calves,calves,"Gastrocnemius, Soleus",4,10–15,30–45 sec,machines
full_body_5x,Full Body 5×/week,5,intermediate,4 of 4,endurance,endurance,1,full_body_b,Full Body B,0,Romanian deadlift (barbell),Hamstrings and Glutes — Hip Hinge,hip_hinge,"Hamstrings, Glutes, Lower back",4,12–20,60 sec,barbell
full_body_5x,Full Body 5×/week,5,intermediate,4 of 4,endurance,endurance,1,full_body_b,Full Body B,1,Incline barbell press,Chest — Incline Push (Upper Chest),chest_incline_push,"Upper chest, Shoulders, Triceps",4,12–20,60 sec,barbell
full_body_5x,Full Body 5×/week,5,intermediate,4 of 4,endurance,endurance,1,full_body_b,Full Body B,2,Pull-up (overhand),Back — Vertical Pull (Lat Width),back_vertical_pull,"Lats, Biceps, Rear delts",3,6–10,60 sec,pullup_bar
full_body_5x,Full Body 5×/week,5,intermediate,4 of 4,endurance,endurance,1,full_body_b,Full Body B,3,Face pull (cable),Rear Delt and Upper Back,rear_delt,"Rear deltoids, External rotators, Upper traps",4,15–20,30–45 sec,cables
full_body_5x,Full Body 5×/week,5,intermediate,4 of 4,endurance,endurance,1,full_body_b,Full Body B,4,Bayesian cable curl,Biceps,biceps,"Biceps, Brachialis",4,15–25,30–45 sec,cables
full_body_5x,Full Body 5×/week,5,intermediate,4 of 4,endurance,endurance,1,full_body_b,Full Body B,5,Cable crunch,Core — Weighted Ab Training,core,"Rectus abdominis, Obliques",3,12–20,30–45 sec,cables
full_body_5x,Full Body 5×/week,5,intermediate,4 of 4,endurance,endurance,2,full_body_c,Full Body C,0,45° leg press,Quads — Squat Pattern,squat_pattern,"Quads, Glutes, Hamstrings",4,12–20,60 sec,machines
full_body_5x,Full Body 5×/week,5,intermediate,4 of 4,endurance,endurance,2,full_body_c,Full Body C,1,Cable crossover (lower chest),Chest — Decline / Lower Chest,chest_decline,"Lower chest, Mid chest, Triceps",4,15–25,30–45 sec,cables
full_body_5x,Full Body 5×/week,5,intermediate,4 of 4,endurance,endurance,2,full_body_c,Full Body C,2,Cable row (wide grip / flared elbows),Back — Inner Back / Rhomboids,back_inner,"Rhomboids, Mid-traps, Rear delts",3,10–15,30–45 sec,cables
full_body_5x,Full Body 5×/week,5,intermediate,4 of 4,endurance,endurance,2,full_body_c,Full Body C,3,Cable lateral raise,Shoulders — Side Delt Isolation,shoulders_side_delt,Side deltoids,5,12–20,30–45 sec,cables
full_body_5x,Full Body 5×/week,5,intermediate,4 of 4,endurance,endurance,2,full_body_c,Full Body C,4,Seated calf raise,Calves,calves,"Gastrocnemius, Soleus",3,10–15,30–45 sec,machines
full_body_5x,Full Body 5×/week,5,intermediate,4 of 4,endurance,endurance,2,full_body_c,Full Body C,5,Cable crunch,Core — Weighted Ab Training,core,"Rectus abdominis, Obliques",3,12–20,30–45 sec,cables
full_body_5x,Full Body 5×/week,5,intermediate,4 of 4,endurance,endurance,3,full_body_d,Full Body D,0,Conventional deadlift,Hamstrings and Glutes — Hip Hinge,hip_hinge,"Hamstrings, Glutes, Lower back",3,12–20,60 sec,barbell
full_body_5x,Full Body 5×/week,5,intermediate,4 of 4,endurance,endurance,3,full_body_d,Full Body D,1,Walking lunge (long stride),Glutes — Compound and Isolation,glute_focused,"Glutes, Glute medius, Adductors",4,10–15,30–45 sec,bodyweight+dumbbells
full_body_5x,Full Body 5×/week,5,intermediate,4 of 4,endurance,endurance,3,full_body_d,Full Body D,2,Barbell overhead press,Shoulders — Vertical Push,shoulders_vertical_push,"Shoulders, Triceps, Upper chest",3,12–20,60 sec,barbell
full_body_5x,Full Body 5×/week,5,intermediate,4 of 4,endurance,endurance,3,full_body_d,Full Body D,3,Face pull (cable),Rear Delt and Upper Back,rear_delt,"Rear deltoids, External rotators, Upper traps",4,15–20,30–45 sec,cables
full_body_5x,Full Body 5×/week,5,intermediate,4 of 4,endurance,endurance,3,full_body_d,Full Body D,4,Cable tricep pushdown (rope or bar),Triceps,triceps,Triceps,4,15–25,30–45 sec,cables
full_body_5x,Full Body 5×/week,5,intermediate,4 of 4,endurance,endurance,3,full_body_d,Full Body D,5,Cable crunch,Core — Weighted Ab Training,core,"Rectus abdominis, Obliques",2,12–20,30–45 sec,cables
full_body_5x,Full Body 5×/week,5,intermediate,4 of 4,endurance,endurance,4,full_body_e,Full Body E,0,Leg extensions,Quads — Isolation,quad_isolation,Quads,4,12–20,30–45 sec,machines
full_body_5x,Full Body 5×/week,5,intermediate,4 of 4,endurance,endurance,4,full_body_e,Full Body E,1,Seated leg curl,Hamstrings — Isolation,hamstring_isolation,Hamstrings,3,15–25,30–45 sec,machines
full_body_5x,Full Body 5×/week,5,intermediate,4 of 4,endurance,endurance,4,full_body_e,Full Body E,2,Cable pull-through,Glutes — Compound and Isolation,glute_focused,"Glutes, Glute medius, Adductors",4,10–15,30–45 sec,cables
full_body_5x,Full Body 5×/week,5,intermediate,4 of 4,endurance,endurance,4,full_body_e,Full Body E,3,Cable lat pullover (rope or bar),Back — Isolation / Lat Stretch,back_isolation,Lats,3,15–25,30–45 sec,cables
full_body_5x,Full Body 5×/week,5,intermediate,4 of 4,endurance,endurance,4,full_body_e,Full Body E,4,Preacher curl,Biceps,biceps,"Biceps, Brachialis",4,15–25,30–45 sec,barbell
full_body_5x,Full Body 5×/week,5,intermediate,4 of 4,endurance,endurance,4,full_body_e,Full Body E,5,Standing calf raise,Calves,calves,"Gastrocnemius, Soleus",3,10–15,30–45 sec,machines
full_body_5x,Full Body 5×/week,5,advanced,1 of 4,muscle,muscle | maintain | default | recomp | cut_strength | cut_endurance | powerbuilding | hybrid_muscle | hybrid_strength | powerbuilding_cut | athletic_recomp | athletic_cut | athletic_bulk,0,full_body_a,Full Body A,0,Barbell back squat,Quads — Squat Pattern,squat_pattern,"Quads, Glutes, Hamstrings",5,10–15,90 sec,barbell
full_body_5x,Full Body 5×/week,5,advanced,1 of 4,muscle,muscle | maintain | default | recomp | cut_strength | cut_endurance | powerbuilding | hybrid_muscle | hybrid_strength | powerbuilding_cut | athletic_recomp | athletic_cut | athletic_bulk,0,full_body_a,Full Body A,1,Barbell bench press,Chest — Horizontal Push,chest_horizontal_push,"Chest, Shoulders, Triceps",5,10–15,90 sec,barbell
full_body_5x,Full Body 5×/week,5,advanced,1 of 4,muscle,muscle | maintain | default | recomp | cut_strength | cut_endurance | powerbuilding | hybrid_muscle | hybrid_strength | powerbuilding_cut | athletic_recomp | athletic_cut | athletic_bulk,0,full_body_a,Full Body A,2,Barbell row,Back — Horizontal Pull (Back Thickness + Inner Back),back_horizontal_pull,"Lats, Rhomboids, Mid-traps, Rear delts, Biceps",4,10–15,90 sec,barbell
full_body_5x,Full Body 5×/week,5,advanced,1 of 4,muscle,muscle | maintain | default | recomp | cut_strength | cut_endurance | powerbuilding | hybrid_muscle | hybrid_strength | powerbuilding_cut | athletic_recomp | athletic_cut | athletic_bulk,0,full_body_a,Full Body A,3,Cable lateral raise,Shoulders — Side Delt Isolation,shoulders_side_delt,Side deltoids,6,12–20,60 sec,cables
full_body_5x,Full Body 5×/week,5,advanced,1 of 4,muscle,muscle | maintain | default | recomp | cut_strength | cut_endurance | powerbuilding | hybrid_muscle | hybrid_strength | powerbuilding_cut | athletic_recomp | athletic_cut | athletic_bulk,0,full_body_a,Full Body A,4,Overhead tricep extension,Triceps,triceps,Triceps,5,12–15,60 sec,cables
full_body_5x,Full Body 5×/week,5,advanced,1 of 4,muscle,muscle | maintain | default | recomp | cut_strength | cut_endurance | powerbuilding | hybrid_muscle | hybrid_strength | powerbuilding_cut | athletic_recomp | athletic_cut | athletic_bulk,0,full_body_a,Full Body A,5,Standing calf raise,Calves,calves,"Gastrocnemius, Soleus",4,10–15,60 sec,machines
full_body_5x,Full Body 5×/week,5,advanced,1 of 4,muscle,muscle | maintain | default | recomp | cut_strength | cut_endurance | powerbuilding | hybrid_muscle | hybrid_strength | powerbuilding_cut | athletic_recomp | athletic_cut | athletic_bulk,1,full_body_b,Full Body B,0,Romanian deadlift (barbell),Hamstrings and Glutes — Hip Hinge,hip_hinge,"Hamstrings, Glutes, Lower back",4,10–15,90 sec,barbell
full_body_5x,Full Body 5×/week,5,advanced,1 of 4,muscle,muscle | maintain | default | recomp | cut_strength | cut_endurance | powerbuilding | hybrid_muscle | hybrid_strength | powerbuilding_cut | athletic_recomp | athletic_cut | athletic_bulk,1,full_body_b,Full Body B,1,Incline barbell press,Chest — Incline Push (Upper Chest),chest_incline_push,"Upper chest, Shoulders, Triceps",5,10–15,90 sec,barbell
full_body_5x,Full Body 5×/week,5,advanced,1 of 4,muscle,muscle | maintain | default | recomp | cut_strength | cut_endurance | powerbuilding | hybrid_muscle | hybrid_strength | powerbuilding_cut | athletic_recomp | athletic_cut | athletic_bulk,1,full_body_b,Full Body B,2,Pull-up (overhand),Back — Vertical Pull (Lat Width),back_vertical_pull,"Lats, Biceps, Rear delts",4,6–10,90 sec,pullup_bar
full_body_5x,Full Body 5×/week,5,advanced,1 of 4,muscle,muscle | maintain | default | recomp | cut_strength | cut_endurance | powerbuilding | hybrid_muscle | hybrid_strength | powerbuilding_cut | athletic_recomp | athletic_cut | athletic_bulk,1,full_body_b,Full Body B,3,Face pull (cable),Rear Delt and Upper Back,rear_delt,"Rear deltoids, External rotators, Upper traps",5,15–20,60 sec,cables
full_body_5x,Full Body 5×/week,5,advanced,1 of 4,muscle,muscle | maintain | default | recomp | cut_strength | cut_endurance | powerbuilding | hybrid_muscle | hybrid_strength | powerbuilding_cut | athletic_recomp | athletic_cut | athletic_bulk,1,full_body_b,Full Body B,4,Bayesian cable curl,Biceps,biceps,"Biceps, Brachialis",4,12–15,60 sec,cables
full_body_5x,Full Body 5×/week,5,advanced,1 of 4,muscle,muscle | maintain | default | recomp | cut_strength | cut_endurance | powerbuilding | hybrid_muscle | hybrid_strength | powerbuilding_cut | athletic_recomp | athletic_cut | athletic_bulk,1,full_body_b,Full Body B,5,Cable crunch,Core — Weighted Ab Training,core,"Rectus abdominis, Obliques",3,12–20,60 sec,cables
full_body_5x,Full Body 5×/week,5,advanced,1 of 4,muscle,muscle | maintain | default | recomp | cut_strength | cut_endurance | powerbuilding | hybrid_muscle | hybrid_strength | powerbuilding_cut | athletic_recomp | athletic_cut | athletic_bulk,2,full_body_c,Full Body C,0,45° leg press,Quads — Squat Pattern,squat_pattern,"Quads, Glutes, Hamstrings",5,10–15,90 sec,machines
full_body_5x,Full Body 5×/week,5,advanced,1 of 4,muscle,muscle | maintain | default | recomp | cut_strength | cut_endurance | powerbuilding | hybrid_muscle | hybrid_strength | powerbuilding_cut | athletic_recomp | athletic_cut | athletic_bulk,2,full_body_c,Full Body C,1,Cable crossover (lower chest),Chest — Decline / Lower Chest,chest_decline,"Lower chest, Mid chest, Triceps",4,12–15,60 sec,cables
full_body_5x,Full Body 5×/week,5,advanced,1 of 4,muscle,muscle | maintain | default | recomp | cut_strength | cut_endurance | powerbuilding | hybrid_muscle | hybrid_strength | powerbuilding_cut | athletic_recomp | athletic_cut | athletic_bulk,2,full_body_c,Full Body C,2,Cable row (wide grip / flared elbows),Back — Inner Back / Rhomboids,back_inner,"Rhomboids, Mid-traps, Rear delts",4,10–15,60 sec,cables
full_body_5x,Full Body 5×/week,5,advanced,1 of 4,muscle,muscle | maintain | default | recomp | cut_strength | cut_endurance | powerbuilding | hybrid_muscle | hybrid_strength | powerbuilding_cut | athletic_recomp | athletic_cut | athletic_bulk,2,full_body_c,Full Body C,3,Cable lateral raise,Shoulders — Side Delt Isolation,shoulders_side_delt,Side deltoids,6,12–20,60 sec,cables
full_body_5x,Full Body 5×/week,5,advanced,1 of 4,muscle,muscle | maintain | default | recomp | cut_strength | cut_endurance | powerbuilding | hybrid_muscle | hybrid_strength | powerbuilding_cut | athletic_recomp | athletic_cut | athletic_bulk,2,full_body_c,Full Body C,4,Seated calf raise,Calves,calves,"Gastrocnemius, Soleus",3,10–15,60 sec,machines
full_body_5x,Full Body 5×/week,5,advanced,1 of 4,muscle,muscle | maintain | default | recomp | cut_strength | cut_endurance | powerbuilding | hybrid_muscle | hybrid_strength | powerbuilding_cut | athletic_recomp | athletic_cut | athletic_bulk,2,full_body_c,Full Body C,5,Cable crunch,Core — Weighted Ab Training,core,"Rectus abdominis, Obliques",3,12–20,60 sec,cables
full_body_5x,Full Body 5×/week,5,advanced,1 of 4,muscle,muscle | maintain | default | recomp | cut_strength | cut_endurance | powerbuilding | hybrid_muscle | hybrid_strength | powerbuilding_cut | athletic_recomp | athletic_cut | athletic_bulk,3,full_body_d,Full Body D,0,Conventional deadlift,Hamstrings and Glutes — Hip Hinge,hip_hinge,"Hamstrings, Glutes, Lower back",3,10–15,90 sec,barbell
full_body_5x,Full Body 5×/week,5,advanced,1 of 4,muscle,muscle | maintain | default | recomp | cut_strength | cut_endurance | powerbuilding | hybrid_muscle | hybrid_strength | powerbuilding_cut | athletic_recomp | athletic_cut | athletic_bulk,3,full_body_d,Full Body D,1,Walking lunge (long stride),Glutes — Compound and Isolation,glute_focused,"Glutes, Glute medius, Adductors",6,10–15,60 sec,bodyweight+dumbbells
full_body_5x,Full Body 5×/week,5,advanced,1 of 4,muscle,muscle | maintain | default | recomp | cut_strength | cut_endurance | powerbuilding | hybrid_muscle | hybrid_strength | powerbuilding_cut | athletic_recomp | athletic_cut | athletic_bulk,3,full_body_d,Full Body D,2,Barbell overhead press,Shoulders — Vertical Push,shoulders_vertical_push,"Shoulders, Triceps, Upper chest",3,10–15,90 sec,barbell
full_body_5x,Full Body 5×/week,5,advanced,1 of 4,muscle,muscle | maintain | default | recomp | cut_strength | cut_endurance | powerbuilding | hybrid_muscle | hybrid_strength | powerbuilding_cut | athletic_recomp | athletic_cut | athletic_bulk,3,full_body_d,Full Body D,3,Face pull (cable),Rear Delt and Upper Back,rear_delt,"Rear deltoids, External rotators, Upper traps",5,15–20,60 sec,cables
full_body_5x,Full Body 5×/week,5,advanced,1 of 4,muscle,muscle | maintain | default | recomp | cut_strength | cut_endurance | powerbuilding | hybrid_muscle | hybrid_strength | powerbuilding_cut | athletic_recomp | athletic_cut | athletic_bulk,3,full_body_d,Full Body D,4,Cable tricep pushdown (rope or bar),Triceps,triceps,Triceps,5,12–15,60 sec,cables
full_body_5x,Full Body 5×/week,5,advanced,1 of 4,muscle,muscle | maintain | default | recomp | cut_strength | cut_endurance | powerbuilding | hybrid_muscle | hybrid_strength | powerbuilding_cut | athletic_recomp | athletic_cut | athletic_bulk,3,full_body_d,Full Body D,5,Cable crunch,Core — Weighted Ab Training,core,"Rectus abdominis, Obliques",2,12–20,60 sec,cables
full_body_5x,Full Body 5×/week,5,advanced,1 of 4,muscle,muscle | maintain | default | recomp | cut_strength | cut_endurance | powerbuilding | hybrid_muscle | hybrid_strength | powerbuilding_cut | athletic_recomp | athletic_cut | athletic_bulk,4,full_body_e,Full Body E,0,Leg extensions,Quads — Isolation,quad_isolation,Quads,4,12–20,60 sec,machines
full_body_5x,Full Body 5×/week,5,advanced,1 of 4,muscle,muscle | maintain | default | recomp | cut_strength | cut_endurance | powerbuilding | hybrid_muscle | hybrid_strength | powerbuilding_cut | athletic_recomp | athletic_cut | athletic_bulk,4,full_body_e,Full Body E,1,Seated leg curl,Hamstrings — Isolation,hamstring_isolation,Hamstrings,3,12–15,60 sec,machines
full_body_5x,Full Body 5×/week,5,advanced,1 of 4,muscle,muscle | maintain | default | recomp | cut_strength | cut_endurance | powerbuilding | hybrid_muscle | hybrid_strength | powerbuilding_cut | athletic_recomp | athletic_cut | athletic_bulk,4,full_body_e,Full Body E,2,Cable pull-through,Glutes — Compound and Isolation,glute_focused,"Glutes, Glute medius, Adductors",6,10–15,60 sec,cables
full_body_5x,Full Body 5×/week,5,advanced,1 of 4,muscle,muscle | maintain | default | recomp | cut_strength | cut_endurance | powerbuilding | hybrid_muscle | hybrid_strength | powerbuilding_cut | athletic_recomp | athletic_cut | athletic_bulk,4,full_body_e,Full Body E,3,Cable lat pullover (rope or bar),Back — Isolation / Lat Stretch,back_isolation,Lats,4,12–15,60 sec,cables
full_body_5x,Full Body 5×/week,5,advanced,1 of 4,muscle,muscle | maintain | default | recomp | cut_strength | cut_endurance | powerbuilding | hybrid_muscle | hybrid_strength | powerbuilding_cut | athletic_recomp | athletic_cut | athletic_bulk,4,full_body_e,Full Body E,4,Preacher curl,Biceps,biceps,"Biceps, Brachialis",4,12–15,60 sec,barbell
full_body_5x,Full Body 5×/week,5,advanced,1 of 4,muscle,muscle | maintain | default | recomp | cut_strength | cut_endurance | powerbuilding | hybrid_muscle | hybrid_strength | powerbuilding_cut | athletic_recomp | athletic_cut | athletic_bulk,4,full_body_e,Full Body E,5,Standing calf raise,Calves,calves,"Gastrocnemius, Soleus",3,10–15,60 sec,machines
full_body_5x,Full Body 5×/week,5,advanced,2 of 4,strength,strength,0,full_body_a,Full Body A,0,Barbell back squat,Quads — Squat Pattern,squat_pattern,"Quads, Glutes, Hamstrings",5,3–6,3–5 min,barbell
full_body_5x,Full Body 5×/week,5,advanced,2 of 4,strength,strength,0,full_body_a,Full Body A,1,Barbell bench press,Chest — Horizontal Push,chest_horizontal_push,"Chest, Shoulders, Triceps",5,3–6,3–5 min,barbell
full_body_5x,Full Body 5×/week,5,advanced,2 of 4,strength,strength,0,full_body_a,Full Body A,2,Barbell row,Back — Horizontal Pull (Back Thickness + Inner Back),back_horizontal_pull,"Lats, Rhomboids, Mid-traps, Rear delts, Biceps",4,3–6,3–5 min,barbell
full_body_5x,Full Body 5×/week,5,advanced,2 of 4,strength,strength,0,full_body_a,Full Body A,3,Cable lateral raise,Shoulders — Side Delt Isolation,shoulders_side_delt,Side deltoids,6,12–20,2 min,cables
full_body_5x,Full Body 5×/week,5,advanced,2 of 4,strength,strength,0,full_body_a,Full Body A,4,Overhead tricep extension,Triceps,triceps,Triceps,5,8–12,2 min,cables
full_body_5x,Full Body 5×/week,5,advanced,2 of 4,strength,strength,0,full_body_a,Full Body A,5,Standing calf raise,Calves,calves,"Gastrocnemius, Soleus",4,10–15,2 min,machines
full_body_5x,Full Body 5×/week,5,advanced,2 of 4,strength,strength,1,full_body_b,Full Body B,0,Romanian deadlift (barbell),Hamstrings and Glutes — Hip Hinge,hip_hinge,"Hamstrings, Glutes, Lower back",4,3–6,3–5 min,barbell
full_body_5x,Full Body 5×/week,5,advanced,2 of 4,strength,strength,1,full_body_b,Full Body B,1,Incline barbell press,Chest — Incline Push (Upper Chest),chest_incline_push,"Upper chest, Shoulders, Triceps",5,3–6,3–5 min,barbell
full_body_5x,Full Body 5×/week,5,advanced,2 of 4,strength,strength,1,full_body_b,Full Body B,2,Pull-up (overhand),Back — Vertical Pull (Lat Width),back_vertical_pull,"Lats, Biceps, Rear delts",4,6–10,3–5 min,pullup_bar
full_body_5x,Full Body 5×/week,5,advanced,2 of 4,strength,strength,1,full_body_b,Full Body B,3,Face pull (cable),Rear Delt and Upper Back,rear_delt,"Rear deltoids, External rotators, Upper traps",5,15–20,2 min,cables
full_body_5x,Full Body 5×/week,5,advanced,2 of 4,strength,strength,1,full_body_b,Full Body B,4,Bayesian cable curl,Biceps,biceps,"Biceps, Brachialis",4,8–12,2 min,cables
full_body_5x,Full Body 5×/week,5,advanced,2 of 4,strength,strength,1,full_body_b,Full Body B,5,Cable crunch,Core — Weighted Ab Training,core,"Rectus abdominis, Obliques",3,12–20,2 min,cables
full_body_5x,Full Body 5×/week,5,advanced,2 of 4,strength,strength,2,full_body_c,Full Body C,0,45° leg press,Quads — Squat Pattern,squat_pattern,"Quads, Glutes, Hamstrings",5,3–6,3–5 min,machines
full_body_5x,Full Body 5×/week,5,advanced,2 of 4,strength,strength,2,full_body_c,Full Body C,1,Cable crossover (lower chest),Chest — Decline / Lower Chest,chest_decline,"Lower chest, Mid chest, Triceps",4,8–12,2 min,cables
full_body_5x,Full Body 5×/week,5,advanced,2 of 4,strength,strength,2,full_body_c,Full Body C,2,Cable row (wide grip / flared elbows),Back — Inner Back / Rhomboids,back_inner,"Rhomboids, Mid-traps, Rear delts",4,10–15,2 min,cables
full_body_5x,Full Body 5×/week,5,advanced,2 of 4,strength,strength,2,full_body_c,Full Body C,3,Cable lateral raise,Shoulders — Side Delt Isolation,shoulders_side_delt,Side deltoids,6,12–20,2 min,cables
full_body_5x,Full Body 5×/week,5,advanced,2 of 4,strength,strength,2,full_body_c,Full Body C,4,Seated calf raise,Calves,calves,"Gastrocnemius, Soleus",3,10–15,2 min,machines
full_body_5x,Full Body 5×/week,5,advanced,2 of 4,strength,strength,2,full_body_c,Full Body C,5,Cable crunch,Core — Weighted Ab Training,core,"Rectus abdominis, Obliques",3,12–20,2 min,cables
full_body_5x,Full Body 5×/week,5,advanced,2 of 4,strength,strength,3,full_body_d,Full Body D,0,Conventional deadlift,Hamstrings and Glutes — Hip Hinge,hip_hinge,"Hamstrings, Glutes, Lower back",3,3–6,3–5 min,barbell
full_body_5x,Full Body 5×/week,5,advanced,2 of 4,strength,strength,3,full_body_d,Full Body D,1,Walking lunge (long stride),Glutes — Compound and Isolation,glute_focused,"Glutes, Glute medius, Adductors",6,10–15,2 min,bodyweight+dumbbells
full_body_5x,Full Body 5×/week,5,advanced,2 of 4,strength,strength,3,full_body_d,Full Body D,2,Barbell overhead press,Shoulders — Vertical Push,shoulders_vertical_push,"Shoulders, Triceps, Upper chest",3,3–6,3–5 min,barbell
full_body_5x,Full Body 5×/week,5,advanced,2 of 4,strength,strength,3,full_body_d,Full Body D,3,Face pull (cable),Rear Delt and Upper Back,rear_delt,"Rear deltoids, External rotators, Upper traps",5,15–20,2 min,cables
full_body_5x,Full Body 5×/week,5,advanced,2 of 4,strength,strength,3,full_body_d,Full Body D,4,Cable tricep pushdown (rope or bar),Triceps,triceps,Triceps,5,8–12,2 min,cables
full_body_5x,Full Body 5×/week,5,advanced,2 of 4,strength,strength,3,full_body_d,Full Body D,5,Cable crunch,Core — Weighted Ab Training,core,"Rectus abdominis, Obliques",2,12–20,2 min,cables
full_body_5x,Full Body 5×/week,5,advanced,2 of 4,strength,strength,4,full_body_e,Full Body E,0,Leg extensions,Quads — Isolation,quad_isolation,Quads,4,12–20,2 min,machines
full_body_5x,Full Body 5×/week,5,advanced,2 of 4,strength,strength,4,full_body_e,Full Body E,1,Seated leg curl,Hamstrings — Isolation,hamstring_isolation,Hamstrings,3,8–12,2 min,machines
full_body_5x,Full Body 5×/week,5,advanced,2 of 4,strength,strength,4,full_body_e,Full Body E,2,Cable pull-through,Glutes — Compound and Isolation,glute_focused,"Glutes, Glute medius, Adductors",6,10–15,2 min,cables
full_body_5x,Full Body 5×/week,5,advanced,2 of 4,strength,strength,4,full_body_e,Full Body E,3,Cable lat pullover (rope or bar),Back — Isolation / Lat Stretch,back_isolation,Lats,4,8–12,2 min,cables
full_body_5x,Full Body 5×/week,5,advanced,2 of 4,strength,strength,4,full_body_e,Full Body E,4,Preacher curl,Biceps,biceps,"Biceps, Brachialis",4,8–12,2 min,barbell
full_body_5x,Full Body 5×/week,5,advanced,2 of 4,strength,strength,4,full_body_e,Full Body E,5,Standing calf raise,Calves,calves,"Gastrocnemius, Soleus",3,10–15,2 min,machines
full_body_5x,Full Body 5×/week,5,advanced,3 of 4,lose,lose,0,full_body_a,Full Body A,0,Barbell back squat,Quads — Squat Pattern,squat_pattern,"Quads, Glutes, Hamstrings",5,6–10,2–3 min,barbell
full_body_5x,Full Body 5×/week,5,advanced,3 of 4,lose,lose,0,full_body_a,Full Body A,1,Barbell bench press,Chest — Horizontal Push,chest_horizontal_push,"Chest, Shoulders, Triceps",5,6–10,2–3 min,barbell
full_body_5x,Full Body 5×/week,5,advanced,3 of 4,lose,lose,0,full_body_a,Full Body A,2,Barbell row,Back — Horizontal Pull (Back Thickness + Inner Back),back_horizontal_pull,"Lats, Rhomboids, Mid-traps, Rear delts, Biceps",4,6–10,2–3 min,barbell
full_body_5x,Full Body 5×/week,5,advanced,3 of 4,lose,lose,0,full_body_a,Full Body A,3,Cable lateral raise,Shoulders — Side Delt Isolation,shoulders_side_delt,Side deltoids,6,12–20,90 sec,cables
full_body_5x,Full Body 5×/week,5,advanced,3 of 4,lose,lose,0,full_body_a,Full Body A,4,Overhead tricep extension,Triceps,triceps,Triceps,5,12–15,90 sec,cables
full_body_5x,Full Body 5×/week,5,advanced,3 of 4,lose,lose,0,full_body_a,Full Body A,5,Standing calf raise,Calves,calves,"Gastrocnemius, Soleus",4,10–15,90 sec,machines
full_body_5x,Full Body 5×/week,5,advanced,3 of 4,lose,lose,1,full_body_b,Full Body B,0,Romanian deadlift (barbell),Hamstrings and Glutes — Hip Hinge,hip_hinge,"Hamstrings, Glutes, Lower back",4,6–10,2–3 min,barbell
full_body_5x,Full Body 5×/week,5,advanced,3 of 4,lose,lose,1,full_body_b,Full Body B,1,Incline barbell press,Chest — Incline Push (Upper Chest),chest_incline_push,"Upper chest, Shoulders, Triceps",5,6–10,2–3 min,barbell
full_body_5x,Full Body 5×/week,5,advanced,3 of 4,lose,lose,1,full_body_b,Full Body B,2,Pull-up (overhand),Back — Vertical Pull (Lat Width),back_vertical_pull,"Lats, Biceps, Rear delts",4,6–10,2–3 min,pullup_bar
full_body_5x,Full Body 5×/week,5,advanced,3 of 4,lose,lose,1,full_body_b,Full Body B,3,Face pull (cable),Rear Delt and Upper Back,rear_delt,"Rear deltoids, External rotators, Upper traps",5,15–20,90 sec,cables
full_body_5x,Full Body 5×/week,5,advanced,3 of 4,lose,lose,1,full_body_b,Full Body B,4,Bayesian cable curl,Biceps,biceps,"Biceps, Brachialis",4,12–15,90 sec,cables
full_body_5x,Full Body 5×/week,5,advanced,3 of 4,lose,lose,1,full_body_b,Full Body B,5,Cable crunch,Core — Weighted Ab Training,core,"Rectus abdominis, Obliques",3,12–20,90 sec,cables
full_body_5x,Full Body 5×/week,5,advanced,3 of 4,lose,lose,2,full_body_c,Full Body C,0,45° leg press,Quads — Squat Pattern,squat_pattern,"Quads, Glutes, Hamstrings",5,6–10,2–3 min,machines
full_body_5x,Full Body 5×/week,5,advanced,3 of 4,lose,lose,2,full_body_c,Full Body C,1,Cable crossover (lower chest),Chest — Decline / Lower Chest,chest_decline,"Lower chest, Mid chest, Triceps",4,12–15,90 sec,cables
full_body_5x,Full Body 5×/week,5,advanced,3 of 4,lose,lose,2,full_body_c,Full Body C,2,Cable row (wide grip / flared elbows),Back — Inner Back / Rhomboids,back_inner,"Rhomboids, Mid-traps, Rear delts",4,10–15,90 sec,cables
full_body_5x,Full Body 5×/week,5,advanced,3 of 4,lose,lose,2,full_body_c,Full Body C,3,Cable lateral raise,Shoulders — Side Delt Isolation,shoulders_side_delt,Side deltoids,6,12–20,90 sec,cables
full_body_5x,Full Body 5×/week,5,advanced,3 of 4,lose,lose,2,full_body_c,Full Body C,4,Seated calf raise,Calves,calves,"Gastrocnemius, Soleus",3,10–15,90 sec,machines
full_body_5x,Full Body 5×/week,5,advanced,3 of 4,lose,lose,2,full_body_c,Full Body C,5,Cable crunch,Core — Weighted Ab Training,core,"Rectus abdominis, Obliques",3,12–20,90 sec,cables
full_body_5x,Full Body 5×/week,5,advanced,3 of 4,lose,lose,3,full_body_d,Full Body D,0,Conventional deadlift,Hamstrings and Glutes — Hip Hinge,hip_hinge,"Hamstrings, Glutes, Lower back",3,6–10,2–3 min,barbell
full_body_5x,Full Body 5×/week,5,advanced,3 of 4,lose,lose,3,full_body_d,Full Body D,1,Walking lunge (long stride),Glutes — Compound and Isolation,glute_focused,"Glutes, Glute medius, Adductors",6,10–15,90 sec,bodyweight+dumbbells
full_body_5x,Full Body 5×/week,5,advanced,3 of 4,lose,lose,3,full_body_d,Full Body D,2,Barbell overhead press,Shoulders — Vertical Push,shoulders_vertical_push,"Shoulders, Triceps, Upper chest",3,6–10,2–3 min,barbell
full_body_5x,Full Body 5×/week,5,advanced,3 of 4,lose,lose,3,full_body_d,Full Body D,3,Face pull (cable),Rear Delt and Upper Back,rear_delt,"Rear deltoids, External rotators, Upper traps",5,15–20,90 sec,cables
full_body_5x,Full Body 5×/week,5,advanced,3 of 4,lose,lose,3,full_body_d,Full Body D,4,Cable tricep pushdown (rope or bar),Triceps,triceps,Triceps,5,12–15,90 sec,cables
full_body_5x,Full Body 5×/week,5,advanced,3 of 4,lose,lose,3,full_body_d,Full Body D,5,Cable crunch,Core — Weighted Ab Training,core,"Rectus abdominis, Obliques",2,12–20,90 sec,cables
full_body_5x,Full Body 5×/week,5,advanced,3 of 4,lose,lose,4,full_body_e,Full Body E,0,Leg extensions,Quads — Isolation,quad_isolation,Quads,4,12–20,90 sec,machines
full_body_5x,Full Body 5×/week,5,advanced,3 of 4,lose,lose,4,full_body_e,Full Body E,1,Seated leg curl,Hamstrings — Isolation,hamstring_isolation,Hamstrings,3,12–15,90 sec,machines
full_body_5x,Full Body 5×/week,5,advanced,3 of 4,lose,lose,4,full_body_e,Full Body E,2,Cable pull-through,Glutes — Compound and Isolation,glute_focused,"Glutes, Glute medius, Adductors",6,10–15,90 sec,cables
full_body_5x,Full Body 5×/week,5,advanced,3 of 4,lose,lose,4,full_body_e,Full Body E,3,Cable lat pullover (rope or bar),Back — Isolation / Lat Stretch,back_isolation,Lats,4,12–15,90 sec,cables
full_body_5x,Full Body 5×/week,5,advanced,3 of 4,lose,lose,4,full_body_e,Full Body E,4,Preacher curl,Biceps,biceps,"Biceps, Brachialis",4,12–15,90 sec,barbell
full_body_5x,Full Body 5×/week,5,advanced,3 of 4,lose,lose,4,full_body_e,Full Body E,5,Standing calf raise,Calves,calves,"Gastrocnemius, Soleus",3,10–15,90 sec,machines
full_body_5x,Full Body 5×/week,5,advanced,4 of 4,endurance,endurance,0,full_body_a,Full Body A,0,Barbell back squat,Quads — Squat Pattern,squat_pattern,"Quads, Glutes, Hamstrings",5,12–20,60 sec,barbell
full_body_5x,Full Body 5×/week,5,advanced,4 of 4,endurance,endurance,0,full_body_a,Full Body A,1,Barbell bench press,Chest — Horizontal Push,chest_horizontal_push,"Chest, Shoulders, Triceps",5,12–20,60 sec,barbell
full_body_5x,Full Body 5×/week,5,advanced,4 of 4,endurance,endurance,0,full_body_a,Full Body A,2,Barbell row,Back — Horizontal Pull (Back Thickness + Inner Back),back_horizontal_pull,"Lats, Rhomboids, Mid-traps, Rear delts, Biceps",4,12–20,60 sec,barbell
full_body_5x,Full Body 5×/week,5,advanced,4 of 4,endurance,endurance,0,full_body_a,Full Body A,3,Cable lateral raise,Shoulders — Side Delt Isolation,shoulders_side_delt,Side deltoids,6,12–20,30–45 sec,cables
full_body_5x,Full Body 5×/week,5,advanced,4 of 4,endurance,endurance,0,full_body_a,Full Body A,4,Overhead tricep extension,Triceps,triceps,Triceps,5,15–25,30–45 sec,cables
full_body_5x,Full Body 5×/week,5,advanced,4 of 4,endurance,endurance,0,full_body_a,Full Body A,5,Standing calf raise,Calves,calves,"Gastrocnemius, Soleus",4,10–15,30–45 sec,machines
full_body_5x,Full Body 5×/week,5,advanced,4 of 4,endurance,endurance,1,full_body_b,Full Body B,0,Romanian deadlift (barbell),Hamstrings and Glutes — Hip Hinge,hip_hinge,"Hamstrings, Glutes, Lower back",4,12–20,60 sec,barbell
full_body_5x,Full Body 5×/week,5,advanced,4 of 4,endurance,endurance,1,full_body_b,Full Body B,1,Incline barbell press,Chest — Incline Push (Upper Chest),chest_incline_push,"Upper chest, Shoulders, Triceps",5,12–20,60 sec,barbell
full_body_5x,Full Body 5×/week,5,advanced,4 of 4,endurance,endurance,1,full_body_b,Full Body B,2,Pull-up (overhand),Back — Vertical Pull (Lat Width),back_vertical_pull,"Lats, Biceps, Rear delts",4,6–10,60 sec,pullup_bar
full_body_5x,Full Body 5×/week,5,advanced,4 of 4,endurance,endurance,1,full_body_b,Full Body B,3,Face pull (cable),Rear Delt and Upper Back,rear_delt,"Rear deltoids, External rotators, Upper traps",5,15–20,30–45 sec,cables
full_body_5x,Full Body 5×/week,5,advanced,4 of 4,endurance,endurance,1,full_body_b,Full Body B,4,Bayesian cable curl,Biceps,biceps,"Biceps, Brachialis",4,15–25,30–45 sec,cables
full_body_5x,Full Body 5×/week,5,advanced,4 of 4,endurance,endurance,1,full_body_b,Full Body B,5,Cable crunch,Core — Weighted Ab Training,core,"Rectus abdominis, Obliques",3,12–20,30–45 sec,cables
full_body_5x,Full Body 5×/week,5,advanced,4 of 4,endurance,endurance,2,full_body_c,Full Body C,0,45° leg press,Quads — Squat Pattern,squat_pattern,"Quads, Glutes, Hamstrings",5,12–20,60 sec,machines
full_body_5x,Full Body 5×/week,5,advanced,4 of 4,endurance,endurance,2,full_body_c,Full Body C,1,Cable crossover (lower chest),Chest — Decline / Lower Chest,chest_decline,"Lower chest, Mid chest, Triceps",4,15–25,30–45 sec,cables
full_body_5x,Full Body 5×/week,5,advanced,4 of 4,endurance,endurance,2,full_body_c,Full Body C,2,Cable row (wide grip / flared elbows),Back — Inner Back / Rhomboids,back_inner,"Rhomboids, Mid-traps, Rear delts",4,10–15,30–45 sec,cables
full_body_5x,Full Body 5×/week,5,advanced,4 of 4,endurance,endurance,2,full_body_c,Full Body C,3,Cable lateral raise,Shoulders — Side Delt Isolation,shoulders_side_delt,Side deltoids,6,12–20,30–45 sec,cables
full_body_5x,Full Body 5×/week,5,advanced,4 of 4,endurance,endurance,2,full_body_c,Full Body C,4,Seated calf raise,Calves,calves,"Gastrocnemius, Soleus",3,10–15,30–45 sec,machines
full_body_5x,Full Body 5×/week,5,advanced,4 of 4,endurance,endurance,2,full_body_c,Full Body C,5,Cable crunch,Core — Weighted Ab Training,core,"Rectus abdominis, Obliques",3,12–20,30–45 sec,cables
full_body_5x,Full Body 5×/week,5,advanced,4 of 4,endurance,endurance,3,full_body_d,Full Body D,0,Conventional deadlift,Hamstrings and Glutes — Hip Hinge,hip_hinge,"Hamstrings, Glutes, Lower back",3,12–20,60 sec,barbell
full_body_5x,Full Body 5×/week,5,advanced,4 of 4,endurance,endurance,3,full_body_d,Full Body D,1,Walking lunge (long stride),Glutes — Compound and Isolation,glute_focused,"Glutes, Glute medius, Adductors",6,10–15,30–45 sec,bodyweight+dumbbells
full_body_5x,Full Body 5×/week,5,advanced,4 of 4,endurance,endurance,3,full_body_d,Full Body D,2,Barbell overhead press,Shoulders — Vertical Push,shoulders_vertical_push,"Shoulders, Triceps, Upper chest",3,12–20,60 sec,barbell
full_body_5x,Full Body 5×/week,5,advanced,4 of 4,endurance,endurance,3,full_body_d,Full Body D,3,Face pull (cable),Rear Delt and Upper Back,rear_delt,"Rear deltoids, External rotators, Upper traps",5,15–20,30–45 sec,cables
full_body_5x,Full Body 5×/week,5,advanced,4 of 4,endurance,endurance,3,full_body_d,Full Body D,4,Cable tricep pushdown (rope or bar),Triceps,triceps,Triceps,5,15–25,30–45 sec,cables
full_body_5x,Full Body 5×/week,5,advanced,4 of 4,endurance,endurance,3,full_body_d,Full Body D,5,Cable crunch,Core — Weighted Ab Training,core,"Rectus abdominis, Obliques",2,12–20,30–45 sec,cables
full_body_5x,Full Body 5×/week,5,advanced,4 of 4,endurance,endurance,4,full_body_e,Full Body E,0,Leg extensions,Quads — Isolation,quad_isolation,Quads,4,12–20,30–45 sec,machines
full_body_5x,Full Body 5×/week,5,advanced,4 of 4,endurance,endurance,4,full_body_e,Full Body E,1,Seated leg curl,Hamstrings — Isolation,hamstring_isolation,Hamstrings,3,15–25,30–45 sec,machines
full_body_5x,Full Body 5×/week,5,advanced,4 of 4,endurance,endurance,4,full_body_e,Full Body E,2,Cable pull-through,Glutes — Compound and Isolation,glute_focused,"Glutes, Glute medius, Adductors",6,10–15,30–45 sec,cables
full_body_5x,Full Body 5×/week,5,advanced,4 of 4,endurance,endurance,4,full_body_e,Full Body E,3,Cable lat pullover (rope or bar),Back — Isolation / Lat Stretch,back_isolation,Lats,4,15–25,30–45 sec,cables
full_body_5x,Full Body 5×/week,5,advanced,4 of 4,endurance,endurance,4,full_body_e,Full Body E,4,Preacher curl,Biceps,biceps,"Biceps, Brachialis",4,15–25,30–45 sec,barbell
full_body_5x,Full Body 5×/week,5,advanced,4 of 4,endurance,endurance,4,full_body_e,Full Body E,5,Standing calf raise,Calves,calves,"Gastrocnemius, Soleus",3,10–15,30–45 sec,machines
